year,pacfa_id,business_type,facility_name,address,city,state,zip_code,county,latitude,longitude
2014,,,104603,,,,,,,
2015,,,2 Blondes All Breed Rescue,7695 Louviers Blvd,Littleton,,80131,Douglas County,39.612653,-105.016198
2016,,,2 Blondes All Breed Rescue,7695 Louviers Blvd,Littleton,,80126,Douglas County,39.612653,-105.016198
2017,,,2 Blondes All Breed Rescue,7695 Louviers Blvd,Littleton,,80126,Douglas County,39.543528,-104.96093
2019,,,2 Blondes All Breed Rescue,7695 Louviers Blvd,Littleton,,80126,Douglas County,39.543528,-104.96093
2020,,Pet Animal Large Rescue,"2 Blondes All Breed Rescue, Inc.",,Lakewood,Co,,Jefferson,,
2021,,Pet Animal Large Rescue,"2 Blondes All Breed Rescue, Inc.",,Lakewood,Co,,Jefferson,,
2022,,Pet Animal Large Rescue,"2 Blondes All Breed Rescue, Inc.",,Lakewood,Co,,Jefferson,,
2023,,Pet Animal Large Rescue,"2 Blondes All Breed Rescue, Inc.",,Lakewood,Co,,Jefferson,,
Licensing,,Pet Animal Large Rescue,"2 Blondes All Breed Rescue, Inc.",,Lakewood,Co,,Jefferson,,
2014,,,256,,,,,,,
2022,,,2nd Chance Vizsla Rescue Inc,,,,,,,
2021,,,"2nd Chance Vizsla Rescue, Inc",,,,,,,
2018,,,"2nd Chance Vizsla Rescue, Inc.",,,,,Larimer County,,
2019,,,"2nd Chance Vizsla Rescue, Inc.",,,,,Larimer County,,
2020,,,"2nd Chance Vizsla Rescue, Inc.",,,,,Larimer County,,
2007,4270.0,,4 Bar D Kennels,40733 Cr 46,Fleming,Co,80728.0,,,
2012,6948.0,Pet Animal Large Rescue,4 Paws 4 Life Rescue,"3000 S Jamaica Ct, Ste 140",Aurora,Co,80014.0,Arapahoe County,39.66155,-104.862327
2013,6948,Pet Animal Large Rescue,4 Paws 4 Life Rescue,"3000 S Jamaica Ct, Ste 140",Aurora,Co,80014.0,Arapahoe County,39.66155,-104.862327
2014,6948,Pet Animal Large Rescue,4 Paws 4 Life Rescue,"3000 Jamaica Court, Suite 140",Aurora ,Co,80014,Arapahoe County,39.66155,-104.862327
2015,6948,Pet Animal Large Rescue,4 Paws 4 Life Rescue,8290 W. Coal Mine Avenue,Aurora ,Co,80123,Jefferson County,39.66155,-104.862327
2016,6948,Pet Animal Large Rescue,4 Paws 4 Life Rescue,8290 W. Coal Mine Avenue,Sedalia,Co,80135,Douglas County,38.704529,-93.236542
2017,6948,Pet Animal Large Rescue,4 Paws 4 Life Rescue,8290 W. Coal Mine Avenue,Sedalia,Co,80135,Douglas County,39.283191,-105.110954
2018,6948,Pet Animal Large Rescue,4 Paws 4 Life Rescue,8290 W. Coal Mine Avenue,Sedalia,Co,80135,Douglas County,39.283191,-105.110954
2019,6948,Pet Animal Large Rescue,4 Paws 4 Life Rescue,8290 W. Coal Mine Avenue,Sedalia,Co,80135,Douglas County,39.283191,-105.110954
2020,6948,Pet Animal Large Rescue,4 Paws 4 Life Rescue,8290 W. Coal Mine Avenue,Sedalia,Co,80135,Douglas County,39.283191,-105.110954
2021,6948,Pet Animal Large Rescue,4 Paws 4 Life Rescue,8290 W. Coal Mine Avenue,Sedalia,Co,80135,Douglas County,39.283191,-105.110954
2022,6948,Pet Animal Large Rescue,4 Paws 4 Life Rescue,8290 W. Coal Mine Avenue,Sedalia,Co,80135,Douglas County,39.283191,-105.110954
2023,6948,Pet Animal Large Rescue,4 Paws 4 Life Rescue,8290 W. Coal Mine Avenue,Sedalia,Co,80135,Douglas County,39.283191,-105.110954
Licensing,6948,Pet Animal Large Rescue,4 Paws 4 Life Rescue,8290 W. Coal Mine Avenue,Sedalia,Co,80135,Douglas,39.283191,-105.110954
Licensing,6948,Pet Animal Small Shelter,4 Paws 4 Life Rescue,8290 W. Coal Mine Avenue,Sedalia,Co,80135,Douglas,39.283191,-105.110954
2007,4636.0,,4 Paws Rescue,1332 Imperial Dr.,Colorado Springs,Co,80918.0,El Paso County,,
2008,4636,,4 Paws Rescue,1332 Imperial Dr.,Colorado Springs,Co,80918.0,El Paso County,,
2009,4636,,4 Paws Rescue,1332 Imperial Dr.,Colorado Springs,Co,80918.0,El Paso County,,
2010,4636,,4 Paws Rescue,1332 Imperial Dr.,Colorado Springs,Co,80918.0,El Paso County,,
2011,4636,,4 Paws Rescue,1332 Imperial Dr.,Colorado Springs,Co,80918.0,El Paso County,,
2012,4636.0,,4 Paws Rescue,1332 Imperial Dr.,Colorado Springs,Co,80918.0,El Paso County,,
2013,4636,,4 Paws Rescue,1332 Imperial Dr.,Colorado Springs,Co,80918.0,El Paso County,,
2014,4636,,4 Paws Rescue,PO Box 60067,Colo Spgs ,Co,80960,El Paso County,,
2015,4636,,4 Paws Rescue,8677 Saddleman Road,Colo Spgs ,Co,80831,El Paso County,,
Licensing,,Pet Animal Small Shelter,5280 Reptile Room LLC,,Wheat Ridge,Co,,Jefferson,,
Licensing,,Pet Animal Small Shelter,5280 Reptile Room LLC,,Northglenn,Co,,Adams,,
2023,,,5280 Reptile Room North,,,,,,,
2023,,,5280 Reptile Room west,,,,,,,
2014,,,64521,,,,,,,
2022,,,7 Paws Rescue Ranch,,,,,,,
2023,,,7 Paws Rescue Ranch,,,,,,,
2007,2540.0,Pet Animal Small Rescue,9 Lives Rescue,2159 Brookwood Dr.,Colorado Springs,Co,80918.0,El Paso County,38.874109,-104.719462
2008,2540,Pet Animal Small Rescue,9 Lives Rescue,2159 Brookwood Dr.,Colorado Springs,Co,80918.0,El Paso County,38.874109,-104.719462
2009,2540,Pet Animal Small Rescue,9 Lives Rescue,2159 Brookwood Dr.,Colorado Springs,Co,80918.0,El Paso County,38.874109,-104.719462
2010,2540,Pet Animal Small Rescue,9 Lives Rescue,P.O. Box 75183,Colorado Springs,Co,80970.0,El Paso County,38.874109,-104.719462
2011,2540,Pet Animal Small Rescue,9 Lives Rescue,2159 Brookwood Dr.,Colorado Springs,Co,80918.0,El Paso County,38.874109,-104.719462
2012,2540.0,Pet Animal Small Rescue,9 Lives Rescue,2159 Brookwood Dr.,Colorado Springs,Co,80918.0,El Paso County,38.874109,-104.719462
2013,2540,Pet Animal Small Rescue,9 Lives Rescue,2159 Brookwood Dr.,Colorado Springs,Co,80918.0,El Paso County,38.874109,-104.719462
2014,2540,Pet Animal Small Rescue,9 Lives Rescue,2965 New Center Pt,"Colorado Springs, Colorado ",Co,80922,El Paso County,38.874109,-104.719462
2015,2540,Pet Animal Small Rescue,9 Lives Rescue,2965 New Center Point,"Colorado Springs, Colorado ",Co,80922,El Paso County,38.874109,-104.719462
2016,2540,Pet Animal Small Rescue,9 Lives Rescue,2965 New Center Point,Colorado Springs,Co,80922,El Paso County,38.835224,-104.819798
2017,2540,Pet Animal Small Rescue,9 Lives Rescue,2965 New Center Point,Colorado Springs,Co,80922,El Paso County,38.891441,-104.701368
2018,2540,Pet Animal Small Rescue,9 Lives Rescue,2965 New Center Point,Colorado Springs,Co,80922,El Paso County,38.891441,-104.701368
2019,2540,Pet Animal Small Rescue,9 Lives Rescue,2965 New Center Point,Colorado Springs,Co,80922,El Paso County,38.891441,-104.701368
2020,2540,Pet Animal Small Rescue,9 Lives Rescue,2965 New Center Point,Colorado Springs,Co,80922,El Paso County,38.891441,-104.701368
2021,2540,Pet Animal Small Rescue,9 Lives Rescue,2965 New Center Point,Colorado Springs,Co,80922,El Paso County,38.891441,-104.701368
2022,2540,Pet Animal Small Rescue,9 Lives Rescue,2965 New Center Point,Colorado Springs,Co,80922,El Paso County,38.891441,-104.701368
2023,2540,Pet Animal Small Rescue,9 Lives Rescue,2965 New Center Point,Colorado Springs,Co,80922,El Paso County,38.891441,-104.701368
Licensing,2540,Pet Animal Small Rescue,9 Lives Rescue,2965 New Center Point,Colorado Springs,Co,80922,El Paso,38.891441,-104.701368
2021,,Pet Animal Small Shelter,A Cat Rescue Out in the Sticks,,Eckley,Co,,Yuma,,
Licensing,,Pet Animal Small Shelter,A Cat Rescue Out in the Sticks,,Eckley,Co,,Yuma,,
Licensing,,Pet Animal Large Rescue,"A Dog Named Black Jack Animal Rescue Recovery, Inc.",,Lakewood,Co,,Jefferson,,
2020,,Pet Animal Large Rescue,A Friend of Jack Rescue,,Denver,Co,,Denver,,
2021,,Pet Animal Large Rescue,A Friend of Jack Rescue,,Denver,Co,,Denver,,
2022,,Pet Animal Large Rescue,A Friend of Jack Rescue,,Denver,Co,,Denver,,
2023,,Pet Animal Large Rescue,A Friend of Jack Rescue,,Denver,Co,,Denver,,
Licensing,,Pet Animal Large Rescue,A Friend of Jack Rescue,,Denver,Co,,Denver,,
2010,6051,,A Puppy'S Voice,9048 W. 101st Ave.,Westminster,Co,80021.0,,,
2012,6051.0,,A Puppy's Voice,9048 W. 101st Ave.,Westminster,Co,80021.0,Jefferson County,39.881233,-105.098262
2013,6051,,A Puppy's Voice,9048 W. 101st Ave.,Westminster,Co,80021.0,Jefferson County,39.881233,-105.098262
2014,6051,,A Puppy's Voice,9048 W 101st Ave,Westminster ,Co,80021,Jefferson County,39.881233,-105.098262
2010,6522,,A Soft Place To Land,122 W Myrtle Street,Ft. Collins,Co ,80521.0,,,
2011,6522,,A Soft Place to Land,1122 W. Myrtle St.,Fort Collins,Co ,80521.0,Larimer County,40.580516,-105.096629
2012,6522.0,,A Soft Place to Land,1122 W. Myrtle St.,Fort Collins,Co ,80521.0,Larimer County,40.580516,-105.096629
2013,6522,,A Soft Place to Land,1122 W. Myrtle St.,Fort Collins,Co ,80521.0,Larimer County,40.580516,-105.096629
2014,6522,,A Soft Place to Land,1122 W. Myrtle St,Ft. Collins ,Co ,80521,Larimer County,40.580516,-105.096629
2022,,,A cat rescue out in the sticks,,,,,,,
2023,,,A cat rescue out in the sticks,,,,,,,
2008,5962,,ACC Ranch,9991 County Line Rd,Peyton,Co,80831.0,,,
2009,5962,,ACC Ranch,9991 County Line Rd,Peyton,Co,80831.0,,,
2021,,,ARR Just Cats Cat Cottage,,,,,,,
2019,,,AWR Cat Tails Rescue,,,,,,,
2018,,,AWR Cat Tails Rescue Inc.,,,,,Pueblo County,,
2022,,Pet Animal Small Rescue,Above and Beyond English Setter Rescue,,Parker,Co,,Douglas,,
2023,,Pet Animal Small Rescue,Above and Beyond English Setter Rescue,,Parker,Co,,Douglas,,
Licensing,,Pet Animal Small Rescue,Above and Beyond English Setter Rescue,,Parker,Co,,Douglas,,
2017,,,Acadiana Animal Aid,,Walsenburg,,81089,Huerfano County,37.654968,-104.803148
2018,,,Acadiana Animal Aid,,Walsenburg,,81089,Huerfano County,37.654968,-104.803148
2019,,,Acadiana Animal Aid,,Walsenburg,,81089,Huerfano County,37.654968,-104.803148
2020,,,Acadiana Animal Aid,,Walsenburg,,81089,Huerfano County,37.654968,-104.803148
2021,,,Acadiana Animal Aid,,Walsenburg,,81089,Huerfano County,37.654968,-104.803148
2022,,,Acadiana Animal Aid,,Walsenburg,,81089,Huerfano County,37.654968,-104.803148
2007,4184.0,,Adams County Animal Shelter & Adoption Center,10705 Fulton,Brighton,Co,80601.0,Adams County,39.969078,-104.800393
2008,4184,,Adams County Animal Shelter & Adoption Center,10705 Fulton,Brighton,Co,80601.0,Adams County,39.969078,-104.800393
2009,4184,,Adams County Animal Shelter & Adoption Center,10705 Fulton,Brighton,Co,80601.0,Adams County,39.969078,-104.800393
2010,4184,,Adams County Animal Shelter & Adoption Center,10705 Fulton,Brighton,Co,80601.0,Adams County,39.969078,-104.800393
2011,4184,,Adams County Animal Shelter & Adoption Center,10705 Fulton,Brighton,Co,80601.0,Adams County,39.969078,-104.800393
2012,4184.0,,Adams County Animal Shelter & Adoption Center,10705 Fulton,Brighton,Co,80601.0,Adams County,39.969078,-104.800393
2013,4184,,Adams County Animal Shelter & Adoption Center,10705 Fulton,Brighton,Co,80601.0,Adams County,39.969078,-104.800393
2017,4184,,Adams County Animal Shelter & Adoption Center,10705 Fulton,Brighton,Co,80601,Adams County,39.969078,-104.800393
2018,4184,,Adams County Animal Shelter & Adoption Center,10705 Fulton,Brighton,Co,80601,Adams County,39.969078,-104.800393
2019,4184,,Adams County Animal Shelter & Adoption Center,10705 Fulton,Brighton,Co,80601,Adams County,39.969078,-104.800393
Licensing,,Pet Animal Large Shelter,Adams County Animal Shelter / Adoption Center,,Brighton,Co,,Adams,,
2014,,,Adams County Animal Shelter/ Adoption Center,10705 Fulton St,Brighton ,,80601,Adams County,39.891415,-104.869934
2015,,,Adams County Animal Shelter/ Adoption Center,10705 Fulton St,Brighton ,,80601,Adams County,39.891415,-104.869934
2016,,,Adams County Animal Shelter/ Adoption Center,10705 Fulton St,Brighton,,80601,Adams County,39.986767,-104.812604
2014,,,Adoptable Animal Rescue Force,PO Box 187,Divide ,,80814,Teller County,40.889065,-74.192841
2015,,,Adoptable Animal Rescue Force,208 US Highway 24,Divide ,,80863,Teller County,40.889065,-74.192841
2016,,,Adoptable Animal Rescue Force,208 US Highway 24,Woodland Park,,80863,Teller County,40.889065,-74.192841
2017,,,Adoptable Animal Rescue Force,208 US Highway 24,Woodland Park,,80863,Teller County,39.005017,-105.06791
2018,,,Adoptable Animal Rescue Force,208 US Highway 24,Woodland Park,,80863,Teller County,39.005017,-105.06791
2019,,,Adoptable Animal Rescue Force,208 US Highway 24,Woodland Park,,80863,Teller County,39.005017,-105.06791
2020,,,Adoptable Animal Rescue Force,208 US Highway 24,Woodland Park,,80863,Teller County,39.005017,-105.06791
2021,,,Adoptable Animal Rescue Force,208 US Highway 24,Woodland Park,,80863,Teller County,39.005017,-105.06791
2022,,,Adoptable Animal Rescue Force,208 US Highway 24,Woodland Park,,80863,Teller County,39.005017,-105.06791
2023,,,Adoptable Animal Rescue Force,208 US Highway 24,Woodland Park,,80863,Teller County,39.005017,-105.06791
2022,,,Agents Of Chaos TNR,,,,,,,
2023,,Pet Animal Small Rescue,Agents of Chaos TNR,,Northglenn,Co,,Adams,,
Licensing,,Pet Animal Small Rescue,Agents of Chaos TNR,,Northglenn,Co,,Adams,,
2007,5083.0,Pet Animal Small Rescue,Airedale Terrier Rescue & Adoption,500 E. Lake Ave.,Woodland Park,Co,80863.0,Boulder,,
2020,5083.0,Pet Animal Small Rescue,Airedale Terrier Rescue & Adoption,500 E. Lake Ave.,Woodland Park,Co,80863.0,Boulder,,
Licensing,5083.0,Pet Animal Small Rescue,Airedale Terrier Rescue & Adoption,500 E. Lake Ave.,Boulder,Co,80863.0,Boulder,,
2019,,,Airedale Terrier Rescue and Adoption,,,,,,,
2018,,,Airedale Terrier Rescue and Adoption ,,,,,Adams County,,
2021,,,Airedale Terrier Rescue and Adoption (ATRA),,,,,,,
2022,,,Airedale Terrier Rescue and Adoption (ATRA),,,,,,,
2023,,,Airedale Terrier Rescue and Adoption (ATRA),,,,,,,
2010,1502,,Akron Animal Shelter,602 W. 1st,Akron,Co,80720.0,,,
2021,,,All 4s Rescue League,,,,,,,
2022,,,All 4s Rescue League,,,,,,,
2014,,,All Aboard Animal Rescue,2613 Bradbury Court,Fort Collins ,,80521,Larimer County,40.569988,-105.125373
2018,,,All Aboard Animal Rescue,2613 Bradbury Court,Fort Collins ,,80521,Larimer County,40.569988,-105.125373
2020,,,All Aboard Animal Rescue,2613 Bradbury Court,Fort Collins ,,80521,Larimer County,40.569988,-105.125373
2021,,,All Aboard Animal Rescue,2613 Bradbury Court,Fort Collins ,,80521,Larimer County,40.569988,-105.125373
2022,,,All Aboard Animal Rescue,2613 Bradbury Court,Fort Collins ,,80521,Larimer County,40.569988,-105.125373
2023,,,All Aboard Animal Rescue,2613 Bradbury Court,Fort Collins ,,80521,Larimer County,40.569988,-105.125373
2019,,,All Aboard Animal Rescue ,,,,,,,
2015,,,All Aboard Animal Rescue & Shelter,1721 West Harmony Road Unit #104,Fort Collins,,80526,Weld County,40.588972,-105.082459
2016,,,All Aboard Animal Rescue & Shelter,1721 West Harmony Road Unit #104,Fort Collins,,80526,Larimer County,40.588972,-105.082459
2013,7093,,All Aboard Animal Rescue and Shelter,2613 Bradbury Court,Ft Collins,Co,80521.0,,,
2017,,Pet Animal Large Rescue,"All Aboard Animal Rescue and Shelter, Inc.",,Fort Collins,Co,80526,Larimer County,40.534366,-105.115142
Licensing,,Pet Animal Large Rescue,"All Aboard Animal Rescue and Shelter, Inc.",,Fort Collins,Co,80526,Larimer,40.534366,-105.115142
2017,,,All Breed Rescue & Training,,Colorado Springs,,80907,El Paso County,38.87773,-104.821147
2018,,,All Breed Rescue & Training,,Colorado Springs,,80907,El Paso County,38.87773,-104.821147
2019,,,All Breed Rescue & Training,,Colorado Springs,,80907,El Paso County,38.87773,-104.821147
2020,,,All Breed Rescue & Training,,Colorado Springs,,80907,El Paso County,38.87773,-104.821147
2021,,,All Breed Rescue & Training,,Colorado Springs,,80907,El Paso County,38.87773,-104.821147
2022,,,All Breed Rescue & Training,,Colorado Springs,,80907,El Paso County,38.87773,-104.821147
2011,6831,,All Ears Basset Sanctuary,8625 W. 1st Ave,Lakewood,Co,80226.0,Douglas County,39.521302,-104.951629
2012,6831.0,,All Ears Basset Sanctuary,8625 W. 1st Ave,Lakewood,Co,80226.0,Douglas County,39.521302,-104.951629
2013,6831,,All Ears Basset Sanctuary,8625 W. 1st Ave,Lakewood,Co,80226.0,Douglas County,39.521302,-104.951629
2014,6831,,All Ears Basset Sanctuary,3121 Red Haven Way,Littleton ,Co,80126,Douglas County,39.521302,-104.951629
2015,6831,,All Ears Basset Sanctuary,3121 Redhaven Way,Littleton ,Co,80126,Douglas County,39.521302,-104.951629
2022,,Pet Animal Small Rescue,All Mixed Up Dog Rescue,,Fort Morgan,Co,,Morgan,,
2023,,Pet Animal Small Rescue,All Mixed Up Dog Rescue,,Fort Morgan,Co,,Morgan,,
Licensing,,Pet Animal Small Rescue,All Mixed Up Dog Rescue,,Fort Morgan,Co,,Morgan,,
2017,,,All Paws Matter,,Englewood,,80110,Arapahoe County,39.6467,-105.007278
2020,,,All Paws Matter,,Englewood,,80110,Arapahoe County,39.6467,-105.007278
2018,,,All Paws Matter ,,,,,Arapahoe County,,
2019,,,All Paws Matter ,,,,,Arapahoe County,,
2022,,,All Points West GSP Rescue,,,,,,,
2019,,,All Points West German Shorthaired Pointer (GSP) Rescue,,,,,,,
2020,,Pet Animal Small Rescue,All Points West German Shorthaired Pointer Rescue,,Northglenn,Co,,Adams,,
2021,,Pet Animal Small Rescue,All Points West German Shorthaired Pointer Rescue,,Northglenn,Co,,Adams,,
2023,,Pet Animal Small Rescue,All Points West German Shorthaired Pointer Rescue,,Northglenn,Co,,Adams,,
Licensing,,Pet Animal Small Rescue,All Points West German Shorthaired Pointer Rescue,,Northglenn,Co,,Adams,,
2007,4427.0,,"All Star Pets, Llc",708 Main St.,Canon City,Co,81212.0,,,
2008,4427,,"All Star Pets, Llc",708 Main St.,Canon City,Co,81212.0,,,
2009,4427,,"All Star Pets, Llc",708 Main St.,Canon City,Co,81212.0,,,
2007,5230.0,Pet Animal Small Shelter,Almost Home Adoptions,7713 W. 92Nd Ave.,Westminster,Co,80021.0,Adams County,39.856434,-105.063376
2008,5230,Pet Animal Small Shelter,Almost Home Adoptions,7713 W. 92Nd Ave.,Westminster,Co,80021.0,Adams County,39.856434,-105.063376
2009,5230,Pet Animal Small Shelter,Almost Home Adoptions,7713 W. 92Nd Ave.,Westminster,Co,80021.0,Adams County,39.856434,-105.063376
2010,5230,Pet Animal Small Shelter,Almost Home Adoptions,7713 W. 92nd Ave.,Westminster,Co,80021.0,Adams County,39.856434,-105.063376
2014,5230,Pet Animal Small Shelter,Almost Home Adoptions,6010 W 88th Ave,Westminster ,Co,80031,Adams County,39.856434,-105.063376
2016,5230,Pet Animal Small Shelter,Almost Home Adoptions,6010 W 88th Ave,Westminster,Co,80031,Jefferson County,39.863462,-105.050335
2017,5230,Pet Animal Small Shelter,Almost Home Adoptions,6010 W 88th Ave,Westminster,Co,80031,Jefferson County,39.874619,-105.039583
2018,5230,Pet Animal Small Shelter,Almost Home Adoptions,6010 W 88th Ave,Westminster,Co,80031,Jefferson County,39.874619,-105.039583
2019,5230,Pet Animal Small Shelter,Almost Home Adoptions,6010 W 88th Ave,Westminster,Co,80031,Jefferson County,39.874619,-105.039583
2020,5230,Pet Animal Small Shelter,Almost Home Adoptions,6010 W 88th Ave,Westminster,Co,80031,Jefferson County,39.874619,-105.039583
2021,5230,Pet Animal Small Shelter,Almost Home Adoptions,6010 W 88th Ave,Westminster,Co,80031,Jefferson County,39.874619,-105.039583
2022,5230,Pet Animal Small Shelter,Almost Home Adoptions,6010 W 88th Ave,Westminster,Co,80031,Jefferson County,39.874619,-105.039583
2023,5230,Pet Animal Small Shelter,Almost Home Adoptions,6010 W 88th Ave,Westminster,Co,80031,Jefferson County,39.874619,-105.039583
Licensing,5230,Pet Animal Small Shelter,Almost Home Adoptions,6010 W 88th Ave,Westminster,Co,80031,Jefferson,39.874619,-105.039583
2011,6795,,Almost Home Adoptions for Rescued Cats,6010 W. 88th Ave.,Westminster,Co,80021.0,,,
2012,6795.0,,Almost Home Adoptions for Rescued Cats,6010 W. 88th Ave.,Westminster,Co,80021.0,,,
2013,6795,,Almost Home Adoptions for Rescued Cats,6010 W. 88th Ave.,Westminster,Co,80021.0,,,
2015,,,Almost Home Adoptions for rescued cats,6010 W. 88th Ave,,,80031,Jefferson County,,
2010,4855,,Alpha Humane Organization,8650 Country Rd,Monte Vista,Co,81144.0,,,
2007,515.0,,Alpine Meadows Ranch & Kennels,329 Holland Hills Rd.,Basalt,Co,81621.0,,,
2008,515,,Alpine Meadows Ranch & Kennels,329 Holland Hills Rd.,Basalt,Co,81621.0,,,
2019,,,American Bullmastiff Assoc. Rescue Inc,,,,,,,
2021,,Pet Animal Small Rescue,Amigos de los Animales Colorado,,Littleton,Co,,Jefferson,,
2022,,Pet Animal Small Rescue,Amigos de los Animales Colorado,,Littleton,Co,,Jefferson,,
2023,,Pet Animal Small Rescue,Amigos de los Animales Colorado,,Littleton,Co,,Jefferson,,
Licensing,,Pet Animal Small Rescue,Amigos de los Animales Colorado,,Littleton,Co,,Jefferson,,
2007,5477.0,,Angel's Nest Kennel,13800 Canter Rd.,Falcon,Co,80831.0,,,
2007,4541.0,,Angels With Paws,2540 Youngfield St.,Lakewood,Co,80215.0,Jefferson County,39.753347,-105.1424
2008,4541,,Angels With Paws,2540 Youngfield St.,Lakewood,Co,80215.0,Jefferson County,39.753347,-105.1424
2009,4541,,Angels With Paws,2540 Youngfield St.,Lakewood,Co,80215.0,Jefferson County,39.753347,-105.1424
2010,4541,,Angels With Paws,2540 Youngfield St.,Lakewood,Co,80215.0,Jefferson County,39.753347,-105.1424
2011,4541,,Angels With Paws,2540 Youngfield St.,Lakewood,Co,80215.0,Jefferson County,39.753347,-105.1424
2012,4541.0,,Angels With Paws,2540 Youngfield St.,Lakewood,Co,80215.0,Jefferson County,39.753347,-105.1424
2013,4541,,Angels With Paws,2540 Youngfield St.,Lakewood,Co,80215.0,Jefferson County,39.753347,-105.1424
2014,4541,,Angels With Paws,2540 Youngfield St,Lakewood ,Co,80215,Jefferson County,39.753347,-105.1424
2015,4541,,Angels With Paws,2540 Youngfield St,Lakewood ,Co,80215,Jefferson County,39.753347,-105.1424
2017,4541,,Angels With Paws,2540 Youngfield St,Lakewood,Co,80215,Jefferson County,39.743677,-105.115273
2016,,Pet Animal Small Shelter,Angels with Paws,,Lakewood,Co,80215,Jefferson County,39.710997,-105.088872
2018,,Pet Animal Small Shelter,Angels with Paws,,Lakewood,Co,80215,Jefferson County,39.710997,-105.088872
2019,,Pet Animal Small Shelter,Angels with Paws,,Lakewood,Co,80215,Jefferson County,39.710997,-105.088872
2020,,Pet Animal Small Shelter,Angels with Paws,,Lakewood,Co,80215,Jefferson County,39.710997,-105.088872
2021,,Pet Animal Small Shelter,Angels with Paws,,Lakewood,Co,80215,Jefferson County,39.710997,-105.088872
2022,,Pet Animal Small Shelter,Angels with Paws,,Lakewood,Co,80215,Jefferson County,39.710997,-105.088872
2023,,Pet Animal Small Shelter,Angels with Paws,,Lakewood,Co,80215,Jefferson County,39.710997,-105.088872
Licensing,,Pet Animal Small Shelter,Angels with Paws,,Lakewood,Co,80215,Jefferson,39.710997,-105.088872
2021,,Pet Animal Small Shelter,Animal Aid of Colorado,,Berthoud,Co,,Larimer,,
2022,,Pet Animal Small Shelter,Animal Aid of Colorado,,Berthoud,Co,,Larimer,,
2023,,Pet Animal Small Shelter,Animal Aid of Colorado,,Berthoud,Co,,Larimer,,
Licensing,,Pet Animal Small Shelter,Animal Aid of Colorado,,Berthoud,Co,,Larimer,,
2023,,,Animal Attraction,,,,,,,
2020,,,Animal Attraction LLC,,,,,,,
2021,,,Animal Attraction LLC,,,,,,,
2022,,,Animal Attraction LLC,,,,,,,
Licensing,,Pet Animal Small Shelter,"Animal Attraction, LLC",,Greeley,Co,,Weld,,
2007,1161.0,,Animal Clinic Of Julesburg,809 W 3Rd St.,Julesburg,Co,80737.0,,,
2008,1161,,Animal Clinic Of Julesburg,809 W 3Rd St.,Julesburg,Co,80737.0,,,
2009,1161,,Animal Clinic Of Julesburg,809 W 3Rd St.,Julesburg,Co,80737.0,,,
2010,1161,,Animal Clinic Of Julesburg,809 W 3rd St.,Julesburg,Co,80737.0,,,
2011,1161,,Animal Clinic Of Julesburg,809 W 3Rd St.,Julesburg,Co,80737.0,,,
2012,1161.0,,Animal Clinic Of Julesburg,809 W 3Rd St.,Julesburg,Co,80737.0,,,
2013,1161,,Animal Clinic Of Julesburg,809 W 3Rd St.,Julesburg,Co,80737.0,,,
2014,,,Animal Clinic of Julesburg,809 W 3rd  St,Julesburg ,,80737,Sedgwick County,40.983887,-102.271767
2015,,,Animal Clinic of Julesburg,809 West 3rd Street,Julesburg ,,80737,Sedgwick County,40.983887,-102.271767
2016,,,Animal Clinic of Julesburg,809 West 3rd Street,Julesburg,,80737,Sedgwick County,40.986476,-102.262325
2017,,,Animal Clinic of Julesburg,809 West 3rd Street,Julesburg,,80737,Sedgwick County,40.877767,-102.187323
Licensing,,Pet Animal Small Shelter,"Animal Den, Inc.",,Eaton,Co,,Weld,,
2020,,Pet Animal Small Shelter,Animal Friends Alliance,,Fort Collins,Co,,Larimer,,
2021,,Pet Animal Small Shelter,Animal Friends Alliance,,Fort Collins,Co,,Larimer,,
2022,,Pet Animal Small Shelter,Animal Friends Alliance,,Fort Collins,Co,,Larimer,,
2023,,Pet Animal Small Shelter,Animal Friends Alliance,,Fort Collins,Co,,Larimer,,
Licensing,,Pet Animal Small Shelter,Animal Friends Alliance,,Fort Collins,Co,,Larimer,,
Licensing,,Pet Animal Small Shelter,Animal Friends Alliance,,Westminster,Co,,Jefferson,,
2016,,,Animal House Pets & Grooming,,Fort Collin,,80521,Larimer County,40.588972,-105.082459
2018,,,Animal House Pets & Grooming,,Fort Collin,,80521,Larimer County,40.588972,-105.082459
2007,5597.0,,"Animal House Pets & Grooming, Inc.",1104 W. Vine Dr.,Fort Collins,Co,80521.0,Larimer County,40.624808,-105.028464
2008,5597,,"Animal House Pets & Grooming, Inc.",1104 W. Vine Dr.,Fort Collins,Co,80521.0,Larimer County,40.624808,-105.028464
2009,5597,,"Animal House Pets & Grooming, Inc.",1104 W. Vine Dr.,Fort Collins,Co,80521.0,Larimer County,40.624808,-105.028464
2011,5597,,"Animal House Pets & Grooming, Inc.",1104 W. Vine Dr.,Fort Collins,Co,80521.0,Larimer County,40.624808,-105.028464
2012,5597.0,,"Animal House Pets & Grooming, Inc.",1104 W. Vine Dr.,Fort Collins,Co,80521.0,Larimer County,40.624808,-105.028464
2013,5597,,"Animal House Pets & Grooming, Inc.",1104 W. Vine Dr.,Fort Collins,Co,80521.0,Larimer County,40.624808,-105.028464
2017,5597,,"Animal House Pets & Grooming, Inc.",1104 W. Vine Dr.,Fort Collins,Co,80524,Larimer County,40.624808,-105.028464
2010,5597,,Animal House Rescue,1104 W. Vine Dr.,Fc,Co,80521.0,Larimer County,,
2015,5597,,Animal House Rescue,1104 West Vine Drive,Fc,Co,80521,Larimer County,,
2014,,,Animal House Rescue & Grooming,1104 W Vine Dr,Ft Collins ,,80521,Larimer County,40.596325,-105.096349
2019,,,Animal House Rescue & Grooming,1104 W Vine Dr,Ft Collins ,,80521,Larimer County,40.596325,-105.096349
2007,805.0,,Animal Kingdom,339 S. Santa Fe,Pueblo,Co,81003.0,,,
2019,805.0,,Animal Kingdom,339 S. Santa Fe,Pueblo,Co,81003.0,,,
2020,805.0,,Animal Kingdom,339 S. Santa Fe,Pueblo,Co,81003.0,,,
2021,805.0,,Animal Kingdom,339 S. Santa Fe,Pueblo,Co,81003.0,,,
2022,805.0,,Animal Kingdom,339 S. Santa Fe,Pueblo,Co,81003.0,,,
2023,805.0,,Animal Kingdom,339 S. Santa Fe,Pueblo,Co,81003.0,,,
2018,,,Animal Kingdom & Ponds by Jeff,,,,,Pueblo County,,
2007,4855.0,,Animal Loving People Helping Animals (Alpha) Humane,0086 So. Rd. 1 East,Monte Vista,Co,81144.0,,,
2008,4855,,Animal Loving People Helping Animals (Alpha) Humane,0086 So. Rd. 1 East,Monte Vista,Co,81144.0,,,
2009,4855,,Animal Loving People Helping Animals (Alpha) Humane,0086 So. Rd. 1 East,Monte Vista,Co,81144.0,,,
2011,4855,,Animal Loving People Helping Animals (Alpha) Humane,0086 So. Rd. 1 East,Monte Vista,Co,81144.0,,,
2012,4855.0,,Animal Loving People Helping Animals (Alpha) Humane,0086 So. Rd. 1 East,Monte Vista,Co,81144.0,,,
2007,689.0,,"Animal Medical Center Of Estes Park, P.C.",1260 Manford Ave,Estes Park,Co,80517.0,,,
2008,689,,"Animal Medical Center Of Estes Park, P.C.",1260 Manford Ave,Estes Park,Co,80517.0,,,
2007,626.0,,Animal Rescue & Adoption Society,2390 S. Delaware,Denver,Co,80223.0,,,
2008,626,,Animal Rescue & Adoption Society,2390 S. Delaware,Denver,Co,80223.0,,,
2009,626,,Animal Rescue & Adoption Society,2390 S. Delaware,Denver,Co,80223.0,,,
2010,626,,Animal Rescue & Adoption Society,2390 S. Delaware,Denver,Co,80223.0,,,
2011,626,,Animal Rescue & Adoption Society,2390 S. Delaware,Denver,Co,80223.0,,,
2012,626.0,,Animal Rescue & Adoption Society,2390 S. Delaware,Denver,Co,80223.0,,,
2013,626,,Animal Rescue & Adoption Society,2390 S. Delaware,Denver,Co,80223.0,,,
2014,,,"Animal Rescue Connection, Inc",1362 Merl Place,Longmont ,,80501,Boulder County,40.194065,-105.111333
2008,5937,,"Animal Rescue Connection, Inc.",4095 W. 16th St. Rd,Greeley,Co,80634.0,Boulder County,40.165729,-105.101194
2009,5937,,"Animal Rescue Connection, Inc.",4095 W. 16th St. Rd,Greeley,Co,80634.0,Boulder County,40.165729,-105.101194
2010,5937,,"Animal Rescue Connection, Inc.",4095 W. 16th St. Rd,Greeley,Co,80634.0,Boulder County,40.165729,-105.101194
2011,5937,,"Animal Rescue Connection, Inc.",4095 W. 16th St. Rd,Greeley,Co,80634.0,Boulder County,40.165729,-105.101194
2012,5937.0,,"Animal Rescue Connection, Inc.",4095 W. 16th St. Rd,Greeley,Co,80634.0,Boulder County,40.165729,-105.101194
2013,5937,,"Animal Rescue Connection, Inc.",1362 Merl Pl,Longmont,Co,80502.0,Boulder County,40.165729,-105.101194
2015,5937,,"Animal Rescue Connection, Inc.",2645 9th Ave,Longmont,Co,80503,Boulder County,40.165729,-105.101194
2016,5937,,"Animal Rescue Connection, Inc.",2645 9th Ave,Longmont,Co,80504,Boulder County,40.165729,-105.101194
2017,5937,,"Animal Rescue Connection, Inc.",2645 9th Ave,Longmont,Co,80503,Boulder County,40.157538,-105.185328
2007,5292.0,,Animal Rescue Foundation,1459 Cr 102,Carbondale,Co,81623.0,,,
2008,5292,,Animal Rescue Foundation,1459 Cr 102,Carbondale,Co,81623.0,,,
2009,5292,,Animal Rescue Foundation,1459 Cr 102,Carbondale,Co,81623.0,,,
2010,5292,,Animal Rescue Foundation,1459 Cr 102,Carbondale,Co,81623.0,,,
2010,5667,,Animal Rescue Of The Rockies,0557 Brokenlance Dr.,Breckenridge,Co,80424.0,,,
2007,5667.0,Pet Animal Small Shelter,Animal Rescue of the Rockies,0577A Broken Lance,Breckenridge,Co,80424.0,Summit County,39.468782,-106.044573
2008,5667,Pet Animal Small Shelter,Animal Rescue of the Rockies,0577A Broken Lance,Breckenridge,Co,80424.0,Summit County,39.468782,-106.044573
2009,5667,Pet Animal Small Shelter,Animal Rescue of the Rockies,0577A Broken Lance,Breckenridge,Co,80424.0,Summit County,39.468782,-106.044573
2011,5667,Pet Animal Small Shelter,Animal Rescue of the Rockies,0577A Broken Lance,Breckenridge,Co,80424.0,Summit County,39.468782,-106.044573
2012,5667.0,Pet Animal Small Shelter,Animal Rescue of the Rockies,0577A Broken Lance,Breckenridge,Co,80424.0,Summit County,39.468782,-106.044573
2013,5667,Pet Animal Small Shelter,Animal Rescue of the Rockies,0577A Broken Lance,Breckenridge,Co,80424.0,Summit County,39.468782,-106.044573
2014,5667,Pet Animal Small Shelter,Animal Rescue of the Rockies,"0557 Broken Lance Dr, Box 6429",Breckenridge ,Co,80424,Summit County,39.468782,-106.044573
2015,5667,Pet Animal Small Shelter,Animal Rescue of the Rockies,0557 Broken Lance Drive,Breckenridge ,Co,80424,Summit County,39.468782,-106.044573
2016,5667,Pet Animal Small Shelter,Animal Rescue of the Rockies,0557 Broken Lance Drive,Breckenridge,Co,80424,Summit County,39.498185,-106.046225
2017,5667,Pet Animal Small Shelter,Animal Rescue of the Rockies,0557 Broken Lance Drive,Fruita,Co,81521,Mesa County,39.191201,-108.709898
2018,5667,Pet Animal Small Shelter,Animal Rescue of the Rockies,0557 Broken Lance Drive,Fruita,Co,81521,Mesa County,39.191201,-108.709898
2019,5667,Pet Animal Small Shelter,Animal Rescue of the Rockies,0557 Broken Lance Drive,Fruita,Co,81521,Mesa County,39.191201,-108.709898
2020,5667,Pet Animal Small Shelter,Animal Rescue of the Rockies,0557 Broken Lance Drive,Fruita,Co,81521,Mesa County,39.191201,-108.709898
2021,5667,Pet Animal Small Shelter,Animal Rescue of the Rockies,0557 Broken Lance Drive,Fruita,Co,81521,Mesa County,39.191201,-108.709898
2022,5667,Pet Animal Small Shelter,Animal Rescue of the Rockies,0557 Broken Lance Drive,Fruita,Co,81521,Mesa County,39.191201,-108.709898
2023,5667,Pet Animal Small Shelter,Animal Rescue of the Rockies,0557 Broken Lance Drive,Fruita,Co,81521,Mesa County,39.191201,-108.709898
Licensing,5667,Pet Animal Small Shelter,Animal Rescue of the Rockies,0557 Broken Lance Drive,Fairplay,Co,81521,Park,39.191201,-108.709898
Licensing,5667,Pet Animal Large Rescue,Animal Rescue of the Rockies,0557 Broken Lance Drive,Fruita,Co,81521,Mesa,39.191201,-108.709898
2017,,,Animal Rescue of the Rockies Cat Casita,,Fairplay,,80440,Park County,39.16649,-105.973292
2018,,,Animal Rescue of the Rockies Cat Casita,,Fairplay,,80440,Park County,39.16649,-105.973292
2019,,,Animal Rescue of the Rockies Cat Casita,,Fairplay,,80440,Park County,39.16649,-105.973292
2020,,,Animal Rescue of the Rockies Cat Casita,,Fairplay,,80440,Park County,39.16649,-105.973292
2021,,,Animal Rescue of the Rockies Cat Casita,,Fairplay,,80440,Park County,39.16649,-105.973292
2022,,,Animal Rescue of the Rockies Cat Casita,,Fairplay,,80440,Park County,39.16649,-105.973292
2023,,,Animal Rescue of the Rockies Cat Casita,,Fairplay,,80440,Park County,39.16649,-105.973292
2020,,,Animal Rescue of the Rockies Cat Cottage,,,,,,,
2022,,,Animal Rescue of the Rockies Just Cats Cat Cottage,,,,,,,
2023,,,Animal Rescue of the Rockies Just Cats Cat Cottage,,,,,,,
2007,26.0,Pet Animal Small Shelter,Animal Welfare & Protection Society,3420 W. 8Th St.,Pueblo,Co,81003.0,Pueblo County,38.265425,-104.610415
2008,26,Pet Animal Small Shelter,Animal Welfare & Protection Society,3420 W. 8Th St.,Pueblo,Co,81003.0,Pueblo County,38.265425,-104.610415
2009,26,Pet Animal Small Shelter,Animal Welfare & Protection Society,3420 W. 8Th St.,Pueblo,Co,81003.0,Pueblo County,38.265425,-104.610415
2010,26,Pet Animal Small Shelter,Animal Welfare & Protection Society,3420 W. 8th St.,Pueblo,Co,81003.0,Pueblo County,38.265425,-104.610415
2011,26,Pet Animal Small Shelter,Animal Welfare & Protection Society,3420 W. 8Th St.,Pueblo,Co,81003.0,Pueblo County,38.265425,-104.610415
2012,26.0,Pet Animal Small Shelter,Animal Welfare & Protection Society,3420 W. 8Th St.,Pueblo,Co,81003.0,Pueblo County,38.265425,-104.610415
2013,26,Pet Animal Small Shelter,Animal Welfare & Protection Society,3420 W. 8Th St.,Pueblo,Co,81003.0,Pueblo County,38.265425,-104.610415
2016,26,Pet Animal Small Shelter,Animal Welfare & Protection Society,3420 W. 8Th St.,Pueblo,Co,81003,Pueblo County,38.265425,-104.610415
2017,26,Pet Animal Small Shelter,Animal Welfare & Protection Society,3420 W. 8Th St.,Pueblo,Co,81001,Pueblo County,38.286513,-104.573878
2018,26,Pet Animal Small Shelter,Animal Welfare & Protection Society,3420 W. 8Th St.,Pueblo,Co,81001,Pueblo County,38.286513,-104.573878
2020,26,Pet Animal Small Shelter,Animal Welfare & Protection Society,3420 W. 8Th St.,Pueblo,Co,81001,Pueblo County,38.286513,-104.573878
2021,26,Pet Animal Small Shelter,Animal Welfare & Protection Society,3420 W. 8Th St.,Pueblo,Co,81001,Pueblo County,38.286513,-104.573878
2022,26,Pet Animal Small Shelter,Animal Welfare & Protection Society,3420 W. 8Th St.,Pueblo,Co,81001,Pueblo County,38.286513,-104.573878
2023,26,Pet Animal Small Shelter,Animal Welfare & Protection Society,3420 W. 8Th St.,Pueblo,Co,81001,Pueblo County,38.286513,-104.573878
Licensing,26,Pet Animal Small Shelter,Animal Welfare & Protection Society,3420 W. 8Th St.,Pueblo,Co,81001,Pueblo,38.286513,-104.573878
2019,,,Animal Welfare Coalition of Northeastern New Mexico,,,,,,,
2007,3912.0,,Annie'S Orphans,1630 Cr 214,Durango,Co,81303.0,,,
2008,3912,,Annie'S Orphans,1630 Cr 214,Durango,Co,81303.0,,,
2009,3912,,Annie'S Orphans,1630 Cr 214,Durango,Co,81303.0,,,
2010,3912,,Annie'S Orphans,1630 Cr 214,Durango,Co,81303.0,,,
2011,3912,,Annie'S Orphans,1630 Cr 214,Durango,Co,81303.0,,,
2012,3912.0,,Annie'S Orphans,1630 Cr 214,Durango,Co,81303.0,,,
2013,3912,,Annie'S Orphans,1630 Cr 214,Durango,Co,81303.0,,,
2014,,Pet Animal Small Shelter,Annie's Orphans,1630 County Rd 214,Durango ,Co,81303,La Plata County,37.151394,-107.870409
2015,,Pet Animal Small Shelter,Annie's Orphans,1630 Cr 214,Durango ,Co,81303,La Plata County,37.151394,-107.870409
2016,,Pet Animal Small Shelter,Annie's Orphans,1630 Cr 214,Durango,Co,81303,La Plata County,37.28225,-107.877762
Licensing,,Pet Animal Small Shelter,Annie's Orphans,1630 Cr 214,Durango,Co,81303,La Plata,37.28225,-107.877762
2017,,,Annies Orphans,,Durango,,81303,La Plata County,37.172158,-107.873843
2018,,,Annies Orphans,,Durango,,81303,La Plata County,37.172158,-107.873843
2019,,,Annies Orphans,,Durango,,81303,La Plata County,37.172158,-107.873843
2020,,,Annies Orphans,,Durango,,81303,La Plata County,37.172158,-107.873843
2021,,,Annies Orphans,,Durango,,81303,La Plata County,37.172158,-107.873843
2022,,,Annies Orphans,,Durango,,81303,La Plata County,37.172158,-107.873843
2023,,,Annies Orphans,,Durango,,81303,La Plata County,37.172158,-107.873843
2007,361.0,,Applewood Boarding Kennel,2303 Youngfield Street,Golden,Co,80401.0,,,
2008,361,,Applewood Boarding Kennel,2303 Youngfield Street,Golden,Co,80401.0,,,
2023,,Pet Animal Small Shelter,Archway Adventures,,Greeley,Co,,Weld,,
Licensing,,Pet Animal Small Shelter,Archway Adventures,,Greeley,Co,,Weld,,
2007,1726.0,Pet Animal Small Shelter,Ark Valley Humane Society,701 Gregg Dr,Buena Vista,Co,81211.0,Chaffee County,38.825112,-106.137752
2008,1726,Pet Animal Small Shelter,Ark Valley Humane Society,701 Gregg Dr,Buena Vista,Co,81211.0,Chaffee County,38.825112,-106.137752
2009,1726,Pet Animal Small Shelter,Ark Valley Humane Society,701 Gregg Dr,Buena Vista,Co,81211.0,Chaffee County,38.825112,-106.137752
2010,1726,Pet Animal Small Shelter,Ark Valley Humane Society,701 Gregg Dr,Buena Vista,Co,81211.0,Chaffee County,38.825112,-106.137752
2011,1726,Pet Animal Small Shelter,Ark Valley Humane Society,701 Gregg Dr,Buena Vista,Co,81211.0,Chaffee County,38.825112,-106.137752
2012,1726.0,Pet Animal Small Shelter,Ark Valley Humane Society,701 Gregg Dr,Buena Vista,Co,81211.0,Chaffee County,38.825112,-106.137752
2013,1726,Pet Animal Small Shelter,Ark Valley Humane Society,701 Gregg Dr,Buena Vista,Co,81211.0,Chaffee County,38.825112,-106.137752
2014,1726,Pet Animal Small Shelter,Ark Valley Humane Society,10128 US Highway 50,Poncha Springs ,Co,81242,Chaffee County,38.825112,-106.137752
2014,1726,Pet Animal Small Shelter,Ark Valley Humane Society,701 Gregg Dr,Buena Vista ,Co,81211,Chaffee County,38.825112,-106.137752
Licensing,1726,Pet Animal Small Shelter,Ark Valley Humane Society,701 Gregg Dr,Salida,Co,81211,Chaffee,38.825112,-106.137752
2015,,,Ark Valley Humane Society The Sunshine Shelter,10128 US Highway 50,,,81242,Chaffee County,,
2011,6624,,Ark Valley Humane Society dba The Sunshine Shelter,10128 US Hwy 50,Poncha Springs,Co,81242.0,,,
2012,6624.0,,Ark Valley Humane Society dba The Sunshine Shelter,10128 US Hwy 50,Poncha Springs,Co,81242.0,,,
2013,6624,,Ark Valley Humane Society dba The Sunshine Shelter,10128 US Hwy 50,Poncha Springs,Co,81242.0,,,
2015,,Pet Animal Small Shelter,"Ark Valley Humane Society, Inc",701 Gregg Dr,Buena Vista,Co,81211,Chaffee County,,
Licensing,,Pet Animal Small Shelter,"Ark Valley Humane Society, Inc",701 Gregg Dr,Buena Vista,Co,81211,Chaffee,,
2019,,,"Ark Valley Humane Society, Inc. - AVHS South",,,,,,,
2017,,,Ark-Valley Humane Society,,Buena Vista,,81211,Chaffee County,38.853205,-106.167062
2023,,,Ark-Valley Humane Society,,Buena Vista,,81211,Chaffee County,38.853205,-106.167062
2022,,,Ark-Valley Humane Society - BV,,,,,,,
2020,,,Ark-Valley Humane Society - Main Shelter,,,,,,,
2020,,,Ark-Valley Humane Society - South,,,,,,,
2022,,,Ark-Valley Humane Society - South,,,,,,,
2021,,,Ark-Valley Humane Society South,,,,,,,
2016,,,"Ark-Valley Humane Society, Inc",,Buena Vista,,81211,Chaffee County,37.734446,-79.354257
2018,,,"Ark-Valley Humane Society, Inc, Buena Vista",,,,,Chaffee County,,
2018,,,"Ark-Valley Humane Society, Inc, Salida",,,,,Chaffee County,,
2019,,,"Ark-Valley Humane Society, Inc.",,,,,,,
2016,,,"Ark-Valley Humane Society, Inc. The Sunshine Shelter",,Poncha Springs,,81211,Chaffee County,38.514048,-106.07543
2021,,,Ark-Valley Humane Society-BV,,,,,,,
2015,,,Arrowhead Correctional Center,"57500 US Highway 50, East Canon Correctional Complex",Canon City,,81212,Fremont County,38.442184,-105.23489
2016,,,Arrowhead Correctional Center,"57500 US Highway 50, East Canon Correctional Complex",Canon City,,81212,Fremont County,38.442184,-105.23489
2017,,,Arrowhead Correctional Center,"57500 US Highway 50, East Canon Correctional Complex",Canon City,,81212,Fremont County,38.492332,-105.309685
2017,,,"As of 08.22.2018, this report has been completed with 96% of the Rescue/Shelter Statistics that were submitted for 2017. The 2017 stats will be updated on a future date to show facilities that are not included on this list.",,,,,,,
2007,5332.0,,Aspen Boarding Kennel & Animal Shelter,"101 Animal Shelter Rd., Suite 1",Aspen,Co,81611.0,Pitkin County,39.226394,-106.865982
2008,5332,,Aspen Boarding Kennel & Animal Shelter,"101 Animal Shelter Rd., Suite 1",Aspen,Co,81611.0,Pitkin County,39.226394,-106.865982
2009,5332,,Aspen Boarding Kennel & Animal Shelter,"101 Animal Shelter Rd., Suite 1",Aspen,Co,81611.0,Pitkin County,39.226394,-106.865982
2010,5332,,Aspen Boarding Kennel & Animal Shelter,"101 Animal Shelter Rd., Suite 1",Aspen,Co,81611.0,Pitkin County,39.226394,-106.865982
2011,5332,,Aspen Boarding Kennel & Animal Shelter,"101 Animal Shelter Rd., Suite 1",Aspen,Co,81611.0,Pitkin County,39.226394,-106.865982
2012,5332.0,,Aspen Boarding Kennel & Animal Shelter,"101 Animal Shelter Rd., Suite 1",Aspen,Co,81611.0,Pitkin County,39.226394,-106.865982
2013,5332,,Aspen Boarding Kennel & Animal Shelter,"101 Animal Shelter Rd., Suite 1",Aspen,Co,81611.0,Pitkin County,39.226394,-106.865982
2014,5332,,Aspen Boarding Kennel & Animal Shelter,101 Animal Shelter Rd Unit 1,Aspen ,Co,81611,Pitkin County,39.226394,-106.865982
2015,5332,,Aspen Boarding Kennel & Animal Shelter,101 Animal Shelter Road Unit 1,Aspen ,Co,81611,Pitkin County,39.226394,-106.865982
2019,,,Aspen Boarding Kennel And Animal Shelter,,,,,,,
2021,,,Aspen Boarding Kennel And Animal Shelter,,,,,,,
2022,,,Aspen Boarding Kennel And Animal Shelter,,,,,,,
2020,,,Aspen Boarding Kennel and Animal Shelter,,,,,,,
Licensing,,Pet Animal Small Shelter,"Aspen Leaf Aviaries, Inc.",,Lakewood,Co,,Jefferson,,
2017,,,Aspen/ Pitkin County Animal Shelter,,Aspen,,81611,Pitkin County,39.171024,-106.822652
2018,,,"Aspen/ Pitkin County Animal Shelter *, Sachson, Inc *",,,,,Pitkin County,,
2016,,,Aspen/Pitkin County Animal Shelter,,Aspen,,81611,Pitkin County,39.190665,-106.819201
2023,,,Aspen/Pitkin County Animal Shelter,,Aspen,,81611,Pitkin County,39.190665,-106.819201
2007,5331.0,,"Aunt T'S Pet Motel, Llc","3200 E. Mulberry, #C",Fort Collins,Co,80524.0,,,
2008,5331,,"Aunt T'S Pet Motel, Llc","3200 E. Mulberry, #C",Fort Collins,Co,80524.0,,,
2009,5331,,"Aunt T'S Pet Motel, Llc","3200 E. Mulberry, #C",Fort Collins,Co,80524.0,,,
2018,,,Aurora Animal Shelter,,,,,Adams County,,
2019,,,Aurora Animal Shelter,,,,,Adams County,,
2018,,Pet Animal Small Rescue,Australian Shepherds Furever,,Buena Vista,Co,,Chaffee County,,
2019,,Pet Animal Small Rescue,Australian Shepherds Furever,,Buena Vista,Co,,Chaffee County,,
2020,,Pet Animal Small Rescue,Australian Shepherds Furever,,Buena Vista,Co,,Chaffee County,,
2021,,Pet Animal Small Rescue,Australian Shepherds Furever,,Buena Vista,Co,,Chaffee County,,
2022,,Pet Animal Small Rescue,Australian Shepherds Furever,,Buena Vista,Co,,Chaffee County,,
2023,,Pet Animal Small Rescue,Australian Shepherds Furever,,Buena Vista,Co,,Chaffee County,,
Licensing,,Pet Animal Small Rescue,Australian Shepherds Furever,,Buena Vista,Co,,Chaffee,,
2020,,,Avalon Aviary Bird Store,,,,,,,
2021,,,Avalon Aviary Bird Store,,,,,,,
2022,,,Avalon Aviary Bird Store,,,,,,,
2023,,,Avalon Aviary Bird Store,,,,,,,
Licensing,,Pet Animal Small Shelter,"Avalon Aviary, LLC",,Loveland,Co,,Larimer,,
2010,4663,,Avon Pet Centre,703 Nottingham Road,Avon,Co,81620.0,,,
2011,4663,,Avon Pet Centre,730 Nottingham Rd.,Avon,Co,81620.0,,,
2012,4663.0,,Avon Pet Centre,730 Nottingham Rd.,Avon,Co,81620.0,,,
2013,4663,,Avon Pet Centre,730 Nottingham Rd.,Avon,Co,81620.0,,,
2019,,,Aztec Animal Shelter,,,,,,,
Licensing,,Pet Animal Small Shelter,Ballistic Morphs Reptiles Ltd.,,Lakewood,Co,,Jefferson,,
2019,,,Bark It ,,,,,,,
2021,,,Bark It Inc,,,,,,,
2017,,,BarkaBull,,Colorado Springs,,80905,El Paso County,38.81761,-104.832663
2007,1759.0,,Barnwater Cats,3131 E Evans Ave,Denver,Co,80210.0,,,
2008,1759,,Barnwater Cats,3131 E Evans Ave,Denver,Co,80210.0,,,
2009,1759,,Barnwater Cats,3131 E Evans Ave,Denver,Co,80210.0,,,
2010,1759,,Barnwater Cats,3131 E Evans Ave,Denver,Co,80210.0,,,
2011,1759,,Barnwater Cats,3131 E Evans Ave,Denver,Co,80210.0,,,
2012,1759.0,,Barnwater Cats,3131 E Evans Ave,Denver,Co,80210.0,,,
2013,1759,,Barnwater Cats,3131 E Evans Ave,Denver,Co,80210.0,,,
2017,,,Barnwater Cats Rescue Organization,,Denver,,80210,Denver County,39.679179,-104.963089
2018,,,Barnwater Cats Rescue Organization,,Denver,,80210,Denver County,39.679179,-104.963089
2007,1629.0,,Bear Creek Animal Hospital,2430 E Victory Way,Craig,Co,81625.0,Moffat County,40.512442,-107.547286
2008,1629,,Bear Creek Animal Hospital,2430 E Victory Way,Craig,Co,81625.0,Moffat County,40.512442,-107.547286
2009,1629,,Bear Creek Animal Hospital,2430 E Victory Way,Craig,Co,81625.0,Moffat County,40.512442,-107.547286
2011,1629,,Bear Creek Animal Hospital,2430 E Victory Way,Craig,Co,81625.0,Moffat County,40.512442,-107.547286
2012,1629.0,,Bear Creek Animal Hospital,2430 E Victory Way,Craig,Co,81625.0,Moffat County,40.512442,-107.547286
2013,1629,,Bear Creek Animal Hospital,2430 E Victory Way,Craig,Co,81625.0,Moffat County,40.512442,-107.547286
2015,1629,,Bear Creek Animal Hospital,2430 East Victory Way,Craig,Co,81625,Moffat County,40.512442,-107.547286
2016,1629,,Bear Creek Animal Hospital,2430 East Victory Way,Craig,Co,81625,Moffat County,40.512442,-107.547286
2018,1629,,Bear Creek Animal Hospital,2430 East Victory Way,Craig,Co,81625,Moffat County,40.512442,-107.547286
2019,1629,,Bear Creek Animal Hospital,2430 East Victory Way,Craig,Co,81625,Moffat County,40.512442,-107.547286
2020,1629,,Bear Creek Animal Hospital,2430 East Victory Way,Craig,Co,81625,Moffat County,40.512442,-107.547286
2021,1629,,Bear Creek Animal Hospital,2430 East Victory Way,Craig,Co,81625,Moffat County,40.512442,-107.547286
2022,1629,,Bear Creek Animal Hospital,2430 East Victory Way,Craig,Co,81625,Moffat County,40.512442,-107.547286
2023,1629,,Bear Creek Animal Hospital,2430 East Victory Way,Craig,Co,81625,Moffat County,40.512442,-107.547286
Licensing,,Pet Animal Small Shelter,Bear Creek Animal Hospital of Craig Inc.,,Craig,Co,,Moffat,,
2014,,,"Bear Creek Animal Hospital of Craig, Inc",2430 East Victory Way,Craig ,,81625,Moffat County,40.513,-107.517386
2020,,,Beasties,,,,,,,
2021,,,Beasties,,,,,,,
2022,,,Beasties,,,,,,,
2018,,Pet Animal Small Shelter,Beasties LLC,,Pueblo,Co,,Pueblo County,,
2019,,Pet Animal Small Shelter,Beasties LLC,,Pueblo,Co,,Pueblo County,,
Licensing,,Pet Animal Small Shelter,Beasties LLC,,Pueblo,Co,,Pueblo,,
2023,,,Beasties a pet store & more,,,,,,,
2020,,,Beaumont Pets Alive,,,,,,,
2007,5343.0,,Beauty In The Beast Grooming & Rescue,1002 Emery St.,Longmont,Co,80501.0,,,
2014,,,Bent County/Las Animas Animal Shelter,11200 County Rd GG 5,Las Animas ,,81054,Bent County,38.075507,-103.214601
2018,,Pet Animal Small Rescue,Bernese Mountain Dog Club of the Rockies,,Longmont,Co,,Douglas County,,
2020,,Pet Animal Small Rescue,Bernese Mountain Dog Club of the Rockies,,Longmont,Co,,Douglas County,,
2021,,Pet Animal Small Rescue,Bernese Mountain Dog Club of the Rockies,,Longmont,Co,,Douglas County,,
2022,,Pet Animal Small Rescue,Bernese Mountain Dog Club of the Rockies,,Longmont,Co,,Douglas County,,
Licensing,,Pet Animal Small Rescue,Bernese Mountain Dog Club of the Rockies,,Longmont,Co,,Boulder,,
2019,,,Bernese Mountain Dog Club of the Rockies - BMDCR,,,,,,,
2023,,,Bernese Mountain Dog Club os the Rockies,,,,,,,
2009,6226,,Bernie's Dog Training & Pet Care Services,10410 Heritage Park Trail,Peyton,Co,80831.0,,,
2008,6129,,Best Friends Forever,6350 Oak St. #206,Arvada,Co,80004.0,Jefferson County,,
2009,6129,,Best Friends Forever,6350 Oak St. #206,Arvada,Co,80004.0,Jefferson County,,
2010,6129,,Best Friends Forever,6350 Oak St #206,Arvada,Co,80004.0,Jefferson County,,
2011,6129,,Best Friends Forever,6350 Oak St. #206,Arvada,Co,80004.0,Jefferson County,,
2012,6129.0,,Best Friends Forever,6350 Oak St. #206,Arvada,Co,80004.0,Jefferson County,,
2013,6129,,Best Friends Forever,6350 Oak St. #206,Arvada,Co,80004.0,Jefferson County,,
2015,6129,,Best Friends Forever,6350 Oak St. #206,Arvada,Co,80004,Jefferson County,,
2014,,,Best Friends Forever Rescue,6350 Oak St Unit 206,Arvada ,,80004,Jefferson County,39.811727,-105.119061
2007,5325.0,,Best Pets,4567 W. Moncrieff Pl.,Denver,Co,80212.0,,,
2019,,,Beyond Rescue,,,,,,,
2007,2972.0,,Bichon Frise Get Away & Rescue Ranch,1979 Carlson Rd.,Parker,Co,80138.0,Douglas County,39.504232,-104.628107
2008,2972,,Bichon Frise Get Away & Rescue Ranch,1979 Carlson Rd.,Parker,Co,80138.0,Douglas County,39.504232,-104.628107
2009,2972,,Bichon Frise Get Away & Rescue Ranch,1979 Carlson Rd.,Parker,Co,80138.0,Douglas County,39.504232,-104.628107
2010,2972,,Bichon Frise Get Away & Rescue Ranch,1979 Carlson Rd.,Parker,Co,80138.0,Douglas County,39.504232,-104.628107
2011,2972,,Bichon Frise Get Away & Rescue Ranch,1979 Carlson Rd.,Parker,Co,80138.0,Douglas County,39.504232,-104.628107
2012,2972.0,,Bichon Frise Get Away & Rescue Ranch,1979 Carlson Rd.,Parker,Co,80138.0,Douglas County,39.504232,-104.628107
2013,2972,,Bichon Frise Get Away & Rescue Ranch,1979 Carlson Rd.,Parker,Co,80138.0,Douglas County,39.504232,-104.628107
2014,2972,,Bichon Frise Get Away & Rescue Ranch,1979 Carlson Rd,Parker ,Co,80138,Douglas County,39.504232,-104.628107
2015,,,Bichon Frise Rescue Ranch,1979 Carlson Rd.,,,80138,Elbert County,,
2014,,Pet Animal Small Shelter,Big Bones Canine Rescue,32614 Cr 23,Windsor ,Co,80550,Weld County,,
2019,,Pet Animal Small Shelter,Big Bones Canine Rescue,32614 Cr 23,Windsor ,Co,80550,Weld County,,
2023,,Pet Animal Small Shelter,Big Bones Canine Rescue,32614 Cr 23,Windsor ,Co,80550,Weld County,,
Licensing,,Pet Animal Small Shelter,Big Bones Canine Rescue,32614 Cr 23,Wellington,Co,80550,Weld,,
2020,,,Big Bones Canine Rescue Service Inc.,,,,,,,
2015,,Pet Animal Small Shelter,"Big Bones Canine Rescue Service, Inc.",32614 County Road 23,Windsor,Co,80550,Weld County,40.479957,-104.907678
2016,,Pet Animal Small Shelter,"Big Bones Canine Rescue Service, Inc.",32614 County Road 23,Windsor,Co,80550,Weld County,40.479957,-104.907678
2017,,Pet Animal Small Shelter,"Big Bones Canine Rescue Service, Inc.",32614 County Road 23,Windsor,Co,80550,Weld County,40.477254,-104.90742
2018,,Pet Animal Small Shelter,"Big Bones Canine Rescue Service, Inc.",32614 County Road 23,Windsor,Co,80550,Weld County,40.477254,-104.90742
2021,,Pet Animal Small Shelter,"Big Bones Canine Rescue Service, Inc.",32614 County Road 23,Windsor,Co,80550,Weld County,40.477254,-104.90742
Licensing,,Pet Animal Small Shelter,"Big Bones Canine Rescue Service, Inc.",32614 County Road 23,Windsor,Co,80550,Weld,40.477254,-104.90742
2008,6038,,Big Dogs Huge Paws,17756 E. Ida Ave.,Centennial,Co,80015.0,Douglas County,39.235064,-104.922176
2009,6038,,Big Dogs Huge Paws,17756 E. Ida Ave.,Centennial,Co,80015.0,Douglas County,39.235064,-104.922176
2010,6038,,Big Dogs Huge Paws,2949 S Cherry Way,Denver,Co,80222.0,Douglas County,39.235064,-104.922176
2011,6038,,Big Dogs Huge Paws,17756 E. Ida Ave.,Centennial,Co,80015.0,Douglas County,39.235064,-104.922176
2012,6038.0,,Big Dogs Huge Paws,17756 E. Ida Ave.,Centennial,Co,80015.0,Douglas County,39.235064,-104.922176
2013,6038,,Big Dogs Huge Paws,17756 E. Ida Ave.,Centennial,Co,80015.0,Douglas County,39.235064,-104.922176
2014,6038,,Big Dogs Huge Paws,1917 Perry Park Ave,Larkspur ,Co,80118,Douglas County,39.235064,-104.922176
2016,6038,,Big Dogs Huge Paws,1917 Perry Park Ave,Larkspur,Co,80118,Douglas County,37.934175,-122.535713
2015,,,"Big Dogs Huge Paws, Inc",1917 Perry Park Ave,,,80118,Douglas County,,
2018,,,"Big Dogs Huge Paws, Inc",1917 Perry Park Ave,,,80118,Douglas County,,
2019,,,"Big Dogs Huge Paws, Inc",1917 Perry Park Ave,,,80118,Douglas County,,
2020,,,"Big Dogs Huge Paws, Inc",1917 Perry Park Ave,,,80118,Douglas County,,
2021,,,"Big Dogs Huge Paws, Inc",1917 Perry Park Ave,,,80118,Douglas County,,
2022,,,"Big Dogs Huge Paws, Inc",1917 Perry Park Ave,,,80118,Douglas County,,
2023,,,"Big Dogs Huge Paws, Inc",1917 Perry Park Ave,,,80118,Douglas County,,
Licensing,,Pet Animal Large Rescue,"Big Dogs Huge Paws, Inc.",,Larkspur,Co,,Douglas,,
2021,,,Bill Davis / DBA Grand Valley Pit Crew,,,,,,,
2012,7085.0,,Biscuit's Safe Haven Rescue,13611 Parkview Pl,Broomfield,Co,80023.0,,,
2009,6347,,Black Canyon Animal Sanctuary,42528 Needle Rock Rd.,Crawford,Co,81415.0,Delta County,38.71916,-107.566192
2010,6347,,Black Canyon Animal Sanctuary,42528 Needle Rock Rd.,Crawford,Co,81415.0,Delta County,38.71916,-107.566192
2011,6347,,Black Canyon Animal Sanctuary,42528 Needle Rock Rd.,Crawford,Co,81415.0,Delta County,38.71916,-107.566192
2012,6347.0,,Black Canyon Animal Sanctuary,42528 Needle Rock Rd.,Crawford,Co,81415.0,Delta County,38.71916,-107.566192
2013,6347,,Black Canyon Animal Sanctuary,42528 Needle Rock Rd.,Crawford,Co,81415.0,Delta County,38.71916,-107.566192
2014,6347,,Black Canyon Animal Sanctuary,42528 Needle Rock Rd,Crawford ,Co,81415,Delta County,38.71916,-107.566192
2015,6347,,Black Canyon Animal Sanctuary,42528 Needle Rock Rd,Crawford ,Co,81415,Delta County,38.71916,-107.566192
2016,6347,,Black Canyon Animal Sanctuary,42528 Needle Rock Rd,Crawford,Co,81415,Delta County,31.533766,-97.445383
2017,6347,,Black Canyon Animal Sanctuary,42528 Needle Rock Rd,Crawford,Co,81415,Delta County,38.649921,-107.627535
2017,,,Black Forest Animal Sanctaury,,Black Forest,,80908,El Paso County,39.035907,-104.698606
2007,4332.0,,Black Forest Animal Sanctuary,13990 Windy Pine Dr.,Black Forest,Co,80908.0,El Paso County,39.071945,-104.714191
2008,4332,,Black Forest Animal Sanctuary,13990 Windy Pine Dr.,Black Forest,Co,80908.0,El Paso County,39.071945,-104.714191
2009,4332,,Black Forest Animal Sanctuary,13990 Windy Pine Dr.,Black Forest,Co,80908.0,El Paso County,39.071945,-104.714191
2013,4332,,Black Forest Animal Sanctuary,16750 Thompson Rd,Colorado Springs,Co,80908.0,El Paso County,39.071945,-104.714191
2014,4332,,Black Forest Animal Sanctuary,16750 Thompson Rd,Colo Spgs ,Co,80908,El Paso County,39.071945,-104.714191
2018,,,Black Forest Animal Sanctuary DBA:Paws N Hooves DBA:Southern CO Animal Rescue,,,,,El Paso County,,
2019,,Pet Animal Small Rescue,Black Ops Rescue,,Northglenn,Co,,Adams,,
2020,,Pet Animal Small Rescue,Black Ops Rescue,,Northglenn,Co,,Adams,,
2021,,Pet Animal Small Rescue,Black Ops Rescue,,Northglenn,Co,,Adams,,
2022,,Pet Animal Small Rescue,Black Ops Rescue,,Northglenn,Co,,Adams,,
2023,,Pet Animal Small Rescue,Black Ops Rescue,,Northglenn,Co,,Adams,,
Licensing,,Pet Animal Small Rescue,Black Ops Rescue,,Northglenn,Co,,Adams,,
2007,5297.0,,Black Wolf K-9 Training Services,9820 Las Haciendas Pt.,Pueblo,Co,81008.0,,,
2008,5297,,Black Wolf K-9 Training Services,9820 Las Haciendas Pt.,Pueblo,Co,81008.0,,,
2022,,,Blackhat Humane,,,,,,,
2020,,Pet Animal Large Rescue,Blackhat Humane Society,,Cortez,Co,,Montezuma,,
2021,,Pet Animal Large Rescue,Blackhat Humane Society,,Cortez,Co,,Montezuma,,
2023,,Pet Animal Large Rescue,Blackhat Humane Society,,Cortez,Co,,Montezuma,,
Licensing,,Pet Animal Large Rescue,Blackhat Humane Society,,Cortez,Co,,Montezuma,,
2019,,,Blackhat humane Society,,,,,,,
2007,3960.0,,Blue Lion Animal Rescue,33955 Torrence Rd.,Yoder,Co,80864.0,,,
2008,3960,,Blue Lion Animal Rescue,33955 Torrence Rd.,Yoder,Co,80864.0,,,
2009,3960,,Blue Lion Animal Rescue,33955 Torrence Rd.,Yoder,Co,80864.0,,,
2010,3960,,Blue Lion Animal Rescue,33955 Torrence Rd.,Yoder,Co,80864.0,,,
2011,3960,,Blue Lion Animal Rescue,33955 Torrence Rd.,Yoder,Co,80864.0,,,
2012,3960.0,,Blue Lion Animal Rescue,33955 Torrence Rd.,Yoder,Co,80864.0,,,
2013,3960,,Blue Lion Animal Rescue,33955 Torrence Rd.,Yoder,Co,80864.0,,,
2014,,,Blue Lion Rescue,33955 Torrence Rd,Yoder ,,80864,El Paso County,38.767227,-104.198943
2015,,,Blue Lion Rescue,33955 Torrence Rd.,Yoder ,,80864,El Paso County,38.767227,-104.198943
2016,,,Blue Lion Rescue,33955 Torrence Rd.,Yoder,,80864,El Paso County,45.129877,-122.681388
2017,,,Blue Lion Rescue,33955 Torrence Rd.,Yoder,,80864,El Paso County,38.73857,-104.191482
2018,,,Blue Lion Rescue,33955 Torrence Rd.,Yoder,,80864,El Paso County,38.73857,-104.191482
2019,,,Blue Lion Rescue,33955 Torrence Rd.,Yoder,,80864,El Paso County,38.73857,-104.191482
2020,,,Blue Lion Rescue,33955 Torrence Rd.,Yoder,,80864,El Paso County,38.73857,-104.191482
2021,,,Blue Lion Rescue,33955 Torrence Rd.,Yoder,,80864,El Paso County,38.73857,-104.191482
2022,,,Blue Lion Rescue,33955 Torrence Rd.,Yoder,,80864,El Paso County,38.73857,-104.191482
2023,,,Blue Lion Rescue,33955 Torrence Rd.,Yoder,,80864,El Paso County,38.73857,-104.191482
2019,,,Blue Moon Akita Rescue,,,,,,,
2007,2429.0,,Blue Wolf Ranch,3143 Scr 21,Loveland,Co,80537.0,,,
2016,,Pet Animal Large Rescue,Bounce Animal Rescue,,Fort Collins,Co,80525,Larimer County,40.588972,-105.082459
2017,,Pet Animal Large Rescue,Bounce Animal Rescue,,Fort Collins,Co,80525,Larimer County,40.528581,-105.050849
2018,,Pet Animal Large Rescue,Bounce Animal Rescue,,Fort Collins,Co,80525,Larimer County,40.528581,-105.050849
2019,,Pet Animal Large Rescue,Bounce Animal Rescue,,Fort Collins,Co,80525,Larimer County,40.528581,-105.050849
2020,,Pet Animal Large Rescue,Bounce Animal Rescue,,Fort Collins,Co,80525,Larimer County,40.528581,-105.050849
2021,,Pet Animal Large Rescue,Bounce Animal Rescue,,Fort Collins,Co,80525,Larimer County,40.528581,-105.050849
2022,,Pet Animal Large Rescue,Bounce Animal Rescue,,Fort Collins,Co,80525,Larimer County,40.528581,-105.050849
2023,,Pet Animal Large Rescue,Bounce Animal Rescue,,Fort Collins,Co,80525,Larimer County,40.528581,-105.050849
Licensing,,Pet Animal Large Rescue,Bounce Animal Rescue,,Fort Collins,Co,80525,Larimer,40.528581,-105.050849
2015,,,Bounce Rescue,18490 Cr 1,,,80513,Weld County,,
2007,5767.0,,"Bow Wow Buddies Foundation Inc., The",4891 N. Broadway,Boulder,Co,80304.0,,,
2010,6346,Pet Animal Small Shelter,Breeder Release Adoption Service,18500 Cr 47.7,Bon Carbo,Co,81024.0,Las Animas County,44.801602,-68.771334
2011,6346,Pet Animal Small Shelter,Breeder Release Adoption Service,18500 Cr 47.7,Bon Carbo,Co,81024.0,Las Animas County,44.801602,-68.771334
2012,6346.0,Pet Animal Small Shelter,Breeder Release Adoption Service,18500 Cr 47.7,Bon Carbo,Co,81024.0,Las Animas County,44.801602,-68.771334
2013,6346,Pet Animal Small Shelter,Breeder Release Adoption Service,18500 Cr 47.7,Bon Carbo,Co,81024.0,Las Animas County,44.801602,-68.771334
2014,6346,Pet Animal Small Shelter,Breeder Release Adoption Service,18500 County Rd 47.7,Boncarbo ,Co,81024,Las Animas County,44.801602,-68.771334
2015,6346,Pet Animal Small Shelter,Breeder Release Adoption Service,18500 Cr 47.7,Boncarbo ,Co,81024,Las Animas County,44.801602,-68.771334
2016,6346,Pet Animal Small Shelter,Breeder Release Adoption Service,18500 Cr 47.7,Boncargo,Co,81024,Las Animas County,44.801602,-68.771334
2018,6346,Pet Animal Small Shelter,Breeder Release Adoption Service,18500 Cr 47.7,Boncargo,Co,81024,Las Animas County,44.801602,-68.771334
2019,6346,Pet Animal Small Shelter,Breeder Release Adoption Service,18500 Cr 47.7,Boncargo,Co,81024,Las Animas County,44.801602,-68.771334
2020,6346,Pet Animal Small Shelter,Breeder Release Adoption Service,18500 Cr 47.7,Boncargo,Co,81024,Las Animas County,44.801602,-68.771334
2021,6346,Pet Animal Small Shelter,Breeder Release Adoption Service,18500 Cr 47.7,Boncargo,Co,81024,Las Animas County,44.801602,-68.771334
2022,6346,Pet Animal Small Shelter,Breeder Release Adoption Service,18500 Cr 47.7,Boncargo,Co,81024,Las Animas County,44.801602,-68.771334
2023,6346,Pet Animal Small Shelter,Breeder Release Adoption Service,18500 Cr 47.7,Boncargo,Co,81024,Las Animas County,44.801602,-68.771334
Licensing,6346,Pet Animal Small Shelter,Breeder Release Adoption Service,18500 Cr 47.7,Boncarbo,Co,81024,Las Animas,44.801602,-68.771334
2017,,,Breeder Release Adoptions Service,,Boncarbo,,81024,Las Animas County,37.21673,-104.695798
2016,,Pet Animal Large Rescue,Brighter Days Dog Rescue,,Boulder,Co,80305,Boulder County,40.015831,-105.27927
2017,,Pet Animal Large Rescue,Brighter Days Dog Rescue,,Boulder,Co,80305,Boulder County,39.980884,-105.251971
2018,,Pet Animal Large Rescue,Brighter Days Dog Rescue,,Boulder,Co,80305,Boulder County,39.980884,-105.251971
2019,,Pet Animal Large Rescue,Brighter Days Dog Rescue,,Boulder,Co,80305,Boulder County,39.980884,-105.251971
2020,,Pet Animal Large Rescue,Brighter Days Dog Rescue,,Boulder,Co,80305,Boulder County,39.980884,-105.251971
2021,,Pet Animal Large Rescue,Brighter Days Dog Rescue,,Boulder,Co,80305,Boulder County,39.980884,-105.251971
2022,,Pet Animal Large Rescue,Brighter Days Dog Rescue,,Boulder,Co,80305,Boulder County,39.980884,-105.251971
2023,,Pet Animal Large Rescue,Brighter Days Dog Rescue,,Boulder,Co,80305,Boulder County,39.980884,-105.251971
Licensing,,Pet Animal Large Rescue,Brighter Days Dog Rescue,,Superior,Co,80305,Boulder,39.980884,-105.251971
2010,42,,Brighton Animal Shelter,325 1/2 N. Kuner Rd.,Brighton,Co,80601.0,,,
2020,,,Broadview Kennels,,,,,,,
2018,,,Broadview Kennels & Grooming & Blue Moon Akita Rescue,,,,,Arapahoe County,,
Licensing,,Pet Animal Small Rescue,Bruce Johnson,,La Veta,Co,,Huerfano,,
2019,,,Bruno The Companion All Animal Rescue ,,,,,,,
2018,,,"Buck'n-R-Ranch Animal Rescue, Inc",,,,,Douglas County,,
2017,,,"Buck'n-R-Ranch Animal Rescue, Inc.",,Franktown,,80116,Douglas County,39.337137,-104.713239
2019,,,"Buck'n-R-Ranch Animal Rescue, Inc.",,Franktown,,80116,Douglas County,39.337137,-104.713239
2007,4295.0,,C.A.W.S. (Citizens For Animal Welfare & Shelter),42528 Needle Rock Rd.,Crawford,Co,81415.0,,,
2008,4295,,C.A.W.S. (Citizens For Animal Welfare & Shelter),42528 Needle Rock Rd.,Crawford,Co,81415.0,,,
2009,4295,,C.A.W.S. (Citizens For Animal Welfare & Shelter),42528 Needle Rock Rd.,Crawford,Co,81415.0,,,
2011,4295,,C.A.W.S. (Citizens For Animal Welfare & Shelter),42528 Needle Rock Rd.,Crawford,Co,81415.0,,,
2012,4295.0,,C.A.W.S. (Citizens For Animal Welfare & Shelter),42528 Needle Rock Rd.,Crawford,Co,81415.0,,,
2023,,Pet Animal Large Rescue,CLAWA Animal Rescue,,Thornton,Co,,Adams,,
Licensing,,Pet Animal Large Rescue,CLAWA Animal Rescue,,Thornton,Co,,Adams,,
Licensing,,Pet Animal Sanctuary,CLAWS Furrever Home Sanctuary,,Loma,Co,,Mesa,,
2009,6171,,CLAWS Rescue & Adoption Center,2214 Sanford Drive #A-5,Grand Junction,Co,81505.0,,,
2011,6171,,CLAWS Rescue & Adoption Center,2214 Sanford Drive #A-5,Grand Junction,Co,81505.0,,,
2012,6171.0,,CLAWS Rescue & Adoption Center,2214 Sanford Drive #A-5,Grand Junction,Co,81505.0,,,
2013,6171,,CLAWS Rescue & Adoption Center,2214 Sanford Drive #A-5,Grand Junction,Co,81505.0,,,
2015,,,CLAWS Rescue and Adoption Center,"2214 Sanford Drive, Unit A-5",,,81505,Mesa County,,
2018,,,Cacf,,,,,Park County,,
2022,,,Cacf,,,,,Park County,,
2007,4573.0,,Calico Field Animal Shelter,12330 Ramah Hwy.,Calhan,Co,80808.0,El Paso County,39.009907,-104.146057
2008,4573,,Calico Field Animal Shelter,12330 Ramah Hwy.,Calhan,Co,80808.0,El Paso County,39.009907,-104.146057
2009,4573,,Calico Field Animal Shelter,12330 Ramah Hwy.,Calhan,Co,80808.0,El Paso County,39.009907,-104.146057
2010,4573,,Calico Field Animal Shelter,12330 Ramah Hwy.,Calhan,Co,80808.0,El Paso County,39.009907,-104.146057
2011,4573,,Calico Field Animal Shelter,12330 Ramah Hwy.,Calhan,Co,80808.0,El Paso County,39.009907,-104.146057
2012,4573.0,,Calico Field Animal Shelter,12330 Ramah Hwy.,Calhan,Co,80808.0,El Paso County,39.009907,-104.146057
2013,4573,,Calico Field Animal Shelter,12330 Ramah Hwy.,Calhan,Co,80808.0,El Paso County,39.009907,-104.146057
2014,4573,,Calico Field Animal Shelter,12330 Ramah Hwy,Calhan ,Co,80808,El Paso County,39.009907,-104.146057
2019,,,Cane Haven Rescue,,,,,,,
2007,5223.0,,Canine & Kitty Animal Rescue,14323 Craftsman Wy.,Broomfield,Co,80020.0,,,
2011,6682,,"Canine Candor, Inc.",4947 West C Street,Greeley,Co,80634.0,Weld County,40.536914,-104.517661
2012,6682.0,,"Canine Candor, Inc.",4947 West C Street,Greeley,Co,80634.0,Weld County,40.536914,-104.517661
2013,6682,,"Canine Candor, Inc.",4947 West C Street,Greeley,Co,80634.0,Weld County,40.536914,-104.517661
2014,6682,,"Canine Candor, Inc.",28484 Cr 76,Eaton ,Co,80615,Weld County,40.536914,-104.517661
2015,6682,,"Canine Candor, Inc.",28484 County Road 76,Eaton ,Co,80615,Weld County,40.536914,-104.517661
2017,6682,,"Canine Candor, Inc.",28484 County Road 76,Eaton,Co,80615,Weld County,40.531849,-104.673097
2018,6682,,"Canine Candor, Inc.",28484 County Road 76,Eaton,Co,80615,Weld County,40.531849,-104.673097
2022,,,Canine Partners of the Rockies,,,,,,,
2023,,,Canine Partners of the Rockies,,,,,,,
2007,5531.0,,Canyon Animal Hospital,24059 Hwy. 40,Golden,Co,80401.0,,,
2014,,,Carbon Valley Animal Hosp,101 W Grant Ave,Firestone ,,80520,Weld County,40.116889,-104.940683
2007,500.0,,Carbon Valley Animal Hospital,101 W. Grant Ave,Firestone,Co,80520.0,Weld County,,
2008,500,,Carbon Valley Animal Hospital,101 W. Grant Ave,Firestone,Co,80520.0,Weld County,,
2009,500,,Carbon Valley Animal Hospital,101 W. Grant Ave,Firestone,Co,80520.0,Weld County,,
2010,500,,Carbon Valley Animal Hospital,101 W. Grant Ave,Firestone,Co,80520.0,Weld County,,
2011,500,,Carbon Valley Animal Hospital,101 W. Grant Ave,Firestone,Co,80520.0,Weld County,,
2012,500.0,,Carbon Valley Animal Hospital,101 W. Grant Ave,Firestone,Co,80520.0,Weld County,,
2013,500,,Carbon Valley Animal Hospital,101 W. Grant Ave,Firestone,Co,80520.0,Weld County,,
2015,500,,Carbon Valley Animal Hospital,101 W Grant Ave,Firestone,Co,80520,Weld County,,
2007,5249.0,,"Carefree Cats, P.C.","4810 Old Farm Dr., Ste. 100",Colorado Springs,Co,80917.0,,,
2023,,Pet Animal Sanctuary,Cat Care Durango,,Durango,Co,,La Plata,,
Licensing,,Pet Animal Sanctuary,Cat Care Durango,,Durango,Co,,La Plata,,
2007,3945.0,Pet Animal Small Shelter,Cat Care Society,5787 W. 6Th Ave.,Lakewood,Co,80214.0,Jefferson County,39.725836,-105.060155
2008,3945,Pet Animal Small Shelter,Cat Care Society,5787 W. 6Th Ave.,Lakewood,Co,80214.0,Jefferson County,39.725836,-105.060155
2009,3945,Pet Animal Small Shelter,Cat Care Society,5787 W. 6Th Ave.,Lakewood,Co,80214.0,Jefferson County,39.725836,-105.060155
2010,3945,Pet Animal Small Shelter,Cat Care Society,5787 W. 6th Ave.,Lakewood,Co,80214.0,Jefferson County,39.725836,-105.060155
2011,3945,Pet Animal Small Shelter,Cat Care Society,5787 W. 6Th Ave.,Lakewood,Co,80214.0,Jefferson County,39.725836,-105.060155
2012,3945.0,Pet Animal Small Shelter,Cat Care Society,5787 W. 6Th Ave.,Lakewood,Co,80214.0,Jefferson County,39.725836,-105.060155
2013,3945,Pet Animal Small Shelter,Cat Care Society,5787 W. 6Th Ave.,Lakewood,Co,80214.0,Jefferson County,39.725836,-105.060155
2014,3945,Pet Animal Small Shelter,Cat Care Society,5787 West 6th Ave,Lakewood ,Co,80214,Jefferson County,39.725836,-105.060155
2015,3945,Pet Animal Small Shelter,Cat Care Society,5787 W 6th Ave,Lakewood ,Co,80214,Jefferson County,39.725836,-105.060155
2016,3945,Pet Animal Small Shelter,Cat Care Society,5787 W 6th Ave,Lakewood,Co,80214,Jefferson County,39.710997,-105.088872
2017,3945,Pet Animal Small Shelter,Cat Care Society,5787 W 6th Ave,Lakewood,Co,80214,Jefferson County,39.741729,-105.07129
2018,3945,Pet Animal Small Shelter,Cat Care Society,5787 W 6th Ave,Lakewood,Co,80214,Jefferson County,39.741729,-105.07129
2019,3945,Pet Animal Small Shelter,Cat Care Society,5787 W 6th Ave,Lakewood,Co,80214,Jefferson County,39.741729,-105.07129
2020,3945,Pet Animal Small Shelter,Cat Care Society,5787 W 6th Ave,Lakewood,Co,80214,Jefferson County,39.741729,-105.07129
2021,3945,Pet Animal Small Shelter,Cat Care Society,5787 W 6th Ave,Lakewood,Co,80214,Jefferson County,39.741729,-105.07129
2022,3945,Pet Animal Small Shelter,Cat Care Society,5787 W 6th Ave,Lakewood,Co,80214,Jefferson County,39.741729,-105.07129
2023,3945,Pet Animal Small Shelter,Cat Care Society,5787 W 6th Ave,Lakewood,Co,80214,Jefferson County,39.741729,-105.07129
Licensing,3945,Pet Animal Small Shelter,Cat Care Society,5787 W 6th Ave,Lakewood,Co,80214,Jefferson,39.741729,-105.07129
2007,5200.0,,Cat'S Doggie House,1009 Grinde Dr.,Fountain,Co,80817.0,,,
2008,5979,,Cat's Doggie House,724 Hackberry Drive,Colorado Springs,Co,80911.0,,,
2009,5979,,Cat's Doggie House,724 Hackberry Drive,Colorado Springs,Co,80911.0,,,
2016,,,Cats Alive,,Alamosa,,81101,Alamosa County,37.468191,-105.874293
2017,,,Cats Alive,,Alamosa,,81101,Alamosa County,37.470901,-105.849477
2018,,,Cats Alive,,Alamosa,,81101,Alamosa County,37.470901,-105.849477
2019,,,Cats Alive,,Alamosa,,81101,Alamosa County,37.470901,-105.849477
2022,,,Cats Alive,,Alamosa,,81101,Alamosa County,37.470901,-105.849477
2023,,Pet Animal Large Rescue,Cats Alive Slv,,Del Norte,Co,,Rio Grande,,
Licensing,,Pet Animal Large Rescue,Cats Alive Slv,,Del Norte,Co,,Rio Grande,,
2015,,,Cats Alive!,11864 Willow St.,,,81101,Alamosa County,,
2020,,,Cats Alive!,11864 Willow St.,,,81101,Alamosa County,,
2021,,,Cats Alive!,11864 Willow St.,,,81101,Alamosa County,,
2016,,,Cats League & Assistance of the Western Slope,,Grand Junction,,81505,Mesa County,39.067379,-108.570816
2023,,,Cats League & Assistance of the Western Slope,,Grand Junction,,81505,Mesa County,39.067379,-108.570816
Licensing,,Pet Animal Small Shelter,Cats League & Assistance of the Western Slope Adoption Center,,Grand Junction,Co,,Mesa,,
2017,,Pet Animal Small Shelter,Cats League and Assistance of the Western Slope,,Grand Junction,Co,81505,Mesa County,39.127619,-108.611092
2018,,Pet Animal Small Shelter,Cats League and Assistance of the Western Slope,,Grand Junction,Co,81505,Mesa County,39.127619,-108.611092
2019,,Pet Animal Small Shelter,Cats League and Assistance of the Western Slope,,Grand Junction,Co,81505,Mesa County,39.127619,-108.611092
2020,,Pet Animal Small Shelter,Cats League and Assistance of the Western Slope,,Grand Junction,Co,81505,Mesa County,39.127619,-108.611092
Licensing,,Pet Animal Small Shelter,Cats League and Assistance of the Western Slope,,Grand Junction,Co,81505,Mesa,39.127619,-108.611092
2019,,,Cats League and Assistance of the Western Slope - CLAWS Adoption,,,,,,,
2020,,,Cats League and Assistance of the Western Slope Adoption Center,,,,,,,
2021,,,Cats League and Assistance of the Western Slope Adoption Center,,,,,,,
2022,,,Cats League and Assistance of the Western Slope Adoption Center,,,,,,,
2023,,,Cats League and Assistance of the Western Slope Adoption Center,,,,,,,
2021,,,Cats League of the Western Slope,,,,,,,
2022,,,Cats League of the Western Slope,,,,,,,
2022,,,Cavalier King Charles Spaniel Club Rescue,,,,,,,
2020,,,"Cavalier King Charles Spaniel Club Rescue, Inc",,,,,,,
2019,,Pet Animal Small Rescue,"Cavalier King Charles Spaniel Club Rescue, Inc.",,Boulder,Co,,Boulder,,
2021,,Pet Animal Small Rescue,"Cavalier King Charles Spaniel Club Rescue, Inc.",,Boulder,Co,,Boulder,,
2023,,Pet Animal Small Rescue,"Cavalier King Charles Spaniel Club Rescue, Inc.",,Boulder,Co,,Boulder,,
Licensing,,Pet Animal Small Rescue,"Cavalier King Charles Spaniel Club Rescue, Inc.",,Boulder,Co,,Boulder,,
2017,,,"Cavalier King Charles Spaniel Club Rescue, Inc. ",,Littleton,,80122,Arapahoe County,39.58058,-104.956429
2018,,,"Cavalier King Charles Spaniel Club Rescue, Inc. ",,Littleton,,80122,Arapahoe County,39.58058,-104.956429
Licensing,,Pet Animal Small Rescue,Cavalli's Husky & Wolfdog Rescue,,Fountain,Co,,El Paso,,
2022,,Pet Animal Large Rescue,Cavies and Canines Animal Rescue,,Wellington,Co,,Larimer,,
Licensing,,Pet Animal Large Rescue,Cavies and Canines Animal Rescue,,Wellington,Co,,Larimer,,
2014,,Pet Animal Small Rescue,Cavy Care Inc,4343 S Jasper St,Aurora ,Co,80015,Arapahoe County,39.636874,-104.805447
2016,,Pet Animal Small Rescue,Cavy Care Inc,4343 S Jasper St,Aurora,Co,80015,Arapahoe County,41.75527,-88.309507
Licensing,,Pet Animal Small Rescue,Cavy Care Inc,4343 S Jasper St,Aurora,Co,80015,Arapahoe,41.75527,-88.309507
2007,3027.0,,Cavy Care Inc.,4343 S. Jasper St.,Aurora,Co,80015.0,Arapahoe County,39.622871,-104.772908
2008,3027,,Cavy Care Inc.,4343 S. Jasper St.,Aurora,Co,80015.0,Arapahoe County,39.622871,-104.772908
2009,3027,,Cavy Care Inc.,4343 S. Jasper St.,Aurora,Co,80015.0,Arapahoe County,39.622871,-104.772908
2010,3027,,Cavy Care Inc.,4343 S. Jasper St.,Aurora,Co,80015.0,Arapahoe County,39.622871,-104.772908
2011,3027,,Cavy Care Inc.,4343 S. Jasper St.,Aurora,Co,80015.0,Arapahoe County,39.622871,-104.772908
2012,3027.0,,Cavy Care Inc.,4343 S. Jasper St.,Aurora,Co,80015.0,Arapahoe County,39.622871,-104.772908
2013,3027,,Cavy Care Inc.,4343 S. Jasper St.,Aurora,Co,80015.0,Arapahoe County,39.622871,-104.772908
2015,3027,,Cavy Care Inc.,4343 S. Jasper St.,Aurora,Co,80015,Arapahoe County,39.622871,-104.772908
2017,3027,,Cavy Care Inc.,4343 S. Jasper St.,Aurora,Co,80015,Arapahoe County,39.622871,-104.772908
2018,3027,,Cavy Care Inc.,4343 S. Jasper St.,Aurora,Co,80015,Arapahoe County,39.622871,-104.772908
2019,3027,,Cavy Care Inc.,4343 S. Jasper St.,Aurora,Co,80015,Arapahoe County,39.622871,-104.772908
2020,3027,,Cavy Care Inc.,4343 S. Jasper St.,Aurora,Co,80015,Arapahoe County,39.622871,-104.772908
2021,3027,,Cavy Care Inc.,4343 S. Jasper St.,Aurora,Co,80015,Arapahoe County,39.622871,-104.772908
2022,3027,,Cavy Care Inc.,4343 S. Jasper St.,Aurora,Co,80015,Arapahoe County,39.622871,-104.772908
2023,3027,,Cavy Care Inc.,4343 S. Jasper St.,Aurora,Co,80015,Arapahoe County,39.622871,-104.772908
2017,,,Cayleb's Kindred Senior Dog Rescue,,Denver,,80203,Denver County,39.731179,-104.982637
2018,,,Cayleb's Kindred Senior Dog Rescue,,Denver,,80203,Denver County,39.731179,-104.982637
2019,,,Cayleb's Kindred Senior Dog Rescue,,Denver,,80203,Denver County,39.731179,-104.982637
2020,,,Cayleb's Kindred Senior Dog Rescue,,Denver,,80203,Denver County,39.731179,-104.982637
2021,,,Cayleb's Kindred Senior Dog Rescue,,Denver,,80203,Denver County,39.731179,-104.982637
2015,,,Certified Pound Hounds,2228 Robin Dr.,,,80909,El Paso County,,
2022,,,Charlene Wolfe,,,,,,,
2007,1852.0,,Charlotte Williams Animal Refuge,33210 Co. Rd. 34,Matheson,Co,80830.0,,,
2008,1852,,Charlotte Williams Animal Refuge,33210 Co. Rd. 34,Matheson,Co,80830.0,,,
2009,1852,,Charlotte Williams Animal Refuge,33210 Co. Rd. 34,Matheson,Co,80830.0,,,
2010,1852,,Charlotte Williams Animal Refuge,33210 Co. Rd. 34,Matheson,Co,80830.0,,,
2011,1852,,Charlotte Williams Animal Refuge,33210 Co. Rd. 34,Matheson,Co,80830.0,,,
2012,1852.0,,Charlotte Williams Animal Refuge,33210 Co. Rd. 34,Matheson,Co,80830.0,,,
2013,1852,,Charlotte Williams Animal Refuge,33210 Co. Rd. 34,Matheson,Co,80830.0,,,
2007,5633.0,,Cheris Pet Care,529 Main St. Suite 2,Alamosa,Co,81101.0,,,
2008,5633,,Cheris Pet Care,529 Main St. Suite 2,Alamosa,Co,81101.0,,,
2009,5633,,Cheris Pet Care,529 Main St. Suite 2,Alamosa,Co,81101.0,,,
2019,,,Cheyenne Animal Shelter,,,,,,,
2007,5433.0,,Chihuahua & Small Breed Rescue,2800 S. Pennsylvania St.,Englewood,Co,80113.0,,,
2008,5433,,Chihuahua & Small Breed Rescue,2800 S. Pennsylvania St.,Englewood,Co,80113.0,,,
2009,5433,,Chihuahua & Small Breed Rescue,2800 S. Pennsylvania St.,Englewood,Co,80113.0,,,
2014,,,"Chihuahua & Small Dog Rescue, Inc",50-H Mount View Lane,Colo Spgs ,,80907,El Paso County,38.889653,-104.82293
2007,5406.0,,"Chihuahua & Small Dog Rescue, Inc.",53 Monk St.,Colorado Springs,Co,80911.0,El Paso County,38.835224,-104.819798
2008,5406,,"Chihuahua & Small Dog Rescue, Inc.",53 Monk St.,Colorado Springs,Co,80911.0,El Paso County,38.835224,-104.819798
2009,5406,,"Chihuahua & Small Dog Rescue, Inc.",53 Monk St.,Colorado Springs,Co,80911.0,El Paso County,38.835224,-104.819798
2010,5406,,"Chihuahua & Small Dog Rescue, Inc.",53 Monk St.,Colorado Springs,Co,80911.0,El Paso County,38.835224,-104.819798
2011,5406,,"Chihuahua & Small Dog Rescue, Inc.",53 Monk St.,Colorado Springs,Co,80911.0,El Paso County,38.835224,-104.819798
2012,5406.0,,"Chihuahua & Small Dog Rescue, Inc.",53 Monk St.,Colorado Springs,Co,80911.0,El Paso County,38.835224,-104.819798
2013,5406,,"Chihuahua & Small Dog Rescue, Inc.",53 Monk St.,Colorado Springs,Co,80911.0,El Paso County,38.835224,-104.819798
2015,5406,,"Chihuahua & Small Dog Rescue, Inc.",50 H Mount View Lane,Colorado Springs,Co,80907,El Paso County,38.835224,-104.819798
2016,5406,,"Chihuahua & Small Dog Rescue, Inc.",50 H Mount View Lane,Colorado Springs,Co,80907,El Paso County,38.835224,-104.819798
2017,5406,,"Chihuahua & Small Dog Rescue, Inc.",50 H Mount View Lane,Colorado Springs,Co,80907,El Paso County,38.87773,-104.821147
2018,5406,,"Chihuahua & Small Dog Rescue, Inc.",50 H Mount View Lane,Colorado Springs,Co,80907,El Paso County,38.87773,-104.821147
2019,5406,,"Chihuahua & Small Dog Rescue, Inc.",50 H Mount View Lane,Colorado Springs,Co,80907,El Paso County,38.87773,-104.821147
2020,5406,,"Chihuahua & Small Dog Rescue, Inc.",50 H Mount View Lane,Colorado Springs,Co,80907,El Paso County,38.87773,-104.821147
2021,5406,,"Chihuahua & Small Dog Rescue, Inc.",50 H Mount View Lane,Colorado Springs,Co,80907,El Paso County,38.87773,-104.821147
2023,5406,,"Chihuahua & Small Dog Rescue, Inc.",50 H Mount View Lane,Colorado Springs,Co,80907,El Paso County,38.87773,-104.821147
2022,,,"Chihuahua & Small Dog Rescue, Inv",,,,,,,
2015,,,Chow Dow Pet Supplies,1260 Bergen Parkway,,,80439,Jefferson County,,
2019,,,Chow Down,,,,,,,
2021,,,Chow Down - Evergreen,,,,,,,
2022,,,Chow Down - Evergreen,,,,,,,
2023,,,Chow Down - Evergreen,,,,,,,
2007,4741.0,,Chow Down Pet Supplies,3719 N. Evergreen Pkwy.,Evergreen,Co,80439.0,Jefferson County,39.633517,-105.328888
2016,4741.0,,Chow Down Pet Supplies,3719 N. Evergreen Pkwy.,Evergreen,Co,80439,Jefferson County,39.633517,-105.328888
2017,4741.0,,Chow Down Pet Supplies,3719 N. Evergreen Pkwy.,Evergreen,Co,80439,Jefferson County,39.647716,-105.362296
2018,4741.0,,Chow Down Pet Supplies,3719 N. Evergreen Pkwy.,Evergreen,Co,80439,Jefferson County,39.647716,-105.362296
2010,6423,,Christe O Rourke,CO Rd 74/82,Elbert,Co,8753.0,,,
2011,6423,,Christie O'Rourke,8753 County Road 74/82,Elbert,Co,80106.0,,,
2012,6423.0,,Christie O'Rourke,8753 County Road 74/82,Elbert,Co,80106.0,,,
Licensing,,Pet Animal Small Shelter,Cindy Wehrer,,Fort Morgan,Co,,Morgan,,
2018,,,Circle 2 Ranch - An Animal Sanctuary,,,,,Jefferson County,,
2017,,,Circle 2 Ranch - an Animal Sancturay,,Evergreen,,80439,Jefferson County,39.647716,-105.362296
Licensing,,Pet Animal Large Rescue,Circle 2 Ranch An Animal Sanctuary,,Evergreen,Co,,Jefferson,,
2016,,,Circle 2 Rescue,,Evergreen,,80439,Jefferson County,39.633517,-105.328888
2019,,,Circle 2 Rescue,,Evergreen,,80439,Jefferson County,39.633517,-105.328888
2020,,,Circle 2 Rescue,,Evergreen,,80439,Jefferson County,39.633517,-105.328888
2021,,,Circle 2 Rescue,,Evergreen,,80439,Jefferson County,39.633517,-105.328888
2022,,,Circle 2 Rescue,,Evergreen,,80439,Jefferson County,39.633517,-105.328888
2023,,,Circle 2 Rescue,,Evergreen,,80439,Jefferson County,39.633517,-105.328888
2014,,,Cisco Kidd,22351 E Bayaud St,Aurora ,,80018,Arapahoe County,39.714731,-104.727795
2015,,,"Cisco Kidd, LLC",22351 E Bayaud Ave,,,80018,Arapahoe County,,
2013,6833,,Cisco's Den,22351 E Bayaud Ave,Aurora,Co,80018.0,,,
2007,38.0,,City Of Aurora Animal Shelter,15750 E. 32Nd Ave.,Aurora,Co,80011.0,,,
2008,38,,City Of Aurora Animal Shelter,15750 E. 32Nd Ave.,Aurora,Co,80011.0,,,
2009,38,,City Of Aurora Animal Shelter,15750 E. 32Nd Ave.,Aurora,Co,80011.0,,,
2010,38,,City Of Aurora Animal Shelter,15750 E. 32nd Ave.,Aurora,Co,80011.0,,,
2011,38,,City Of Aurora Animal Shelter,15750 E. 32Nd Ave.,Aurora,Co,80011.0,,,
2012,38.0,,City Of Aurora Animal Shelter,15750 E. 32Nd Ave.,Aurora,Co,80011.0,,,
2013,38,,City Of Aurora Animal Shelter,15750 E. 32Nd Ave.,Aurora,Co,80011.0,,,
2007,42.0,,City Of Brighton Animal Shelter,325 1/2 N. Kuner Rd.,Brighton,Co,80601.0,,,
2008,42,,City Of Brighton Animal Shelter,325 1/2 N. Kuner Rd.,Brighton,Co,80601.0,,,
2009,42,,City Of Brighton Animal Shelter,325 1/2 N. Kuner Rd.,Brighton,Co,80601.0,,,
2011,42,,City Of Brighton Animal Shelter,325 1/2 N. Kuner Rd.,Brighton,Co,80601.0,,,
2012,42.0,,City Of Brighton Animal Shelter,325 1/2 N. Kuner Rd.,Brighton,Co,80601.0,,,
2013,42,,City Of Brighton Animal Shelter,325 1/2 N. Kuner Rd.,Brighton,Co,80601.0,,,
2007,2652.0,,City Of Brush Animal Shelter,20503 Mcr 28,Brush,Co,80723.0,,,
2008,2652,,City Of Brush Animal Shelter,20503 Mcr 28,Brush,Co,80723.0,,,
2009,2652,,City Of Brush Animal Shelter,20503 Mcr 28,Brush,Co,80723.0,,,
2010,2652,,City Of Brush Animal Shelter,20503 Mcr 28,Brush,Co,80723.0,,,
2011,2652,,City Of Brush Animal Shelter,20503 Mcr 28,Brush,Co,80723.0,,,
2012,2652.0,,City Of Brush Animal Shelter,20503 Mcr 28,Brush,Co,80723.0,,,
2013,2652,,City Of Brush Animal Shelter,20503 Mcr 28,Brush,Co,80723.0,,,
2007,2699.0,,City Of Burlington Animal Shelter - I,"415 15Th St, P.O. Box 423",Burlington,Co,80807.0,,,
2008,2699,,City Of Burlington Animal Shelter - I,"415 15Th St, P.O. Box 423",Burlington,Co,80807.0,,,
2009,2699,,City Of Burlington Animal Shelter - I,"415 15Th St, P.O. Box 423",Burlington,Co,80807.0,,,
2010,2699,,City Of Burlington Animal Shelter - I,"415 15th St, P.O. Box 423",Burlington,Co,80807.0,,,
2011,2699,,City Of Burlington Animal Shelter - I,"415 15Th St, P.O. Box 423",Burlington,Co,80807.0,,,
2012,2699.0,,City Of Burlington Animal Shelter - I,"415 15Th St, P.O. Box 423",Burlington,Co,80807.0,,,
2013,2699,,City Of Burlington Animal Shelter - I,"415 15Th St, P.O. Box 423",Burlington,Co,80807.0,,,
2007,4684.0,,City Of Cortez Animal Shelter,2791 E. Main,Cortez,Co,81321.0,Montezuma County,,
2008,4684,,City Of Cortez Animal Shelter,2791 E. Main,Cortez,Co,81321.0,Montezuma County,,
2009,4684,,City Of Cortez Animal Shelter,2791 E. Main,Cortez,Co,81321.0,Montezuma County,,
2011,4684,,City Of Cortez Animal Shelter,2791 E. Main,Cortez,Co,81321.0,Montezuma County,,
2012,4684.0,,City Of Cortez Animal Shelter,2791 E. Main,Cortez,Co,81321.0,Montezuma County,,
2013,4684,,City Of Cortez Animal Shelter,2791 E. Main,Cortez,Co,81321.0,Montezuma County,,
2018,4684,,City Of Cortez Animal Shelter,2791 E. Main,Cortez,Co,81321.0,Montezuma County,,
2020,4684,,City Of Cortez Animal Shelter,2791 E. Main,Cortez,Co,81321.0,Montezuma County,,
2007,1699.0,,City Of Cripple Creek Animal Shelter,550 Hayden,Cripple Creek,Co,80813.0,,,
2008,1699,,City Of Cripple Creek Animal Shelter,550 Hayden,Cripple Creek,Co,80813.0,,,
2009,1699,,City Of Cripple Creek Animal Shelter,550 Hayden,Cripple Creek,Co,80813.0,,,
2011,1699,,City Of Cripple Creek Animal Shelter,550 Hayden,Cripple Creek,Co,80813.0,,,
2012,1699.0,,City Of Cripple Creek Animal Shelter,550 Hayden,Cripple Creek,Co,80813.0,,,
2013,1699,,City Of Cripple Creek Animal Shelter,550 Hayden,Cripple Creek,Co,80813.0,,,
2023,1699,,City Of Cripple Creek Animal Shelter,550 Hayden,Cripple Creek,Co,80813.0,,,
2007,1745.0,,City Of Delta Animal Resource Center,640 W. 4Th,Delta,Co,81416.0,,,
2008,1745,,City Of Delta Animal Resource Center,640 W. 4Th,Delta,Co,81416.0,,,
2009,1745,,City Of Delta Animal Resource Center,640 W. 4Th,Delta,Co,81416.0,,,
2010,1745,,City Of Delta Animal Resource Center,640 W. 4th,Delta,Co,81416.0,,,
2007,4201.0,,City Of Ft Morgan Animal Shelter,900 E. Railroad Ave.,Fort Morgan,Co,80701.0,,,
2008,4201,,City Of Ft Morgan Animal Shelter,900 E. Railroad Ave.,Fort Morgan,Co,80701.0,,,
2007,12.0,,City Of Gunnison Animal Shelter,1100 W. Virginia Ave.,Gunnison,Co,81230.0,,,
2008,12,,City Of Gunnison Animal Shelter,1100 W. Virginia Ave.,Gunnison,Co,81230.0,,,
2009,12,,City Of Gunnison Animal Shelter,1100 W. Virginia Ave.,Gunnison,Co,81230.0,,,
2011,12,,City Of Gunnison Animal Shelter,1100 W. Virginia Ave.,Gunnison,Co,81230.0,,,
2012,12.0,,City Of Gunnison Animal Shelter,1100 W. Virginia Ave.,Gunnison,Co,81230.0,,,
2013,12,,City Of Gunnison Animal Shelter,1100 W. Virginia Ave.,Gunnison,Co,81230.0,,,
2007,1731.0,,City Of La Junta Animal Shelter,30227 6Th Ave,La Junta,Co,81050.0,Otero County,38.039692,-103.516604
2008,1731,,City Of La Junta Animal Shelter,30227 6Th Ave,La Junta,Co,81050.0,Otero County,38.039692,-103.516604
2009,1731,,City Of La Junta Animal Shelter,30227 6Th Ave,La Junta,Co,81050.0,Otero County,38.039692,-103.516604
2010,1731,,City Of La Junta Animal Shelter,30227 6th Ave,Lajunta,Co,81050.0,Otero County,38.039692,-103.516604
2011,1731,,City Of La Junta Animal Shelter,30227 6Th Ave,La Junta,Co,81050.0,Otero County,38.039692,-103.516604
2012,1731.0,,City Of La Junta Animal Shelter,30227 6Th Ave,La Junta,Co,81050.0,Otero County,38.039692,-103.516604
2013,1731,,City Of La Junta Animal Shelter,30227 6Th Ave,La Junta,Co,81050.0,Otero County,38.039692,-103.516604
2014,1731,,City Of La Junta Animal Shelter,30227 6Th Ave,La Junta ,Co,81050,Otero County,38.039692,-103.516604
2015,1731,,City Of La Junta Animal Shelter,30227 6th Ave,La Junta ,Co,81050,Otero County,38.039692,-103.516604
2018,1731,,City Of La Junta Animal Shelter,30227 6th Ave,La Junta ,Co,81050,Otero County,38.039692,-103.516604
2007,4099.0,,City Of Lafayette Animal Shelter,1700 Distel Dr.,Lafayette,Co,80026.0,,,
2008,4099,,City Of Lafayette Animal Shelter,1700 Distel Dr.,Lafayette,Co,80026.0,,,
2009,4099,,City Of Lafayette Animal Shelter,1700 Distel Dr.,Lafayette,Co,80026.0,,,
2010,4099,,City Of Lafayette Animal Shelter,1700 Distel Dr.,Lafayette,Co,80026.0,,,
2011,4099,,City Of Lafayette Animal Shelter,1700 Distel Dr.,Lafayette,Co,80026.0,,,
2012,4099.0,,City Of Lafayette Animal Shelter,1700 Distel Dr.,Lafayette,Co,80026.0,,,
2013,4099,,City Of Lafayette Animal Shelter,1700 Distel Dr.,Lafayette,Co,80026.0,,,
2007,25.0,,City Of Lamar Animal Shelter,8551 Rd. Ee.5,Lamar,Co,81052.0,,,
2008,25,,City Of Lamar Animal Shelter,8551 Rd. Ee.5,Lamar,Co,81052.0,,,
2009,25,,City Of Lamar Animal Shelter,8551 Rd. Ee.5,Lamar,Co,81052.0,,,
2010,25,,City Of Lamar Animal Shelter,8551 Rd. Ee.5,Lamar,Co,81052.0,,,
2011,25,,City Of Lamar Animal Shelter,8551 Rd. Ee.5,Lamar,Co,81052.0,,,
2012,25.0,,City Of Lamar Animal Shelter,8551 Rd. Ee.5,Lamar,Co,81052.0,,,
2013,25,,City Of Lamar Animal Shelter,8551 Rd. Ee.5,Lamar,Co,81052.0,,,
2018,,,City Of Las Animas/County Of Bent Shelter,,,,,Bent County,,
2007,2495.0,,City Of Louisville,1600 Empire Rd,Louisville,Co,80027.0,,,
2008,2495,,City Of Louisville,1600 Empire Rd,Louisville,Co,80027.0,,,
2009,2495,,City Of Louisville,1600 Empire Rd,Louisville,Co,80027.0,,,
2010,2495,,City Of Louisville,1600 Empire Rd,Louisville,Co,80027.0,,,
2011,2495,,City Of Louisville,1600 Empire Rd,Louisville,Co,80027.0,,,
2012,2495.0,,City Of Louisville,1600 Empire Rd,Louisville,Co,80027.0,,,
2013,2495,,City Of Louisville,1600 Empire Rd,Louisville,Co,80027.0,,,
2007,638.0,,City Of Montrose Animal Shelter,3383 North Townsend Ave,Montrose,Co,81401.0,,,
2008,638,,City Of Montrose Animal Shelter,3383 North Townsend Ave,Montrose,Co,81401.0,,,
2009,638,,City Of Montrose Animal Shelter,3383 North Townsend Ave,Montrose,Co,81401.0,,,
2010,638,,City Of Montrose Animal Shelter,3383 North Townsend Ave,Montrose,Co,81401.0,,,
2011,638,,City Of Montrose Animal Shelter,3383 North Townsend Ave,Montrose,Co,81401.0,,,
2012,638.0,,City Of Montrose Animal Shelter,3383 North Townsend Ave,Montrose,Co,81401.0,,,
2013,638,,City Of Montrose Animal Shelter,3383 North Townsend Ave,Montrose,Co,81401.0,,,
2007,1791.0,,City Of Rifle Animal Shelter,0569 Cr 265,Rifle,Co,81650.0,,,
2008,1791,,City Of Rifle Animal Shelter,0569 Cr 265,Rifle,Co,81650.0,,,
2009,1791,,City Of Rifle Animal Shelter,0569 Cr 265,Rifle,Co,81650.0,,,
2010,1791,,City Of Rifle Animal Shelter,0569 Cr 265,Rifle,Co,81650.0,,,
2011,1791,,City Of Rifle Animal Shelter,0569 Cr 265,Rifle,Co,81650.0,,,
2012,1791.0,,City Of Rifle Animal Shelter,0569 Cr 265,Rifle,Co,81650.0,,,
2013,1791,,City Of Rifle Animal Shelter,0569 Cr 265,Rifle,Co,81650.0,,,
2007,48.0,,City Of Rocky Ford Animal Shelter,203 S. 9Th Street,Rocky Ford,Co,81067.0,,,
2008,48,,City Of Rocky Ford Animal Shelter,203 S. 9Th Street,Rocky Ford,Co,81067.0,,,
2009,48,,City Of Rocky Ford Animal Shelter,203 S. 9Th Street,Rocky Ford,Co,81067.0,,,
2010,48,,City Of Rocky Ford Animal Shelter,203 S. 9th Street,Rocky Ford,Co,81067.0,,,
2011,48,,City Of Rocky Ford Animal Shelter,203 S. 9Th Street,Rocky Ford,Co,81067.0,,,
2012,48.0,,City Of Rocky Ford Animal Shelter,203 S. 9Th Street,Rocky Ford,Co,81067.0,,,
2013,48,,City Of Rocky Ford Animal Shelter,203 S. 9Th Street,Rocky Ford,Co,81067.0,,,
2007,30.0,,City Of Steamboat Springs Animal Shelter,760 Critter Ct,Steamboat Springs,Co,80477.0,,,
2008,30,,City Of Steamboat Springs Animal Shelter,760 Critter Ct,Steamboat Springs,Co,80477.0,,,
2009,30,,City Of Steamboat Springs Animal Shelter,760 Critter Ct,Steamboat Springs,Co,80477.0,,,
2010,30,,City Of Steamboat Springs Animal Shelter,760 Critter Ct,Steamboat Springs,Co,80477.0,,,
2011,30,,City Of Steamboat Springs Animal Shelter,760 Critter Ct,Steamboat Springs,Co,80477.0,,,
2012,30.0,,City Of Steamboat Springs Animal Shelter,760 Critter Ct,Steamboat Springs,Co,80477.0,,,
2013,30,,City Of Steamboat Springs Animal Shelter,760 Critter Ct,Steamboat Springs,Co,80477.0,,,
2007,1803.0,,City Of Walsenburg Animal Shelter,305 Ray Sandoval St.,Walsenburg,Co,81089.0,,,
2008,1803,,City Of Walsenburg Animal Shelter,305 Ray Sandoval St.,Walsenburg,Co,81089.0,,,
2009,1803,,City Of Walsenburg Animal Shelter,305 Ray Sandoval St.,Walsenburg,Co,81089.0,,,
2010,1803,,City Of Walsenburg Animal Shelter,305 Ray Sandoval St.,Walsenburg,Co,81089.0,,,
2011,1803,,City Of Walsenburg Animal Shelter,305 Ray Sandoval St.,Walsenburg,Co,81089.0,,,
2012,1803.0,,City Of Walsenburg Animal Shelter,305 Ray Sandoval St.,Walsenburg,Co,81089.0,,,
2013,1803,,City Of Walsenburg Animal Shelter,305 Ray Sandoval St.,Walsenburg,Co,81089.0,,,
2021,1803,,City Of Walsenburg Animal Shelter,305 Ray Sandoval St.,Walsenburg,Co,81089.0,,,
2007,2230.0,,City Of Wray Animal Shelter,100 E. Badger St.,Wray,Co,80758.0,,,
2008,2230,,City Of Wray Animal Shelter,100 E. Badger St.,Wray,Co,80758.0,,,
2009,2230,,City Of Wray Animal Shelter,100 E. Badger St.,Wray,Co,80758.0,,,
2011,2230,,City Of Wray Animal Shelter,100 E. Badger St.,Wray,Co,80758.0,,,
2012,2230.0,,City Of Wray Animal Shelter,100 E. Badger St.,Wray,Co,80758.0,,,
2013,2230,,City Of Wray Animal Shelter,100 E. Badger St.,Wray,Co,80758.0,,,
2010,2230,,City Of Wray Dog Pound,100 E Badger St,Wray,Co,80758.0,,,
2007,2661.0,Pet Animal Small Shelter,City Of Yuma Animal Shelter,102 N. Birch St.,Yuma,Co,80759.0,Yuma County,40.154043,-102.667528
2008,2661,Pet Animal Small Shelter,City Of Yuma Animal Shelter,102 N. Birch St.,Yuma,Co,80759.0,Yuma County,40.154043,-102.667528
2009,2661,Pet Animal Small Shelter,City Of Yuma Animal Shelter,102 N. Birch St.,Yuma,Co,80759.0,Yuma County,40.154043,-102.667528
2010,2661,Pet Animal Small Shelter,City Of Yuma Animal Shelter,102 N. Birch St.,Yuma,Co,80759.0,Yuma County,40.154043,-102.667528
2011,2661,Pet Animal Small Shelter,City Of Yuma Animal Shelter,102 N. Birch St.,Yuma,Co,80759.0,Yuma County,40.154043,-102.667528
2012,2661.0,Pet Animal Small Shelter,City Of Yuma Animal Shelter,102 N. Birch St.,Yuma,Co,80759.0,Yuma County,40.154043,-102.667528
2013,2661,Pet Animal Small Shelter,City Of Yuma Animal Shelter,102 N. Birch St.,Yuma,Co,80759.0,Yuma County,40.154043,-102.667528
2017,2661,Pet Animal Small Shelter,City Of Yuma Animal Shelter,102 N. Birch St.,Yuma,Co,80759,Yuma County,40.154043,-102.667528
2023,2661,Pet Animal Small Shelter,City Of Yuma Animal Shelter,102 N. Birch St.,Yuma,Co,80759,Yuma County,40.154043,-102.667528
Licensing,2661,Pet Animal Small Shelter,City Of Yuma Animal Shelter,102 N. Birch St.,Yuma,Co,80759,Yuma,40.154043,-102.667528
2023,,,City of Aurora Animal Services,,,,,,,
2014,,Pet Animal Large Shelter,City of Aurora Animal Shelter,15750 E 32nd Ave,Aurora ,Co,80011,Adams County,39.76192,-104.804229
2015,,Pet Animal Large Shelter,City of Aurora Animal Shelter,15750 E 32nd Ave,Aurora ,Co,80011,Adams County,39.76192,-104.804229
2016,,Pet Animal Large Shelter,City of Aurora Animal Shelter,15750 E 32nd Ave,Aurora,Co,80011,Adams County,41.75527,-88.309507
2017,,Pet Animal Large Shelter,City of Aurora Animal Shelter,15750 E 32nd Ave,Aurora,Co,80011,Adams County,39.74187,-104.799113
2018,,Pet Animal Large Shelter,City of Aurora Animal Shelter,15750 E 32nd Ave,Aurora,Co,80011,Adams County,39.74187,-104.799113
2020,,Pet Animal Large Shelter,City of Aurora Animal Shelter,15750 E 32nd Ave,Aurora,Co,80011,Adams County,39.74187,-104.799113
2022,,Pet Animal Large Shelter,City of Aurora Animal Shelter,15750 E 32nd Ave,Aurora,Co,80011,Adams County,39.74187,-104.799113
Licensing,,Pet Animal Large Shelter,City of Aurora Animal Shelter,15750 E 32nd Ave,Aurora,Co,80011,Adams,39.74187,-104.799113
2017,,,City of Aurora Animal Shelter PetSmart,,Westminster,,80021,Adams County,39.888912,-105.106509
2014,,,City of Brighton Animal Shelter,325 1/2 N Kuner Rd,Brighton ,,80601,Adams County,39.992615,-104.823061
2015,,,City of Brighton Animal Shelter,325 1/2 N Kuner Rd,Brighton ,,80601,Adams County,39.992615,-104.823061
2016,,,City of Brighton Animal Shelter,325 1/2 N Kuner Rd,Brighton,,80601,Adams County,39.986767,-104.812604
2014,,Pet Animal Small Shelter,City of Brush Animal Shelter,20503 County Road 28,Brush ,Co,80723,Morgan County,40.301747,-103.621881
2015,,Pet Animal Small Shelter,City of Brush Animal Shelter,20503 County Road 28,Brush ,Co,80723,Morgan County,40.301747,-103.621881
2016,,Pet Animal Small Shelter,City of Brush Animal Shelter,20503 County Road 28,Brush,Co,Co,Morgan County,40.255356,-103.621751
2017,,Pet Animal Small Shelter,City of Brush Animal Shelter,20503 County Road 28,"Brush,  CO",Co,Co,Morgan County,40.255356,-103.621751
2018,,Pet Animal Small Shelter,City of Brush Animal Shelter,20503 County Road 28,"Brush,  CO",Co,Co,Morgan County,40.255356,-103.621751
2019,,Pet Animal Small Shelter,City of Brush Animal Shelter,20503 County Road 28,"Brush,  CO",Co,Co,Morgan County,40.255356,-103.621751
2020,,Pet Animal Small Shelter,City of Brush Animal Shelter,20503 County Road 28,"Brush,  CO",Co,Co,Morgan County,40.255356,-103.621751
2021,,Pet Animal Small Shelter,City of Brush Animal Shelter,20503 County Road 28,"Brush,  CO",Co,Co,Morgan County,40.255356,-103.621751
2022,,Pet Animal Small Shelter,City of Brush Animal Shelter,20503 County Road 28,"Brush,  CO",Co,Co,Morgan County,40.255356,-103.621751
2023,,Pet Animal Small Shelter,City of Brush Animal Shelter,20503 County Road 28,"Brush,  CO",Co,Co,Morgan County,40.255356,-103.621751
Licensing,,Pet Animal Small Shelter,City of Brush Animal Shelter,20503 County Road 28,Brush,Co,Co,Morgan,40.255356,-103.621751
2016,,,City of Burlington,,Burlington,,80807,Kit Carson County,44.475949,-73.212481
2015,,Pet Animal Small Shelter,City of Burlington Animal Shelter,415 15Th,Burlington,Co,80807,Kit Carson County,39.30193,-102.224478
2017,,Pet Animal Small Shelter,City of Burlington Animal Shelter,415 15Th,Burlington,Co,80807,Kit Carson County,39.30193,-102.224478
2018,,Pet Animal Small Shelter,City of Burlington Animal Shelter,415 15Th,Burlington,Co,80807,Kit Carson County,39.30193,-102.224478
2019,,Pet Animal Small Shelter,City of Burlington Animal Shelter,415 15Th,Burlington,Co,80807,Kit Carson County,39.30193,-102.224478
2020,,Pet Animal Small Shelter,City of Burlington Animal Shelter,415 15Th,Burlington,Co,80807,Kit Carson County,39.30193,-102.224478
2021,,Pet Animal Small Shelter,City of Burlington Animal Shelter,415 15Th,Burlington,Co,80807,Kit Carson County,39.30193,-102.224478
2022,,Pet Animal Small Shelter,City of Burlington Animal Shelter,415 15Th,Burlington,Co,80807,Kit Carson County,39.30193,-102.224478
2023,,Pet Animal Small Shelter,City of Burlington Animal Shelter,415 15Th,Burlington,Co,80807,Kit Carson County,39.30193,-102.224478
Licensing,,Pet Animal Small Shelter,City of Burlington Animal Shelter,415 15Th,Burlington,Co,80807,Kit Carson,39.30193,-102.224478
2014,,,City of Burlington Dog Pound,17440 County Rd 49,Burlington ,,80807,Kit Carson County,39.292102,-102.260064
2014,,Pet Animal Small Shelter,City of Cortez Animal Shelter,2791 E Main,Cortez ,Co,81321,Montezuma County,37.353415,-108.546597
2015,,Pet Animal Small Shelter,City of Cortez Animal Shelter,2791 E Main St,Cortez ,Co,81321,Montezuma County,37.353415,-108.546597
2016,,Pet Animal Small Shelter,City of Cortez Animal Shelter,2791 E Main St,Cortez,Co,81321,Montezuma County,37.34862,-108.583778
2017,,Pet Animal Small Shelter,City of Cortez Animal Shelter,2791 E Main St,Cortez,Co,81321,Montezuma County,37.35312,-108.642546
2021,,Pet Animal Small Shelter,City of Cortez Animal Shelter,2791 E Main St,Cortez,Co,81321,Montezuma County,37.35312,-108.642546
2022,,Pet Animal Small Shelter,City of Cortez Animal Shelter,2791 E Main St,Cortez,Co,81321,Montezuma County,37.35312,-108.642546
2023,,Pet Animal Small Shelter,City of Cortez Animal Shelter,2791 E Main St,Cortez,Co,81321,Montezuma County,37.35312,-108.642546
Licensing,,Pet Animal Small Shelter,City of Cortez Animal Shelter,2791 E Main St,Cortez,Co,81321,Montezuma,37.35312,-108.642546
2014,,,City of Cripple Creek Animal Shelter,550 Hayden ,Cripple Creek ,,80813,Teller County,38.751607,-105.17666
2018,,,City of Cripple Creek Animal Shelter,550 Hayden ,Cripple Creek ,,80813,Teller County,38.751607,-105.17666
2019,,,City of Cripple Creek Animal Shelter,550 Hayden ,Cripple Creek ,,80813,Teller County,38.751607,-105.17666
2022,,,City of Cripple Creek Animal Shelter,550 Hayden ,Cripple Creek ,,80813,Teller County,38.751607,-105.17666
2014,,,City of Gunnison Animal Center,1100  W Virginia Ave,Gunnison ,,81230,Gunnison County,38.545539,-106.941321
2015,,,City of Gunnison Animal shelter,1100 w Virginia,,,81230,Gunnison County,,
Licensing,,Pet Animal Small Shelter,City of La Junta,,La Junta,Co,,Otero,,
2017,,,City of La Junta Animal Shelter,,La Junta,,81050,Otero County,37.970779,-103.535324
2019,,,City of La Junta Animal Shelter,,La Junta,,81050,Otero County,37.970779,-103.535324
2020,,,City of La Junta Animal Shelter,,La Junta,,81050,Otero County,37.970779,-103.535324
2021,,,City of La Junta Animal Shelter,,La Junta,,81050,Otero County,37.970779,-103.535324
2022,,,City of La Junta Animal Shelter,,La Junta,,81050,Otero County,37.970779,-103.535324
2023,,,City of La Junta Animal Shelter,,La Junta,,81050,Otero County,37.970779,-103.535324
2014,,,City of Lafayette Animal Shelter,1700 Distel Dr,Lafayette ,,80026,Boulder County,,
2015,,,City of Lafayette Animal Shelter,1700 Distel Drive,Lafayette ,,80026,Boulder County,,
2014,,Pet Animal Small Shelter,City of Lamar Animal Shelter,8511 County Road EE.5,Lamar ,Co,81052,Prowers County,38.049531,-102.607552
2015,,Pet Animal Small Shelter,City of Lamar Animal Shelter,8551 County Rd. EE.5,Lamar ,Co,81052,Prowers County,38.049531,-102.607552
2016,,Pet Animal Small Shelter,City of Lamar Animal Shelter,8551 County Rd. EE.5,Lamar,Co,81052,Prowers County,38.086092,-102.618982
2017,,Pet Animal Small Shelter,City of Lamar Animal Shelter,8551 County Rd. EE.5,Lamar,Co,81052,Prowers County,38.005204,-102.607585
2022,,Pet Animal Small Shelter,City of Lamar Animal Shelter,8551 County Rd. EE.5,Lamar,Co,81052,Prowers County,38.005204,-102.607585
2023,,Pet Animal Small Shelter,City of Lamar Animal Shelter,8551 County Rd. EE.5,Lamar,Co,81052,Prowers County,38.005204,-102.607585
Licensing,,Pet Animal Small Shelter,City of Lamar Animal Shelter,8551 County Rd. EE.5,Lamar,Co,81052,Prowers,38.005204,-102.607585
Licensing,,Pet Animal Small Shelter,City of Las Animas,,Las Animas,Co,,Bent,,
2023,,,City of Las Animas / Bent County Shelter,,,,,,,
2020,,,City of Las Animas/Bent County Shelter,,,,,,,
2021,,,City of Las Animas/Bent County Shelter,,,,,,,
2022,,,City of Las Animas/Bent County Shelter,,,,,,,
2019,,,City of Las Animas/County of Bent Animal Shelter,,,,,,,
Licensing,,Pet Animal Small Shelter,City of Leadville / Lake County,,Leadville,Co,,Lake,,
2019,,,City of Leadville/Lake County ,,,,,,,
2018,,,City of Leadville/lake County ,,,,,Lake County,,
Licensing,,Pet Animal Small Shelter,City of Montrose,,Montrose,Co,,Montrose,,
2019,,,City of Montrose Animal Services,,,,,,,
2014,,,City of Montrose Animal Shelter,3383 N Townsend Ave,Montrose ,,81401,Montrose County,38.512527,-107.914363
2015,,,City of Montrose Animal Shelter,3383 North Townsend Avenue,Montrose ,,81401,Montrose County,38.512527,-107.914363
2016,,,City of Montrose Animal Shelter,3383 North Townsend Avenue,Montrose,,81401,Montrose County,38.478034,-107.876806
2017,,,City of Montrose Animal Shelter,3383 North Townsend Avenue,Montrose,,81401,Montrose County,38.493124,-107.836691
2018,,,City of Montrose Animal Shelter,3383 North Townsend Avenue,Montrose,,81401,Montrose County,38.493124,-107.836691
2020,,,City of Montrose Animal Shelter,3383 North Townsend Avenue,Montrose,,81401,Montrose County,38.493124,-107.836691
2022,,Pet Animal Small Shelter,City of Rocky Ford,,Rocky Ford,Co,,Otero,,
Licensing,,Pet Animal Small Shelter,City of Rocky Ford,,Rocky Ford,Co,,Otero,,
2014,,,City of Rocky Ford Animal Shelter,203 S 9th St,Rocky Ford ,,81067,Otero County,38.05274,-103.721381
2015,,,City of Rocky Ford Animal Shelter,203 South 9th Street,Rocky Ford ,,81067,Otero County,38.05274,-103.721381
2018,,,City of Rocky Ford Animal Shelter,203 South 9th Street,Rocky Ford ,,81067,Otero County,38.05274,-103.721381
2019,,,City of Rocky Ford Animal Shelter,203 South 9th Street,Rocky Ford ,,81067,Otero County,38.05274,-103.721381
2023,,,City of Rocky Ford Animal Shelter,203 South 9th Street,Rocky Ford ,,81067,Otero County,38.05274,-103.721381
2014,,,City of Steamboat Springs Animal Shelter,760 Critter Ct,Steamboat Springs ,,80487,Routt County,40.49003,-106.85084
Licensing,,Pet Animal Small Shelter,City of Trinidad,,Trrinidad,Co,,Las Animas,,
2018,,Pet Animal Small Shelter,City of Walsenburg,,Walsenburg,Co,,Huerfano County,,
2019,,Pet Animal Small Shelter,City of Walsenburg,,Walsenburg,Co,,Huerfano County,,
2022,,Pet Animal Small Shelter,City of Walsenburg,,Walsenburg,Co,,Huerfano County,,
Licensing,,Pet Animal Small Shelter,City of Walsenburg,,Walsenburg,Co,,Huerfano,,
2014,,,City of Walsenburg Animal Shelter,305 Ray Sandoval,Walsenburg ,,81089,Huerfano County,37.629156,-104.75851
2015,,,City of Walsenburg Animal Shelter,305 Ray Sandoval Street,Walsenburg ,,81089,Huerfano County,37.629156,-104.75851
2016,,,City of Walsenburg Animal Shelter,305 Ray Sandoval Street,Walsenburg,,81089,Huerfano County,37.624695,-104.781409
2020,,,City of Walsenburg Animal Shelter,305 Ray Sandoval Street,Walsenburg,,81089,Huerfano County,37.624695,-104.781409
2014,,Pet Animal Small Shelter,City of Wray Animal Shelter,100 E Badger  St,Wray ,Co,80758,Yuma County,40.083776,-102.221961
2015,,Pet Animal Small Shelter,City of Wray Animal Shelter,100 E Badger Street,Wray ,Co,80758,Yuma County,40.083776,-102.221961
2016,,Pet Animal Small Shelter,City of Wray Animal Shelter,100 E Badger Street,Wray,Co,80758,Yuma County,40.079064,-102.227509
2017,,Pet Animal Small Shelter,City of Wray Animal Shelter,100 E Badger Street,Wray,Co,80758,Yuma County,40.112135,-102.228306
2018,,Pet Animal Small Shelter,City of Wray Animal Shelter,100 E Badger Street,Wray,Co,80758,Yuma County,40.112135,-102.228306
2019,,Pet Animal Small Shelter,City of Wray Animal Shelter,100 E Badger Street,Wray,Co,80758,Yuma County,40.112135,-102.228306
2020,,Pet Animal Small Shelter,City of Wray Animal Shelter,100 E Badger Street,Wray,Co,80758,Yuma County,40.112135,-102.228306
2021,,Pet Animal Small Shelter,City of Wray Animal Shelter,100 E Badger Street,Wray,Co,80758,Yuma County,40.112135,-102.228306
2022,,Pet Animal Small Shelter,City of Wray Animal Shelter,100 E Badger Street,Wray,Co,80758,Yuma County,40.112135,-102.228306
2023,,Pet Animal Small Shelter,City of Wray Animal Shelter,100 E Badger Street,Wray,Co,80758,Yuma County,40.112135,-102.228306
Licensing,,Pet Animal Small Shelter,City of Wray Animal Shelter,100 E Badger Street,Wray,Co,80758,Yuma,40.112135,-102.228306
2018,,,City of Yuma,,,,,Yuma County,,
2019,,,City of Yuma,,,,,Yuma County,,
2014,,,City of Yuma Animal Shelter,102 N Birch St,Yuma ,,80759,Yuma County,40.126471,-102.72603
2015,,,City of Yuma Animal Shelter,102 N. Birch St,Yuma ,,80759,Yuma County,40.126471,-102.72603
2016,,,City of Yuma Animal Shelter,102 N. Birch St,Yuma,,80759,Yuma County,32.722313,-114.62088
2020,,,City of Yuma Animal Shelter,102 N. Birch St,Yuma,,80759,Yuma County,32.722313,-114.62088
2021,,,City of Yuma Animal Shelter,102 N. Birch St,Yuma,,80759,Yuma County,32.722313,-114.62088
2022,,,City of Yuma Animal Shelter,102 N. Birch St,Yuma,,80759,Yuma County,32.722313,-114.62088
2017,,,City of brighton Animal Shelter,,"Brighton,  Co",,Co,Adams County,39.986767,-104.812604
2010,6171,,Claws Rescue & Adoption Center,2214 Sanford Drive #A-5,Grand Junction,Co,81505.0,,,
2014,,,Claws Rescue and Adoption Center,2214 Sanford Dr # A-5,Grand Junction ,,81505,Mesa County,39.111436,-108.641265
2007,5539.0,,Clear Creek County Animal Rescue League,12163 W. Stanford Dr.,Morrison,Co,80465.0,,,
2008,5539,,Clear Creek County Animal Rescue League,12163 W. Stanford Dr.,Morrison,Co,80465.0,,,
2009,5539,,Clear Creek County Animal Rescue League,12163 W. Stanford Dr.,Morrison,Co,80465.0,,,
2011,5539,,Clear Creek County Animal Rescue League,12163 W. Stanford Dr.,Morrison,Co,80465.0,,,
2012,5539.0,,Clear Creek County Animal Rescue League,12163 W. Stanford Dr.,Morrison,Co,80465.0,,,
2013,5539,,Clear Creek County Animal Rescue League,12163 W. Stanford Dr.,Morrison,Co,80465.0,,,
2014,,,Clear Creek/Gilpin Co. Animal Shelter,500 W. Dumont Rd.,Dumont ,,80436,Clear Creek County,,
Licensing,,Pet Animal Small Shelter,Clear Water Reptiles LLC,,Northglenn,Co,,Adams,,
2020,,Pet Animal Small Rescue,Clearwater Dog Training,,Lakewood,Co,,Jefferson,,
2021,,Pet Animal Small Rescue,Clearwater Dog Training,,Lakewood,Co,,Jefferson,,
2022,,Pet Animal Small Rescue,Clearwater Dog Training,,Lakewood,Co,,Jefferson,,
Licensing,,Pet Animal Small Rescue,Clearwater Dog Training,,Lakewood,Co,,Jefferson,,
2007,2649.0,,Clearwater Dog Training & Nikeno'S Second Chances,5555 W. Evans,Denver,Co,80227.0,,,
2008,2649,,Clearwater Dog Training & Nikeno'S Second Chances,5555 W. Evans,Denver,Co,80227.0,,,
2009,2649,,Clearwater Dog Training & Nikeno'S Second Chances,5555 W. Evans,Denver,Co,80227.0,,,
2011,2649,,Clearwater Dog Training & Nikeno'S Second Chances,5555 W. Evans,Denver,Co,80227.0,,,
2012,2649.0,,Clearwater Dog Training & Nikeno'S Second Chances,5555 W. Evans,Denver,Co,80227.0,,,
2013,2649,,Clearwater Dog Training & Nikeno'S Second Chances,5555 W. Evans,Denver,Co,80227.0,,,
2014,,,Clearwater Dog Training & Nikeno's Second Chances,5555 W. Evans Ave.,Denver ,,80227,Denver County,39.679141,-105.056607
2017,,,Clearwater Dog Training & Nikeno's Second Chances,5555 W. Evans Ave.,Denver,,80227,Denver County,39.665737,-105.092647
2015,,,Clearwater Dog Training & Nikenos Second Chances,5555 W. Evans Ave.,,,80227,Denver County,,
2018,,,Clearwater Dog Training LLC,,,,,Denver County,,
2016,,Pet Animal Large Rescue,Colorado Animal Care Foundation,,Bailey,Co,80421,Park County,39.405602,-105.472801
2017,,Pet Animal Large Rescue,Colorado Animal Care Foundation,,Bailey,Co,80421,Park County,39.444417,-105.521483
2021,,Pet Animal Large Rescue,Colorado Animal Care Foundation,,Bailey,Co,80421,Park County,39.444417,-105.521483
2023,,Pet Animal Large Rescue,Colorado Animal Care Foundation,,Bailey,Co,80421,Park County,39.444417,-105.521483
Licensing,,Pet Animal Large Rescue,Colorado Animal Care Foundation,,Lone Tree,Co,80421,Douglas,39.444417,-105.521483
2007,5641.0,,Colorado Animal Rescue,1151 Eagle Dr - No 455,Loveland,Co,80537.0,Garfield County,39.554772,-107.308335
2017,5641.0,,Colorado Animal Rescue,1151 Eagle Dr - No 455,Glenwood Springs,Co,81601,Garfield County,39.554772,-107.308335
2019,5641.0,,Colorado Animal Rescue,1151 Eagle Dr - No 455,Glenwood Springs,Co,81601,Garfield County,39.554772,-107.308335
2020,5641.0,,Colorado Animal Rescue,1151 Eagle Dr - No 455,Glenwood Springs,Co,81601,Garfield County,39.554772,-107.308335
2021,5641.0,,Colorado Animal Rescue,1151 Eagle Dr - No 455,Glenwood Springs,Co,81601,Garfield County,39.554772,-107.308335
2022,5641.0,,Colorado Animal Rescue,1151 Eagle Dr - No 455,Glenwood Springs,Co,81601,Garfield County,39.554772,-107.308335
2023,5641.0,,Colorado Animal Rescue,1151 Eagle Dr - No 455,Glenwood Springs,Co,81601,Garfield County,39.554772,-107.308335
2016,,,Colorado Animal Rescue ,,Glenwood Springs,,81601,Garfield County,39.544078,-107.324822
2018,,,Colorado Animal Rescue ,,Glenwood Springs,,81601,Garfield County,39.544078,-107.324822
2007,4196.0,,Colorado Animal Rescue Effort,18761 Rd. J,Ordway,Co,81063.0,,,
2008,4196,,Colorado Animal Rescue Effort,18761 Rd. J,Ordway,Co,81063.0,,,
2009,4196,,Colorado Animal Rescue Effort,18761 Rd. J,Ordway,Co,81063.0,,,
2007,3143.0,Pet Animal Small Shelter,"Colorado Animal Rescue, Inc.",2801 Co. Rd. 114,Glenwood Springs,Co,81601.0,Garfield County,,
2008,3143,Pet Animal Small Shelter,"Colorado Animal Rescue, Inc.",2801 Co. Rd. 114,Glenwood Springs,Co,81601.0,Garfield County,,
2009,3143,Pet Animal Small Shelter,"Colorado Animal Rescue, Inc.",2801 Co. Rd. 114,Glenwood Springs,Co,81601.0,Garfield County,,
2010,3143,Pet Animal Small Shelter,"Colorado Animal Rescue, Inc.",2801 Co. Rd. 114,Glenwood Springs,Co,81601.0,Garfield County,,
2011,3143,Pet Animal Small Shelter,"Colorado Animal Rescue, Inc.",2801 Co. Rd. 114,Glenwood Springs,Co,81601.0,Garfield County,,
2012,3143.0,Pet Animal Small Shelter,"Colorado Animal Rescue, Inc.",2801 Co. Rd. 114,Glenwood Springs,Co,81601.0,Garfield County,,
2013,3143,Pet Animal Small Shelter,"Colorado Animal Rescue, Inc.",2801 Co. Rd. 114,Glenwood Springs,Co,81601.0,Garfield County,,
2015,3143,Pet Animal Small Shelter,"Colorado Animal Rescue, Inc.",2801 County Road 114,Glenwood Springs,Co,81601,Garfield County,,
Licensing,3143,Pet Animal Small Shelter,"Colorado Animal Rescue, Inc.",2801 County Road 114,Glenwood Springs,Co,81601,Garfield,,
2009,6292,,Colorado Animal Welfare League,4844 S. Kalamath Street,Englewood,Co,80110.0,Douglas County,39.367292,-104.861364
2010,6292,,Colorado Animal Welfare League,4844 S. Kalamath Street,Englewood,Co,80110.0,Douglas County,39.367292,-104.861364
2011,6292,,Colorado Animal Welfare League,4844 S. Kalamath Street,Englewood,Co,80110.0,Douglas County,39.367292,-104.861364
2012,6292.0,,Colorado Animal Welfare League,4844 S. Kalamath Street,Englewood,Co,80110.0,Douglas County,39.367292,-104.861364
2013,6292,,Colorado Animal Welfare League,4844 S. Kalamath Street,Englewood,Co,80110.0,Douglas County,39.367292,-104.861364
2014,6292,,Colorado Animal Welfare League,200 S Wilcox  St Unit 122,Castle Rock ,Co,80104,Douglas County,39.367292,-104.861364
2015,6292,,Colorado Animal Welfare League,8899 Steeplechase Drive,Castle Rock ,Co,80116,Douglas County,39.367292,-104.861364
2016,6292,,Colorado Animal Welfare League,8899 Steeplechase Drive,Elizabeth,Co,80107,Elbert County,40.661927,-74.211653
2018,6292,,Colorado Animal Welfare League,8899 Steeplechase Drive,Elizabeth,Co,80107,Elbert County,40.661927,-74.211653
2019,6292,,Colorado Animal Welfare League,8899 Steeplechase Drive,Elizabeth,Co,80107,Elbert County,40.661927,-74.211653
2020,6292,,Colorado Animal Welfare League,8899 Steeplechase Drive,Elizabeth,Co,80107,Elbert County,40.661927,-74.211653
2021,6292,,Colorado Animal Welfare League,8899 Steeplechase Drive,Elizabeth,Co,80107,Elbert County,40.661927,-74.211653
2022,6292,,Colorado Animal Welfare League,8899 Steeplechase Drive,Elizabeth,Co,80107,Elbert County,40.661927,-74.211653
2023,6292,,Colorado Animal Welfare League,8899 Steeplechase Drive,Elizabeth,Co,80107,Elbert County,40.661927,-74.211653
2008,6043,,Colorado Aussie Rescue,9513 Milwaukee Ct,Thornton,Co,80229.0,Adams County,,
2009,6043,,Colorado Aussie Rescue,9513 Milwaukee Ct,Thornton,Co,80229.0,Adams County,,
2010,6043,,Colorado Aussie Rescue,7573 Milwaakee St,Thornton,Co,80029.0,Adams County,,
2011,6043,,Colorado Aussie Rescue,9513 Milwaukee Ct,Thornton,Co,80229.0,Adams County,,
2012,6043.0,,Colorado Aussie Rescue,9513 Milwaukee Ct,Thornton,Co,80229.0,Adams County,,
2013,6043,,Colorado Aussie Rescue,9513 Milwaukee Ct,Thornton,Co,80229.0,Adams County,,
2015,6043,,Colorado Aussie Rescue,9513 Milwaukee Ct,Thornton,Co,80229,Adams County,,
2014,,,"Colorado Aussie Rescue, Inc",9513 Milwaukee Ct,Thornton ,,80229,Adams County,39.86925,-104.952949
2018,,,Colorado Basenji Rescue,,,,,Denver County,,
2019,,,Colorado Basenji Rescue,,,,,Denver County,,
2020,,,Colorado Basenji Rescue,,,,,Denver County,,
2021,,,Colorado Basenji Rescue,,,,,Denver County,,
2022,,,Colorado Basenji Rescue,,,,,Denver County,,
2023,,,Colorado Basenji Rescue,,,,,Denver County,,
2014,,,Colorado Beagle Rescue,4755 W 102nd Pl,Westminster ,,80031,Adams County,39.882028,-105.046626
2015,,,Colorado Beagle Rescue,4755 W. 102nd Place,Westminster ,,80031,Adams County,39.882028,-105.046626
2016,,,Colorado Beagle Rescue,4755 W. 102nd Place,Westminster,,80031,Adams County,39.863462,-105.050335
2017,,,Colorado Beagle Rescue,4755 W. 102nd Place,Westminster,,80031,Adams County,39.874619,-105.039583
2019,,,Colorado Beagle Rescue,4755 W. 102nd Place,Westminster,,80031,Adams County,39.874619,-105.039583
2020,,,Colorado Beagle Rescue,4755 W. 102nd Place,Westminster,,80031,Adams County,39.874619,-105.039583
2021,,,Colorado Beagle Rescue,4755 W. 102nd Place,Westminster,,80031,Adams County,39.874619,-105.039583
2022,,,Colorado Beagle Rescue,4755 W. 102nd Place,Westminster,,80031,Adams County,39.874619,-105.039583
2023,,,Colorado Beagle Rescue,4755 W. 102nd Place,Westminster,,80031,Adams County,39.874619,-105.039583
2007,2109.0,Pet Animal Small Rescue,"Colorado Beagle Rescue, Inc.",4755 W. 102nd Pl.,Westminster,Co,80031.0,Adams County,,
2008,2109,Pet Animal Small Rescue,"Colorado Beagle Rescue, Inc.",4755 W. 102nd Pl.,Westminster,Co,80031.0,Adams County,,
2009,2109,Pet Animal Small Rescue,"Colorado Beagle Rescue, Inc.",4755 W. 102nd Pl.,Westminster,Co,80031.0,Adams County,,
2010,2109,Pet Animal Small Rescue,"Colorado Beagle Rescue, Inc.",4755 W. 102nd Pl.,Westminster,Co,80031.0,Adams County,,
2011,2109,Pet Animal Small Rescue,"Colorado Beagle Rescue, Inc.",4755 W. 102nd Pl.,Westminster,Co,80031.0,Adams County,,
2012,2109.0,Pet Animal Small Rescue,"Colorado Beagle Rescue, Inc.",4755 W. 102nd Pl.,Westminster,Co,80031.0,Adams County,,
2013,2109,Pet Animal Small Rescue,"Colorado Beagle Rescue, Inc.",4755 W. 102nd Pl.,Westminster,Co,80031.0,Adams County,,
2018,2109,Pet Animal Small Rescue,"Colorado Beagle Rescue, Inc.",4755 W. 102nd Pl.,Westminster,Co,80031.0,Adams County,,
Licensing,2109,Pet Animal Small Rescue,"Colorado Beagle Rescue, Inc.",4755 W. 102nd Pl.,Westminster,Co,80031.0,Adams,,
2018,,Pet Animal Small Shelter,Colorado Bullies & More,,Rye,Co,,Pueblo County,,
2020,,Pet Animal Small Shelter,Colorado Bullies & More,,Rye,Co,,Pueblo County,,
2021,,Pet Animal Small Shelter,Colorado Bullies & More,,Rye,Co,,Pueblo County,,
2022,,Pet Animal Small Shelter,Colorado Bullies & More,,Rye,Co,,Pueblo County,,
2023,,Pet Animal Small Shelter,Colorado Bullies & More,,Rye,Co,,Pueblo County,,
Licensing,,Pet Animal Small Shelter,Colorado Bullies & More,,Rye,Co,,Pueblo,,
2019,,,Colorado Bullies & More ,,,,,,,
2007,5150.0,,Colorado Canine / Front Range German Shepherd Rescue,4800 Foothill Dr.,Fort Collins,Co,80526.0,,,
2008,5150,,Colorado Canine / Front Range German Shepherd Rescue,4800 Foothill Dr.,Fort Collins,Co,80526.0,,,
2009,5150,,Colorado Canine / Front Range German Shepherd Rescue,4800 Foothill Dr.,Fort Collins,Co,80526.0,,,
2010,5150,,Colorado Canine / Front Range German Shepherd Rescue,4800 Foothill Dr., Fort Collins,Co,80526.0,,,
2011,5150,,Colorado Canine / Front Range German Shepherd Rescue,4800 Foothill Dr.,Fort Collins,Co,80526.0,,,
2012,5150.0,,Colorado Canine / Front Range German Shepherd Rescue,4800 Foothill Dr.,Fort Collins,Co,80526.0,,,
2013,5150,,Colorado Canine / Front Range German Shepherd Rescue,4800 Foothill Dr.,Fort Collins,Co,80526.0,,,
2009,6254,,Colorado Canine Rescue,3152 S. Gilpin Street,Englewood,Co,80113.0,Arapahoe County,39.649436,-104.98891
2010,6254,,Colorado Canine Rescue,3152 S. Gilpin St.,Englewood,Co,80113.0,Arapahoe County,39.649436,-104.98891
2010,6524,,Colorado Canine Rescue,3152 S. Gilpin Street,Englewood,Co,80113.0,Arapahoe County,39.649436,-104.98891
2011,6254,,Colorado Canine Rescue,3152 S. Gilpin Street,Englewood,Co,80113.0,Arapahoe County,39.649436,-104.98891
2012,6254.0,,Colorado Canine Rescue,3152 S. Gilpin Street,Englewood,Co,80113.0,Arapahoe County,39.649436,-104.98891
2013,6254,,Colorado Canine Rescue,3152 S. Gilpin Street,Englewood,Co,80113.0,Arapahoe County,39.649436,-104.98891
2014,6254,,Colorado Canine Rescue,3152,Englewood ,Co,80113,Arapahoe County,39.649436,-104.98891
2015,6254,,Colorado Canine Rescue,3152 S Gilpin Street,Englewood ,Co,80113,Arapahoe County,39.649436,-104.98891
2016,6254,,Colorado Canine Rescue,3152 S Gilpin Street,Englewood,Co,80113,Arapahoe County,39.649436,-104.98891
2017,6254,,Colorado Canine Rescue,3152 S Gilpin Street,Englewood,Co,80113,Arapahoe County,39.644251,-104.966455
2018,6254,,Colorado Canine Rescue,3152 S Gilpin Street,Englewood,Co,80113,Arapahoe County,39.644251,-104.966455
2020,6254,,Colorado Canine Rescue,3152 S Gilpin Street,Englewood,Co,80113,Arapahoe County,39.644251,-104.966455
2021,6254,,Colorado Canine Rescue,3152 S Gilpin Street,Englewood,Co,80113,Arapahoe County,39.644251,-104.966455
2019,,,Colorado Canine Rescue ,,,,,,,
2014,,,Colorado Coonhound Rescue,7953 S Garrison Way,Littleton ,,80128,Jefferson County,39.572524,-105.102164
2008,5938,,Colorado Coonhound Rescue & Adoption Service,7953 S. Garrison Way,Littleton,Co,80128.0,,,
2009,5938,,Colorado Coonhound Rescue & Adoption Service,7953 S. Garrison Way,Littleton,Co,80128.0,,,
2010,5938,,Colorado Coonhound Rescue & Adoption Service,7953 S. Garrison Way,Littleton,Co,80128.0,,,
2011,5938,,Colorado Coonhound Rescue & Adoption Service,7953 S. Garrison Way,Littleton,Co,80128.0,,,
2012,5938.0,,Colorado Coonhound Rescue & Adoption Service,7953 S. Garrison Way,Littleton,Co,80128.0,,,
2013,5938,,Colorado Coonhound Rescue & Adoption Service,7953 S. Garrison Way,Littleton,Co,80128.0,,,
2020,,Pet Animal Large Rescue,Colorado Corgis and Friends,,Henderson,Co,,Adams,,
2021,,Pet Animal Large Rescue,Colorado Corgis and Friends,,Henderson,Co,,Adams,,
2022,,Pet Animal Large Rescue,Colorado Corgis and Friends,,Henderson,Co,,Adams,,
2023,,Pet Animal Large Rescue,Colorado Corgis and Friends,,Henderson,Co,,Adams,,
Licensing,,Pet Animal Large Rescue,Colorado Corgis and Friends,,Henderson,Co,,Adams,,
2007,283.0,,"Colorado Dog Academy, Inc.",12180 N. Sheridan,Broomfield,Co,80020.0,,,
2008,283,,"Colorado Dog Academy, Inc.",12180 N. Sheridan,Broomfield,Co,80020.0,,,
2009,283,,"Colorado Dog Academy, Inc.",12180 N. Sheridan,Broomfield,Co,80020.0,,,
2010,283,,"Colorado Dog Academy, Inc.",12180 N. Sheridan,Broomfield,Co,80020.0,,,
2011,283,,"Colorado Dog Academy, Inc.",12180 N. Sheridan,Broomfield,Co,80020.0,,,
2012,283.0,,"Colorado Dog Academy, Inc.",12180 N. Sheridan,Broomfield,Co,80020.0,,,
2013,283,,"Colorado Dog Academy, Inc.",12180 N. Sheridan,Broomfield,Co,80020.0,,,
2020,,Pet Animal Small Rescue,Colorado Feline Foster Rescue,,Morrison,Co,,Jefferson,,
2021,,Pet Animal Small Rescue,Colorado Feline Foster Rescue,,Morrison,Co,,Jefferson,,
2022,,Pet Animal Small Rescue,Colorado Feline Foster Rescue,,Morrison,Co,,Jefferson,,
2023,,Pet Animal Small Rescue,Colorado Feline Foster Rescue,,Morrison,Co,,Jefferson,,
Licensing,,Pet Animal Small Rescue,Colorado Feline Foster Rescue,,Morrison,Co,,Jefferson,,
2007,3070.0,,"Colorado Gators, Inc.",9162 County Road 9N,Mosca,Co,81146.0,,,
2008,3070,,"Colorado Gators, Inc.",9162 County Road 9N,Mosca,Co,81146.0,,,
2009,3070,,"Colorado Gators, Inc.",9162 County Road 9N,Mosca,Co,81146.0,,,
2008,5942,,Colorado Great Pyrenees Rescue,23621 E. 155th Way,Brighton,Co,80603.0,,,
2009,5942,,Colorado Great Pyrenees Rescue,23621 E. 155th Way,Brighton,Co,80603.0,,,
2010,5942,,Colorado Great Pyrenees Rescue,23621 E. 155th Way,Brighton,Co,80603.0,,,
2007,2633.0,Pet Animal Large Rescue,Colorado Greyhound Adoption,6722 E Eagle Place,Highlands Ranch,Co,80130.0,Arapahoe County,39.612653,-105.016198
2008,2633,Pet Animal Large Rescue,Colorado Greyhound Adoption,6722 E Eagle Place,Highlands Ranch,Co,80130.0,Arapahoe County,39.612653,-105.016198
2009,2633,Pet Animal Large Rescue,Colorado Greyhound Adoption,6722 E Eagle Place,Highlands Ranch,Co,80130.0,Arapahoe County,39.612653,-105.016198
2010,2633,Pet Animal Large Rescue,Colorado Greyhound Adoption,Po Box 2404,Hettaton,Co,80161.0,Arapahoe County,39.612653,-105.016198
2011,2633,Pet Animal Large Rescue,Colorado Greyhound Adoption,6722 E Eagle Place,Highlands Ranch,Co,80130.0,Arapahoe County,39.612653,-105.016198
2012,2633.0,Pet Animal Large Rescue,Colorado Greyhound Adoption,6722 E Eagle Place,Highlands Ranch,Co,80130.0,Arapahoe County,39.612653,-105.016198
2013,2633,Pet Animal Large Rescue,Colorado Greyhound Adoption,6722 E Eagle Place,Highlands Ranch,Co,80130.0,Arapahoe County,39.612653,-105.016198
2014,2633,Pet Animal Large Rescue,Colorado Greyhound Adoption,PO Box 2404,Littleton ,Co,80161,Arapahoe County,39.612653,-105.016198
2015,2633,Pet Animal Large Rescue,Colorado Greyhound Adoption,8091 West Frost Ave,Littleton ,Co,80128,Arapahoe County,39.612653,-105.016198
2016,2633,Pet Animal Large Rescue,Colorado Greyhound Adoption,8091 West Frost Ave,Littleton,Co,80128,Arapahoe County,39.612653,-105.016198
2017,2633,Pet Animal Large Rescue,Colorado Greyhound Adoption,8091 West Frost Ave,Littleton,Co,80128,Arapahoe County,39.575718,-105.080337
2018,2633,Pet Animal Large Rescue,Colorado Greyhound Adoption,8091 West Frost Ave,Littleton,Co,80128,Arapahoe County,39.575718,-105.080337
2019,2633,Pet Animal Large Rescue,Colorado Greyhound Adoption,8091 West Frost Ave,Littleton,Co,80128,Arapahoe County,39.575718,-105.080337
2020,2633,Pet Animal Large Rescue,Colorado Greyhound Adoption,8091 West Frost Ave,Littleton,Co,80128,Arapahoe County,39.575718,-105.080337
2021,2633,Pet Animal Large Rescue,Colorado Greyhound Adoption,8091 West Frost Ave,Littleton,Co,80128,Arapahoe County,39.575718,-105.080337
2022,2633,Pet Animal Large Rescue,Colorado Greyhound Adoption,8091 West Frost Ave,Littleton,Co,80128,Arapahoe County,39.575718,-105.080337
2023,2633,Pet Animal Large Rescue,Colorado Greyhound Adoption,8091 West Frost Ave,Littleton,Co,80128,Arapahoe County,39.575718,-105.080337
Licensing,2633,Pet Animal Large Rescue,Colorado Greyhound Adoption,8091 West Frost Ave,Johnstown,Co,80128,Weld,39.575718,-105.080337
2022,,Pet Animal Small Rescue,Colorado Herding Dog Rescue,,Denver,Co,,Denver,,
2023,,Pet Animal Small Rescue,Colorado Herding Dog Rescue,,Denver,Co,,Denver,,
Licensing,,Pet Animal Small Rescue,Colorado Herding Dog Rescue,,Denver,Co,,Denver,,
2016,,,Colorado House Rabbit Soceity,,Broomfield,,80020,Broomfield County,39.923985,-105.081661
2007,3798.0,,Colorado House Rabbit Society,12601 Lowell Blvd.,Broomfield,Co,80020.0,Broomfield County,39.924444,-105.034375
2008,3798,,Colorado House Rabbit Society,12601 Lowell Blvd.,Broomfield,Co,80020.0,Broomfield County,39.924444,-105.034375
2009,3798,,Colorado House Rabbit Society,12601 Lowell Blvd.,Broomfield,Co,80020.0,Broomfield County,39.924444,-105.034375
2010,3798,,Colorado House Rabbit Society,12601 Lowell Blvd.,Broomfield,Co,80020.0,Broomfield County,39.924444,-105.034375
2011,3798,,Colorado House Rabbit Society,12601 Lowell Blvd.,Broomfield,Co,80020.0,Broomfield County,39.924444,-105.034375
2012,3798.0,,Colorado House Rabbit Society,12601 Lowell Blvd.,Broomfield,Co,80020.0,Broomfield County,39.924444,-105.034375
2013,3798,,Colorado House Rabbit Society,12601 Lowell Blvd.,Broomfield,Co,80020.0,Broomfield County,39.924444,-105.034375
2014,3798,,Colorado House Rabbit Society,12601 Lowell Blvd,Broomfield ,Co,80020,Broomfield County,39.924444,-105.034375
2015,3798,,Colorado House Rabbit Society,12601 Lowell Blvd,Broomfield ,Co,80020,Broomfield County,39.924444,-105.034375
2017,3798,,Colorado House Rabbit Society,12601 Lowell Blvd,Broomfield,Co,80020,Broomfield County,39.925616,-105.066301
2018,3798,,Colorado House Rabbit Society,12601 Lowell Blvd,Broomfield,Co,80020,Broomfield County,39.925616,-105.066301
2019,3798,,Colorado House Rabbit Society,12601 Lowell Blvd,Broomfield,Co,80020,Broomfield County,39.925616,-105.066301
2007,39.0,,"Colorado Humane Society & S.P.C.A., Inc.",2760 S. Platte River Dr.,Englewood,Co,80110.0,,,
2008,39,,"Colorado Humane Society & S.P.C.A., Inc.",2760 S. Platte River Dr.,Englewood,Co,80110.0,,,
2011,6707,,Colorado Japanese Chin Rescue,16217 E. Tennessee Ave.,Aurora,Co,80017.0,Arapahoe County,39.698926,-104.80025
2012,6707.0,,Colorado Japanese Chin Rescue,16217 E. Tennessee Ave.,Aurora,Co,80017.0,Arapahoe County,39.698926,-104.80025
2013,6707,,Colorado Japanese Chin Rescue,16217 E. Tennessee Ave.,Aurora,Co,80017.0,Arapahoe County,39.698926,-104.80025
2014,6707,,Colorado Japanese Chin Rescue,16217 E. Tennessee Avenue,Aurora ,Co,80017,Arapahoe County,39.698926,-104.80025
2015,6707,,Colorado Japanese Chin Rescue,16217 E. Tennessee Ave,Aurora ,Co,80017,Arapahoe County,39.698926,-104.80025
2016,6707,,Colorado Japanese Chin Rescue,16217 E. Tennessee Ave,Aurora,Co,8017,Arapahoe County,41.75527,-88.309507
2017,6707,,Colorado Japanese Chin Rescue,16217 E. Tennessee Ave,Aurora,Co,80017,Arapahoe County,39.694963,-104.787056
2018,6707,,Colorado Japanese Chin Rescue,16217 E. Tennessee Ave,Aurora,Co,80017,Arapahoe County,39.694963,-104.787056
2019,6707,,Colorado Japanese Chin Rescue,16217 E. Tennessee Ave,Aurora,Co,80017,Arapahoe County,39.694963,-104.787056
2020,6707,,Colorado Japanese Chin Rescue,16217 E. Tennessee Ave,Aurora,Co,80017,Arapahoe County,39.694963,-104.787056
2021,6707,,Colorado Japanese Chin Rescue,16217 E. Tennessee Ave,Aurora,Co,80017,Arapahoe County,39.694963,-104.787056
2022,6707,,Colorado Japanese Chin Rescue,16217 E. Tennessee Ave,Aurora,Co,80017,Arapahoe County,39.694963,-104.787056
2023,6707,,Colorado Japanese Chin Rescue,16217 E. Tennessee Ave,Aurora,Co,80017,Arapahoe County,39.694963,-104.787056
Licensing,,Pet Animal Small Rescue,"Colorado Japanese Chin Rescue, Inc.",,Aurora,Co,,Arapahoe,,
2007,4613.0,,Colorado K-9 Acres,4625 Slocum Rd.,Falcon,Co,80831.0,,,
2008,4613,,Colorado K-9 Acres,4625 Slocum Rd.,Falcon,Co,80831.0,,,
2009,4613,,Colorado K-9 Acres,4625 Slocum Rd.,Falcon,Co,80831.0,,,
2010,4613,,Colorado K-9 Acres,4625 Slocum Rd.,Falcon,Co,80831.0,,,
2017,,Pet Animal Small Shelter,Colorado Kitty Coalition,,Loveland,Co,80538,Larimer County,40.449559,-105.110179
2018,,Pet Animal Small Shelter,Colorado Kitty Coalition,,Loveland,Co,80538,Larimer County,40.449559,-105.110179
2019,,Pet Animal Small Shelter,Colorado Kitty Coalition,,Loveland,Co,80538,Larimer County,40.449559,-105.110179
2020,,Pet Animal Small Shelter,Colorado Kitty Coalition,,Loveland,Co,80538,Larimer County,40.449559,-105.110179
2021,,Pet Animal Small Shelter,Colorado Kitty Coalition,,Loveland,Co,80538,Larimer County,40.449559,-105.110179
2022,,Pet Animal Small Shelter,Colorado Kitty Coalition,,Loveland,Co,80538,Larimer County,40.449559,-105.110179
2023,,Pet Animal Small Shelter,Colorado Kitty Coalition,,Loveland,Co,80538,Larimer County,40.449559,-105.110179
Licensing,,Pet Animal Small Shelter,Colorado Kitty Coalition,,Loveland,Co,80538,Larimer,40.449559,-105.110179
2022,,,Colorado Liaison for Animal Welfare Alliance,,,,,,,
2020,,,Colorado Liaison for Animal Welfare Alliance Inc,,,,,,,
2009,5865,,Colorado Peke & Pom Rescue Inc.,4685 S. Acoma Street,Englewood,Co,80110.0,,,
2010,5865,,Colorado Peke & Pom Rescue Inc.,9350 City Rd 13,Longmont,Co,80504.0,,,
2011,5865,,Colorado Peke & Pom Rescue Inc.,4685 S. Acoma Street,Englewood,Co,80110.0,,,
2012,5865.0,,Colorado Peke & Pom Rescue Inc.,4685 S. Acoma Street,Englewood,Co,80110.0,,,
2013,5865,,Colorado Peke & Pom Rescue Inc.,4685 S. Acoma Street,Englewood,Co,80110.0,,,
2015,,,Colorado Peke and Pom Rescue,14940 W 72nd Ave,,,80007,Jefferson County,,
2016,,,Colorado Peke and Pom Rescue Inc.,,Arvada,,80007,Jefferson County,39.801122,-105.081451
2014,,,"Colorado Peke and Pom Rescue, Inc",2023 King Way,Denver ,,80211,Denver County,39.747942,-105.033481
2007,5403.0,,Colorado Pit Bull Rescue,P.O. Box 2530,Longmont,Co,80501.0,,,
2008,5403,,Colorado Pit Bull Rescue,P.O. Box 2530,Longmont,Co,80501.0,,,
2009,5403,,Colorado Pit Bull Rescue,P.O. Box 2530,Longmont,Co,80501.0,,,
2007,2659.0,,Colorado Pug Rescue,59150 E. 74Th Dr.,Strasburg,Co,80136.0,Adams County,38.988485,-78.358835
2008,2659,,Colorado Pug Rescue,59150 E. 74Th Dr.,Strasburg,Co,80136.0,Adams County,38.988485,-78.358835
2009,2659,,Colorado Pug Rescue,59150 E. 74Th Dr.,Strasburg,Co,80136.0,Adams County,38.988485,-78.358835
2010,2659,,Colorado Pug Rescue,59150 E. 74th Dr.,Strasburg,Co,80136.0,Adams County,38.988485,-78.358835
2011,2659,,Colorado Pug Rescue,59150 E. 74Th Dr.,Strasburg,Co,80136.0,Adams County,38.988485,-78.358835
2012,2659.0,,Colorado Pug Rescue,59150 E. 74Th Dr.,Strasburg,Co,80136.0,Adams County,38.988485,-78.358835
2013,2659,,Colorado Pug Rescue,59150 E. 74Th Dr.,Strasburg,Co,80136.0,Adams County,38.988485,-78.358835
2015,2659,,Colorado Pug Rescue,59150 E. 74th Dr.,Strasburg,Co,80136,Adams County,38.988485,-78.358835
2016,2659,,Colorado Pug Rescue,59150 E. 74th Dr.,Strasburg,Co,80136,Adams County,38.988485,-78.358835
2017,2659,,Colorado Pug Rescue,59150 E. 74th Dr.,"Gunnison,  81230-9797",Co,81230-9797,Gunnison County,38.507795,-106.938597
2018,2659,,Colorado Pug Rescue,59150 E. 74th Dr.,"Gunnison,  81230-9797",Co,81230-9797,Gunnison County,38.507795,-106.938597
2019,2659,,Colorado Pug Rescue,59150 E. 74th Dr.,"Gunnison,  81230-9797",Co,81230-9797,Gunnison County,38.507795,-106.938597
2020,2659,,Colorado Pug Rescue,59150 E. 74th Dr.,"Gunnison,  81230-9797",Co,81230-9797,Gunnison County,38.507795,-106.938597
2021,2659,,Colorado Pug Rescue,59150 E. 74th Dr.,"Gunnison,  81230-9797",Co,81230-9797,Gunnison County,38.507795,-106.938597
2022,2659,,Colorado Pug Rescue,59150 E. 74th Dr.,"Gunnison,  81230-9797",Co,81230-9797,Gunnison County,38.507795,-106.938597
2023,2659,,Colorado Pug Rescue,59150 E. 74th Dr.,"Gunnison,  81230-9797",Co,81230-9797,Gunnison County,38.507795,-106.938597
2014,,,"Colorado Pug Rescue, Inc",89150 E 74th Dr,Strasburg ,,80136,Adams County,,
Licensing,,Pet Animal Small Rescue,"Colorado Pug Rescue, Inc.",,Gunnison,Co,,Gunnison,,
2007,5261.0,Pet Animal Large Rescue,Colorado Puppy Rescue,4553 S. Mobile Way,Aurora,Co,80015.0,Arapahoe County,39.634304,-104.797718
2008,5261,Pet Animal Large Rescue,Colorado Puppy Rescue,4553 S. Mobile Way,Aurora,Co,80015.0,Arapahoe County,39.634304,-104.797718
2009,5261,Pet Animal Large Rescue,Colorado Puppy Rescue,4553 S. Mobile Way,Aurora,Co,80015.0,Arapahoe County,39.634304,-104.797718
2010,5261,Pet Animal Large Rescue,Colorado Puppy Rescue,4553 S. Mobile Way,Aurora,Co,80015.0,Arapahoe County,39.634304,-104.797718
2011,5261,Pet Animal Large Rescue,Colorado Puppy Rescue,4553 S. Mobile Way,Aurora,Co,80015.0,Arapahoe County,39.634304,-104.797718
2012,5261.0,Pet Animal Large Rescue,Colorado Puppy Rescue,4553 S. Mobile Way,Aurora,Co,80015.0,Arapahoe County,39.634304,-104.797718
2013,5261,Pet Animal Large Rescue,Colorado Puppy Rescue,4553 S. Mobile Way,Aurora,Co,80015.0,Arapahoe County,39.634304,-104.797718
2014,5261,Pet Animal Large Rescue,Colorado Puppy Rescue,4553 S Mobile Way,Aurora ,Co,80015,Arapahoe County,39.634304,-104.797718
2015,5261,Pet Animal Large Rescue,Colorado Puppy Rescue,4553 s Mobile Way,Aurora ,Co,80015,Arapahoe County,39.634304,-104.797718
2017,5261,Pet Animal Large Rescue,Colorado Puppy Rescue,4553 s Mobile Way,Aurora,Co,80015,Arapahoe County,39.622871,-104.772908
2018,5261,Pet Animal Large Rescue,Colorado Puppy Rescue,4553 s Mobile Way,Aurora,Co,80015,Arapahoe County,39.622871,-104.772908
2019,5261,Pet Animal Large Rescue,Colorado Puppy Rescue,4553 s Mobile Way,Aurora,Co,80015,Arapahoe County,39.622871,-104.772908
Licensing,5261,Pet Animal Large Rescue,Colorado Puppy Rescue,4553 s Mobile Way,Parker,Co,80015,Douglas,39.622871,-104.772908
2020,,,Colorado Puppy Rescue of Colorado,,,,,,,
2021,,,Colorado Puppy Rescue of Colorado,,,,,,,
2022,,,Colorado Puppy Rescue of Colorado,,,,,,,
2023,,,Colorado Puppy Rescue of Colorado,,,,,,,
2007,2650.0,Pet Animal Small Shelter,Colorado Reptile Humane Society,13941 Elmore Rd.,Longmont,Co,80504.0,Weld County,40.202783,-105.047176
2008,2650,Pet Animal Small Shelter,Colorado Reptile Humane Society,13941 Elmore Rd.,Longmont,Co,80504.0,Weld County,40.202783,-105.047176
2009,2650,Pet Animal Small Shelter,Colorado Reptile Humane Society,13941 Elmore Rd.,Longmont,Co,80504.0,Weld County,40.202783,-105.047176
2010,2650,Pet Animal Small Shelter,Colorado Reptile Humane Society,13941 Elmore Rd.,Longmont,Co,80504.0,Weld County,40.202783,-105.047176
2011,2650,Pet Animal Small Shelter,Colorado Reptile Humane Society,13941 Elmore Rd.,Longmont,Co,80504.0,Weld County,40.202783,-105.047176
2012,2650.0,Pet Animal Small Shelter,Colorado Reptile Humane Society,13941 Elmore Rd.,Longmont,Co,80504.0,Weld County,40.202783,-105.047176
2013,2650,Pet Animal Small Shelter,Colorado Reptile Humane Society,13941 Elmore Rd.,Longmont,Co,80504.0,Weld County,40.202783,-105.047176
2014,2650,Pet Animal Small Shelter,Colorado Reptile Humane Society,13941 Elmore Rd,Longmont ,Co,80504,Weld County,40.202783,-105.047176
2015,2650,Pet Animal Small Shelter,Colorado Reptile Humane Society,13941 Elmore Road,Longmont ,Co,80504,Weld County,40.202783,-105.047176
2016,2650,Pet Animal Small Shelter,Colorado Reptile Humane Society,13941 Elmore Road,Longmont,Co,80504,Weld County,40.165729,-105.101194
2018,2650,Pet Animal Small Shelter,Colorado Reptile Humane Society,13941 Elmore Road,Longmont,Co,80504,Weld County,40.165729,-105.101194
2019,2650,Pet Animal Small Shelter,Colorado Reptile Humane Society,13941 Elmore Road,Longmont,Co,80504,Weld County,40.165729,-105.101194
2020,2650,Pet Animal Small Shelter,Colorado Reptile Humane Society,13941 Elmore Road,Longmont,Co,80504,Weld County,40.165729,-105.101194
2021,2650,Pet Animal Small Shelter,Colorado Reptile Humane Society,13941 Elmore Road,Longmont,Co,80504,Weld County,40.165729,-105.101194
2022,2650,Pet Animal Small Shelter,Colorado Reptile Humane Society,13941 Elmore Road,Longmont,Co,80504,Weld County,40.165729,-105.101194
2023,2650,Pet Animal Small Shelter,Colorado Reptile Humane Society,13941 Elmore Road,Longmont,Co,80504,Weld County,40.165729,-105.101194
Licensing,2650,Pet Animal Small Shelter,Colorado Reptile Humane Society,13941 Elmore Road,Longmont,Co,80504,Weld,40.165729,-105.101194
2017,,,"Colorado Rescue Tails, Inc.",,Thornton,,80260,Adams County,39.868821,-105.007125
2020,,,Colorado Rez Muttz,,,,,,,
2021,,,Colorado Rez Muttz,,,,,,,
2007,4664.0,,Colorado Rhodesian Ridgeback Rescue,8024 S. Quince Wy.,Centennial,Co,80112.0,Arapahoe County,39.575448,-104.870487
2008,4664,,Colorado Rhodesian Ridgeback Rescue,8024 S. Quince Wy.,Centennial,Co,80112.0,Arapahoe County,39.575448,-104.870487
2017,4664,,Colorado Rhodesian Ridgeback Rescue,8024 S. Quince Wy.,Centenial,Co,80112,Arapahoe County,39.575448,-104.870487
2018,4664,,Colorado Rhodesian Ridgeback Rescue,8024 S. Quince Wy.,Centenial,Co,80112,Arapahoe County,39.575448,-104.870487
2019,4664,,Colorado Rhodesian Ridgeback Rescue,8024 S. Quince Wy.,Centenial,Co,80112,Arapahoe County,39.575448,-104.870487
2020,4664,,Colorado Rhodesian Ridgeback Rescue,8024 S. Quince Wy.,Centenial,Co,80112,Arapahoe County,39.575448,-104.870487
2008,6075,,Colorado Saint Bernard Rescue,5095 S. Osceola St.,Littleton,Co,80123.0,Weld County,40.394386,-105.070584
2009,6075,,Colorado Saint Bernard Rescue,5095 S. Osceola St.,Littleton,Co,80123.0,Weld County,40.394386,-105.070584
2010,6802,,Colorado Saint Bernard Rescue,"3466 E. County Rd. 20C, Unit B-19",Loveland,Co,80537.0,Weld County,40.394386,-105.070584
2014,6802,,Colorado Saint Bernard Rescue,3466 E. County Road 20 Unit B-19,Loveland ,Co,80537,Weld County,40.394386,-105.070584
2015,6802,,Colorado Saint Bernard Rescue,3466 E County Road 20 Unit B-19,Loveland ,Co,80537,Larimer County,40.394386,-105.070584
2016,6802,,Colorado Saint Bernard Rescue,3466 E County Road 20 Unit B-19,Loveland,Co,80537,Larimer County,40.394386,-105.070584
2023,,Pet Animal Small Rescue,Colorado Senior Dog Rescue and Hospice,,Golden,Co,,Boulder,,
Licensing,,Pet Animal Small Rescue,Colorado Senior Dog Rescue and Hospice,,Golden,Co,,Boulder,,
2007,4031.0,,Colorado Sheltie Rescue,4353 S. Lincoln St.,Englewood,Co,80113.0,Arapahoe County,39.63774,-104.986589
2008,4031,,Colorado Sheltie Rescue,4353 S. Lincoln St.,Englewood,Co,80113.0,Arapahoe County,39.63774,-104.986589
2009,4031,,Colorado Sheltie Rescue,4353 S. Lincoln St.,Englewood,Co,80113.0,Arapahoe County,39.63774,-104.986589
2010,4031,,Colorado Sheltie Rescue,4353 S. Lincoln St.,Englewood,Co,80113.0,Arapahoe County,39.63774,-104.986589
2011,4031,,Colorado Sheltie Rescue,4353 S. Lincoln St.,Englewood,Co,80113.0,Arapahoe County,39.63774,-104.986589
2012,4031.0,,Colorado Sheltie Rescue,4353 S. Lincoln St.,Englewood,Co,80113.0,Arapahoe County,39.63774,-104.986589
2013,4031,,Colorado Sheltie Rescue,4353 S. Lincoln St.,Englewood,Co,80113.0,Arapahoe County,39.63774,-104.986589
2014,4031,,Colorado Sheltie Rescue,4353 S Lincoln St,Englewood ,Co,80113,Arapahoe County,39.63774,-104.986589
2015,4031,,Colorado Sheltie Rescue,4353 S. Lincoln St.,Englewood ,Co,80113,Arapahoe County,39.63774,-104.986589
2016,4031,,Colorado Sheltie Rescue,4353 S. Lincoln St.,Lakewood,Co,Co,Jefferson County,39.710997,-105.088872
2017,4031,,Colorado Sheltie Rescue,4353 S. Lincoln St.,Lakewood,Co,80215,Jefferson County,39.743677,-105.115273
2018,4031,,Colorado Sheltie Rescue,4353 S. Lincoln St.,Lakewood,Co,80215,Jefferson County,39.743677,-105.115273
2019,,,Colorado Shiba Inu Rescue,,,,,,,
2021,,,Colorado Shiba Inu Rescue,,,,,,,
2022,,,Colorado Shiba Inu Rescue,,,,,,,
2007,3697.0,,Colorado Shih Tzu / Maltese Rescue,1040 Explorador Calle,Thornton,Co,80229.0,,,
2008,3697,,Colorado Shih Tzu / Maltese Rescue,1040 Explorador Calle,Thornton,Co,80229.0,,,
2009,3697,,Colorado Shih Tzu / Maltese Rescue,1040 Explorador Calle,Thornton,Co,80229.0,,,
2010,3697,,Colorado Shih Tzu / Maltese Rescue,P.O. Box 29596,Thornton,Co,80229.0,,,
2011,3697,,Colorado Shih Tzu / Maltese Rescue,1040 Explorador Calle,Thornton,Co,80229.0,,,
2012,3697.0,,Colorado Shih Tzu / Maltese Rescue,1040 Explorador Calle,Thornton,Co,80229.0,,,
2013,3697,,Colorado Shih Tzu / Maltese Rescue,1040 Explorador Calle,Thornton,Co,80229.0,,,
2014,,,Colorado Shih Tzu/Maltese Rescue,1040 Explorador Calle,Thornton ,,80229,Adams County,39.842152,-104.973477
2023,,Pet Animal Small Rescue,Colorado Springs All Breed Rescue,,Colorado Springs,Co,,El Paso,,
Licensing,,Pet Animal Small Rescue,Colorado Springs All Breed Rescue,,Colorado Springs,Co,,El Paso,,
2016,,,"Colorado Springs All Breed Rescue, INC",,Colorado Springs,,80907,El Paso County,38.835224,-104.819798
2007,2543.0,,"Colorado Springs All Breed Rescue, Inc",20 Mountainview Lane. Ste C,Colorado Springs,Co,80907.0,El Paso County,38.890171,-104.823454
2008,2543,,"Colorado Springs All Breed Rescue, Inc",20 Mountainview Lane. Ste C,Colorado Springs,Co,80907.0,El Paso County,38.890171,-104.823454
2009,2543,,"Colorado Springs All Breed Rescue, Inc",20 Mountainview Lane. Ste C,Colorado Springs,Co,80907.0,El Paso County,38.890171,-104.823454
2010,2543,,"Colorado Springs All Breed Rescue, Inc",20 Mountainview Lane. Ste C,Cs,Co,80907.0,El Paso County,38.890171,-104.823454
2011,2543,,"Colorado Springs All Breed Rescue, Inc",20 Mountainview Lane. Ste C,Colorado Springs,Co,80907.0,El Paso County,38.890171,-104.823454
2012,2543.0,,"Colorado Springs All Breed Rescue, Inc",20 Mountainview Lane. Ste C,Colorado Springs,Co,80907.0,El Paso County,38.890171,-104.823454
2013,2543,,"Colorado Springs All Breed Rescue, Inc",20 Mountainview Lane. Ste C,Colorado Springs,Co,80907.0,El Paso County,38.890171,-104.823454
2014,2543,,"Colorado Springs All Breed Rescue, Inc",20 Mount View Lane Unit C,Colo Spgs ,Co,80907,El Paso County,38.890171,-104.823454
2015,,,"Colorado Springs All Breed Rescue, Inc.","20 Mount View Lane, Unit C",,,80907,El Paso County,,
2019,,,Colorado St Bernard Rescue,,,,,,,
2022,,,Colorado St Bernard Rescue,,,,,,,
2023,,,Colorado St Bernard Rescue,,,,,,,
2020,,,Colorado St Bernard Rescue Inc,,,,,,,
2021,,,Colorado St Bernard Rescue Inc,,,,,,,
2018,,,Colorado St. Bernard Rescue,,,,,Arapahoe County,,
Licensing,,Pet Animal Small Rescue,"Colorado St. Bernard Rescue, Inc.",,Littleton,Co,,Arapahoe,,
2017,,,"Colorado St. Bernard Rescue, Inc. ",,Aurora,,80011,Arapahoe County,39.74187,-104.799113
2012,6939.0,,Colorado Toy Breed Rescue,10041 Altura St,Commerce City,Co,80022.0,,,
2013,6939,,Colorado Toy Breed Rescue,10041 Altura St,Commerce City,Co,80022.0,,,
2022,,,Colorado Wyoming Viszsla Rescue Group Inc,,,,,,,
2015,,,Colorado Wyoming Vizsla Rescue Group,114 Summitview Drive,,,80524,Larimer County,,
2017,,,Colorado Wyoming Vizsla Rescue Group Inc,,Arvada,,80007,Jefferson County,39.839939,-105.186131
2018,,,Colorado Wyoming Vizsla Rescue Group Inc,,Arvada,,80007,El Paso County,39.839939,-105.186131
2021,,,Colorado Wyoming Vizsla Rescue Group Inc,,Arvada,,80007,El Paso County,39.839939,-105.186131
2023,,,Colorado Wyoming Vizsla Rescue Group Inc,,Arvada,,80007,El Paso County,39.839939,-105.186131
2020,,Pet Animal Small Rescue,Colorado Wyoming Vizsla Rescue Group Inc.,,Colorado Springs,Co,,El Paso,,
Licensing,,Pet Animal Small Rescue,Colorado Wyoming Vizsla Rescue Group Inc.,,Colorado Springs,Co,,El Paso,,
2019,,,"Colorado Wyoming Vizsla Rescue Group, Inc",,,,,,,
2016,,,"Colorado Wyoming Vizsla Rescue Group, Inc.",,Fort Collins,,80524-1418,Larimer County,40.588972,-105.082459
2016,,,Colorado puppy rescue ,,Aurora,,80015,Arapahoe County,41.75527,-88.309507
2014,,,"Colorado/Wyoming Vizsla Rescue Group, Inc",114 S Summitview Dr,Ft Collins ,,80524,Larimer County,40.586698,-105.029544
2009,6201,,"Colorado/Wyoming Vizsla Rescue Group, Inc.",1017 Eggleston Street,Ft Collins,Co,80524.0,,,
2010,6201,,"Colorado/Wyoming Vizsla Rescue Group, Inc.",1017 Eggleston Street,Ft Collins,Co,80524.0,,,
2011,6201,,"Colorado/Wyoming Vizsla Rescue Group, Inc.",1017 Eggleston Street,Ft Collins,Co,80524.0,,,
2012,6201.0,,"Colorado/Wyoming Vizsla Rescue Group, Inc.",1017 Eggleston Street,Ft Collins,Co,80524.0,,,
2013,6201,,"Colorado/Wyoming Vizsla Rescue Group, Inc.",114 S Summitview Dr,Ft Collins,Co,80524.0,,,
2013,,,Coloradogs Rescue and Rehab,1037 Butte Pass Dr,Ft Collins,Co,80526.0,,,
2007,1642.0,,Colorow Kennels,5679 58.25 Rd,Olathe,Co,81425.0,,,
2007,4942.0,,Community Cat Care,2692 Jentry Ct.,Grand Junction,Co,81506.0,,,
2008,4942,,Community Cat Care,2692 Jentry Ct.,Grand Junction,Co,81506.0,,,
2013,,,Community Cat Coalition of Colorado,75 N Harlan St,Lakewood,Co,80226.0,Jefferson County,39.715308,-105.062665
2014,,,Community Cat Coalition of Colorado,75 N Harlan St,Lakewood ,Co,80226,Jefferson County,39.715308,-105.062665
2015,,,Community Cats of Colorado,2043 Eaton Street,,,80214,Jefferson County,,
2021,,,Compassion Project Rescue,,,,,,,
2022,,,Compassion Project Rescue,,,,,,,
2023,,,Compassion Project Rescue,,,,,,,
2007,5533.0,,Conour S.L.V. Animal Shelter,2825 Sherman Ave,Monte Vista,Co,81144.0,,,
2008,5533,,Conour S.L.V. Animal Shelter,2825 Sherman Ave,Monte Vista,Co,81144.0,,,
2009,5533,,Conour S.L.V. Animal Shelter,2825 Sherman Ave,Monte Vista,Co,81144.0,,,
2007,4835.0,,Cool Cats,325 S. Taft Hill Rd.,Fort Collins,Co,80521.0,,,
2008,4835,,Cool Cats,325 S. Taft Hill Rd.,Fort Collins,Co,80521.0,,,
2009,4835,,Cool Cats,325 S. Taft Hill Rd.,Fort Collins,Co,80521.0,,,
2021,,Pet Animal Large Rescue,Cooper's Companions,,Pueblo,Co,,Pueblo,,
2022,,Pet Animal Large Rescue,Cooper's Companions,,Pueblo,Co,,Pueblo,,
2023,,Pet Animal Large Rescue,Cooper's Companions,,Pueblo,Co,,Pueblo,,
Licensing,,Pet Animal Large Rescue,Cooper's Companions,,Pueblo,Co,,Pueblo,,
2019,,,Cooper's Companions Animal Rescue,,,,,,,
2018,,,Cooper's Companions Rescue,,,,,Pueblo County,,
2020,,,Cooper's Companions Rescue,,,,,Pueblo County,,
2020,,,Copper Fox Ranch Arctic Breed and Wolf Dog Rescue,,,,,,,
Licensing,,Pet Animal Small Rescue,Cornellia Kern,,Aurora,Co,,Arapahoe,,
2019,,,Cortez Animal Shelter,,,,,,,
2010,4684,,Cortez Animal Shelter ,2791 E. Main,Cortez,Co,81321.0,,,
2007,2817.0,,County Of Bent/City Of Las Animas,11200 County Rd. Gg.5,Las Animas,Co,81054.0,,,
2008,2817,,County Of Bent/City Of Las Animas,11200 County Rd. Gg.5,Las Animas,Co,81054.0,,,
2009,2817,,County Of Bent/City Of Las Animas,11200 County Rd. Gg.5,Las Animas,Co,81054.0,,,
2010,2817,,County Of Bent/City Of Las Animas,11200 County Rd. Gg.5,Las Animas,Co,81054.0,,,
2011,2817,,County Of Bent/City Of Las Animas,11200 County Rd. Gg.5,Las Animas,Co,81054.0,,,
2012,2817.0,,County Of Bent/City Of Las Animas,11200 County Rd. Gg.5,Las Animas,Co,81054.0,,,
2013,2817,,County Of Bent/City Of Las Animas,11200 County Rd. Gg.5,Las Animas,Co,81054.0,,,
2016,,,County Of Bent/City Of Las Animas Animal Shelter,,Las Animas,,81054,Bent County,38.065042,-103.225269
2007,3.0,,County Of Clear Creek Animal Shelter,3549 County Rd 312,Dumont,Co,80436.0,,,
2010,5884,,County Of Clear Creek Animal Shelter,500 W. Dumont Rd,Dumont,Co,80436.0,,,
2007,2444.0,,County Of Mesa Animal Services,362 28 Rd,Grand Junction,Co,81501.0,,,
2008,2444,,County Of Mesa Animal Services,362 28 Rd,Grand Junction,Co,81501.0,,,
2009,2444,,County Of Mesa Animal Services,362 28 Rd,Grand Junction,Co,81501.0,,,
2007,2345.0,,County Of Park Animal Shelter,59815 Us Hwy 285,Bailey,Co,80421.0,Park County,,
2008,2345,,County Of Park Animal Shelter,59815 Us Hwy 285,Bailey,Co,80421.0,Park County,,
2009,2345,,County Of Park Animal Shelter,59815 Us Hwy 285,Bailey,Co,80421.0,Park County,,
2011,2345,,County Of Park Animal Shelter,59815 Us Hwy 285,Bailey,Co,80421.0,Park County,,
2012,2345.0,,County Of Park Animal Shelter,59815 Us Hwy 285,Bailey,Co,80421.0,Park County,,
2013,2345,,County Of Park Animal Shelter,59815 Us Hwy 285,Bailey,Co,80421.0,Park County,,
2018,2345,,County Of Park Animal Shelter,59815 Us Hwy 285,Bailey,Co,80421.0,Park County,,
2015,,,County of Bent/City of Las Animas Animal Shelter,11200 Co Rd GG.5,Las Animas,,81054,Bent County,37.92155,-103.115424
2017,,,County of Bent/City of Las Animas Animal Shelter,11200 Co Rd GG.5,Las Animas,,81054,Bent County,37.92155,-103.115424
2008,5884,Pet Animal Small Shelter,County of Clear Creek Animal Shelter,500 W. Dumont Rd,Dumont,Co,80436.0,Clear Creek County,40.940371,-73.995821
2009,5884,Pet Animal Small Shelter,County of Clear Creek Animal Shelter,500 W. Dumont Rd,Dumont,Co,80436.0,Clear Creek County,40.940371,-73.995821
2011,5884,Pet Animal Small Shelter,County of Clear Creek Animal Shelter,500 W. Dumont Rd,Dumont,Co,80436.0,Clear Creek County,40.940371,-73.995821
2012,5884.0,Pet Animal Small Shelter,County of Clear Creek Animal Shelter,500 W. Dumont Rd,Dumont,Co,80436.0,Clear Creek County,40.940371,-73.995821
2013,5884,Pet Animal Small Shelter,County of Clear Creek Animal Shelter,500 W. Dumont Rd,Dumont,Co,80436.0,Clear Creek County,40.940371,-73.995821
2015,5884,Pet Animal Small Shelter,County of Clear Creek Animal Shelter,500 W. Dumont Rd.,Dumont,Co,80436,Clear Creek County,40.940371,-73.995821
2016,5884,Pet Animal Small Shelter,County of Clear Creek Animal Shelter,500 W. Dumont Rd.,Dumont,Co,80436,Clear Creek County,40.940371,-73.995821
2017,5884,Pet Animal Small Shelter,County of Clear Creek Animal Shelter,500 W. Dumont Rd.,Dumont,Co,80436,Clear Creek County,39.764606,-105.620341
2018,5884,Pet Animal Small Shelter,County of Clear Creek Animal Shelter,500 W. Dumont Rd.,Dumont,Co,80436,Clear Creek County,39.764606,-105.620341
2019,5884,Pet Animal Small Shelter,County of Clear Creek Animal Shelter,500 W. Dumont Rd.,Dumont,Co,80436,Clear Creek County,39.764606,-105.620341
2020,5884,Pet Animal Small Shelter,County of Clear Creek Animal Shelter,500 W. Dumont Rd.,Dumont,Co,80436,Clear Creek County,39.764606,-105.620341
2021,5884,Pet Animal Small Shelter,County of Clear Creek Animal Shelter,500 W. Dumont Rd.,Dumont,Co,80436,Clear Creek County,39.764606,-105.620341
2022,5884,Pet Animal Small Shelter,County of Clear Creek Animal Shelter,500 W. Dumont Rd.,Dumont,Co,80436,Clear Creek County,39.764606,-105.620341
2023,5884,Pet Animal Small Shelter,County of Clear Creek Animal Shelter,500 W. Dumont Rd.,Dumont,Co,80436,Clear Creek County,39.764606,-105.620341
Licensing,5884,Pet Animal Small Shelter,County of Clear Creek Animal Shelter,500 W. Dumont Rd.,Dumont,Co,80436,Clear Creek,39.764606,-105.620341
2014,,Pet Animal Small Shelter,County of Park Animal Shelter,59815 US Hwy 285,Bailey ,Co,80421,Park County,39.426646,-105.56429
2015,,Pet Animal Small Shelter,County of Park Animal Shelter,59815 Us Hwy 285,Bailey ,Co,80421,Park County,39.426646,-105.56429
2016,,Pet Animal Small Shelter,County of Park Animal Shelter,59815 Us Hwy 285,Bailey,Co,80421,Park County,39.405602,-105.472801
2017,,Pet Animal Small Shelter,County of Park Animal Shelter,59815 Us Hwy 285,Bailey,Co,80421,Park County,39.444417,-105.521483
2019,,Pet Animal Small Shelter,County of Park Animal Shelter,59815 Us Hwy 285,Bailey,Co,80421,Park County,39.444417,-105.521483
2020,,Pet Animal Small Shelter,County of Park Animal Shelter,59815 Us Hwy 285,Bailey,Co,80421,Park County,39.444417,-105.521483
2021,,Pet Animal Small Shelter,County of Park Animal Shelter,59815 Us Hwy 285,Bailey,Co,80421,Park County,39.444417,-105.521483
2022,,Pet Animal Small Shelter,County of Park Animal Shelter,59815 Us Hwy 285,Bailey,Co,80421,Park County,39.444417,-105.521483
2023,,Pet Animal Small Shelter,County of Park Animal Shelter,59815 Us Hwy 285,Bailey,Co,80421,Park County,39.444417,-105.521483
Licensing,,Pet Animal Small Shelter,County of Park Animal Shelter,59815 Us Hwy 285,Bailey,Co,80421,Park,39.444417,-105.521483
2010,1629,,Craig Moffat County Animal Shelter,2430 E Victory Way,Craig,Co,81625.0,,,
2007,2729.0,,"Creative Acres, Inc",13701 Cavanaugh Mile Rd.,Hudson,Co,80642.0,Adams County,39.942964,-104.546035
2008,2729,,"Creative Acres, Inc",13701 Cavanaugh Mile Rd.,Hudson,Co,80642.0,Adams County,39.942964,-104.546035
2009,2729,,"Creative Acres, Inc",13701 Cavanaugh Mile Rd.,Hudson,Co,80642.0,Adams County,39.942964,-104.546035
2010,2729,,"Creative Acres, Inc",Po Box 1143 ,Breckenridge,Co,80642.0,Adams County,39.942964,-104.546035
2011,2729,,"Creative Acres, Inc",13701 Cavanaugh Mile Rd.,Hudson,Co,80642.0,Adams County,39.942964,-104.546035
2012,2729.0,,"Creative Acres, Inc",13701 Cavanaugh Mile Rd.,Hudson,Co,80642.0,Adams County,39.942964,-104.546035
2013,2729,,"Creative Acres, Inc",13701 Cavanaugh Mile Rd.,Hudson,Co,80642.0,Adams County,39.942964,-104.546035
2014,2729,,"Creative Acres, Inc",13701 Cavanaugh Road,Hudson ,Co,80642,Adams County,39.942964,-104.546035
2007,5347.0,,Creative Playcenters By Pat West Inc.,3904 S. Mariposa St.,Englewood,Co,80110.0,,,
2008,5347,,Creative Playcenters By Pat West Inc.,3904 S. Mariposa St.,Englewood,Co,80110.0,,,
2022,,,Creature Box LLC,,,,,,,
2010,1699,,Cripple Creek Animal Shelter,550 Hayden St,Cripple Creek,Co,80813.0,Teller County,38.74569,-105.178358
2015,1699,,Cripple Creek Animal Shelter,550 Hayden,Cripple Creek,Co,80813,Teller County,38.74569,-105.178358
2016,1699,,Cripple Creek Animal Shelter,550 Hayden,Cripple Creek,Co,80816,Teller County,38.74569,-105.178358
2017,1699,,Cripple Creek Animal Shelter,550 Hayden,Cripple Creek,Co,80813,Teller County,38.784838,-105.187723
2020,1699,,Cripple Creek Animal Shelter,550 Hayden,Cripple Creek,Co,80813,Teller County,38.784838,-105.187723
2021,1699,,Cripple Creek Animal Shelter,550 Hayden,Cripple Creek,Co,80813,Teller County,38.784838,-105.187723
Licensing,,Pet Animal Small Shelter,Cripple Creek Police Department,,Cripple Creek,Co,,Teller,,
2018,,,"Cszdvm, Llc",,,,,Garfield County,,
2017,,,Cuddle Bug Chinchillas,,Aurora,,80013,Arapahoe County,39.659198,-104.774814
2019,,,Cuddle Bug Chinchillas,,Aurora,,80013,Arapahoe County,39.659198,-104.774814
2020,,,Cuddle Bug Chinchillas,,Aurora,,80013,Arapahoe County,39.659198,-104.774814
2021,,,Cuddle Bug Chinchillas,,Aurora,,80013,Arapahoe County,39.659198,-104.774814
2022,,,Cuddle Bug Chinchillas,,Aurora,,80013,Arapahoe County,39.659198,-104.774814
2023,,,Cuddle Bug Chinchillas,,Aurora,,80013,Arapahoe County,39.659198,-104.774814
2007,5122.0,,D & D Pet Kennel,21000 Hwy. 71,Woodrow,Co,80757.0,,,
2008,5122,,D & D Pet Kennel,21000 Hwy. 71,Woodrow,Co,80757.0,,,
2007,857.0,,D N R Kennels,115 Gateway Dr,Breckenridge,Co,80424.0,,,
2008,857,,D N R Kennels,115 Gateway Dr,Breckenridge,Co,80424.0,,,
2009,857,,D N R Kennels,115 Gateway Dr,Breckenridge,Co,80424.0,,,
2010,857,,D N R Kennels,115 Gateway Dr,Breckenridge,Co,80424.0,,,
2011,857,,D N R Kennels,115 Gateway Dr,Breckenridge,Co,80424.0,,,
2012,857.0,,D N R Kennels,115 Gateway Dr,Breckenridge,Co,80424.0,,,
2013,857,,D N R Kennels,115 Gateway Dr,Breckenridge,Co,80424.0,,,
2009,6238,,DMK Rehoming,8154 Downing Drive,Thornton,Co,80229.0,,,
2011,6238,,DMK Rehoming,8154 Downing Drive,Thornton,Co,80229.0,,,
2012,6238.0,,DMK Rehoming,8154 Downing Drive,Thornton,Co,80229.0,,,
2023,6238.0,,DMK Rehoming,8154 Downing Drive,Thornton,Co,80229.0,,,
2021,,,"DMK Rehoming, Inc",,,,,,,
2019,,Pet Animal Large Rescue,"DMK Rehoming, Inc.",,Littleton,Co,,Jefferson,,
2022,,Pet Animal Large Rescue,"DMK Rehoming, Inc.",,Littleton,Co,,Jefferson,,
Licensing,,Pet Animal Large Rescue,"DMK Rehoming, Inc.",,Littleton,Co,,Jefferson,,
2007,4008.0,,Dachshund Rescue Of Colorado,12193 E. Florida Ave.,Aurora,Co,80012.0,,,
2016,,,Dakota Ranch Dog Rescue,,Matheson,,80830,Elbert County,39.1717,-103.974998
2018,,,Dakota Ranch Dog Rescue,,Matheson,,80830,Elbert County,39.1717,-103.974998
2019,,,Dakota Ranch Dog Rescue,,Matheson,,80830,Elbert County,39.1717,-103.974998
2020,,,Dakota Ranch Dog Rescue,,Matheson,,80830,Elbert County,39.1717,-103.974998
2022,,,Dakota Ranch Inc.,,,,,,,
2007,1885.0,,"Dalmatian Rescue Of Colorado, Inc.",713 Mcgraw Dr.,Fort Collins,Co,80526.0,,,
2008,1885,,"Dalmatian Rescue Of Colorado, Inc.",713 Mcgraw Dr.,Fort Collins,Co,80526.0,,,
2009,1885,,"Dalmatian Rescue Of Colorado, Inc.",713 Mcgraw Dr.,Fort Collins,Co,80526.0,,,
2010,1885,,"Dalmatian Rescue Of Colorado, Inc.",713 Mcgraw Dr.,Fort Collins,Co,80526.0,,,
2011,1885,,"Dalmatian Rescue Of Colorado, Inc.",713 Mcgraw Dr.,Fort Collins,Co,80526.0,,,
2012,1885.0,,"Dalmatian Rescue Of Colorado, Inc.",713 Mcgraw Dr.,Fort Collins,Co,80526.0,,,
2013,1885,,"Dalmatian Rescue Of Colorado, Inc.",713 Mcgraw Dr.,Fort Collins,Co,80526.0,,,
2014,,,Dalmatian Rescue of Colorado,6828 Rimrock Valley Ln,Ft Collins ,,80526,Larimer County,40.512316,-105.164911
2015,,,Dalmatian Rescue of Colorado,6828 Rim Rock Valley Lane,Ft Collins ,,80526,Larimer County,40.512316,-105.164911
2016,,,Dalmatian Rescue of Colorado,6828 Rim Rock Valley Lane,Fort Collins,,80526,Larimer County,40.588972,-105.082459
2017,,,Dalmatian Rescue of Colorado,6828 Rim Rock Valley Lane,Fort Collins,,80526,Larimer County,40.534366,-105.115142
2018,,,Dalmatian Rescue of Colorado,6828 Rim Rock Valley Lane,Fort Collins,,80526,Larimer County,40.534366,-105.115142
2019,,Pet Animal Small Rescue,"Dalmatian Rescue of Colorado, Inc.",,Colorado Springs,Co,,El Paso,,
2020,,Pet Animal Small Rescue,"Dalmatian Rescue of Colorado, Inc.",,Colorado Springs,Co,,El Paso,,
2021,,Pet Animal Small Rescue,"Dalmatian Rescue of Colorado, Inc.",,Colorado Springs,Co,,El Paso,,
2022,,Pet Animal Small Rescue,"Dalmatian Rescue of Colorado, Inc.",,Colorado Springs,Co,,El Paso,,
2023,,Pet Animal Small Rescue,"Dalmatian Rescue of Colorado, Inc.",,Colorado Springs,Co,,El Paso,,
Licensing,,Pet Animal Small Rescue,"Dalmatian Rescue of Colorado, Inc.",,Colorado Springs,Co,,El Paso,,
2015,,Pet Animal Large Rescue,"Dancing Dog Rescue and Recovery Ranch, Inc.",8759 Cr 55,Keenesburg,Co,80643,Weld County,40.108925,-104.521234
2016,,Pet Animal Large Rescue,"Dancing Dog Rescue and Recovery Ranch, Inc.",8759 Cr 55,Keenesburg,Co,80643,Weld County,40.108925,-104.521234
2017,,Pet Animal Large Rescue,"Dancing Dog Rescue and Recovery Ranch, Inc.",8759 Cr 55,Keenesburg,Co,80643,Weld County,40.067143,-104.493065
2018,,Pet Animal Large Rescue,"Dancing Dog Rescue and Recovery Ranch, Inc.",8759 Cr 55,Keenesburg,Co,80643,Weld County,40.067143,-104.493065
2019,,Pet Animal Large Rescue,"Dancing Dog Rescue and Recovery Ranch, Inc.",8759 Cr 55,Keenesburg,Co,80643,Weld County,40.067143,-104.493065
2020,,Pet Animal Large Rescue,"Dancing Dog Rescue and Recovery Ranch, Inc.",8759 Cr 55,Keenesburg,Co,80643,Weld County,40.067143,-104.493065
2021,,Pet Animal Large Rescue,"Dancing Dog Rescue and Recovery Ranch, Inc.",8759 Cr 55,Keenesburg,Co,80643,Weld County,40.067143,-104.493065
2022,,Pet Animal Large Rescue,"Dancing Dog Rescue and Recovery Ranch, Inc.",8759 Cr 55,Keenesburg,Co,80643,Weld County,40.067143,-104.493065
2023,,Pet Animal Large Rescue,"Dancing Dog Rescue and Recovery Ranch, Inc.",8759 Cr 55,Keenesburg,Co,80643,Weld County,40.067143,-104.493065
Licensing,,Pet Animal Large Rescue,"Dancing Dog Rescue and Recovery Ranch, Inc.",8759 Cr 55,Commerce City,Co,80643,Adams,40.067143,-104.493065
2015,,,Dave and Mary Jackson,11356 Rd. 25.4,,,81321,Montezuma County,,
2010,3955,,David & Mary Jackson,11356 Rd. 25.4,Cortez,Co,81321.0,Montezuma County,37.34862,-108.583778
2016,3955,,David & Mary Jackson,11356 Rd. 25.4,Cortez,Co,81321,Montezuma County,37.34862,-108.583778
2017,3955,,David & Mary Jackson,11356 Rd. 25.4,Cortez,Co,81321,Montezuma County,37.35312,-108.642546
2014,,,David & MaryJackson,11356 Rd 25.4,Cortez ,,81321,Montezuma County,37.376138,-108.584152
Licensing,,Pet Animal Small Shelter,David J Neverette,,Fountain,Co,,El Paso,,
2022,,,David J. Jackson,,,,,,,
2020,,,David Jackson,,,,,,,
2021,,,David Jackson,,,,,,,
2019,,,David Jackson dba David & Mary Jackson Animal Sanctuary,,,,,,,
2018,,,David and Mary Jackson,,,,,Montezuma County,,
2010,5737,,Davis Enterprises Inc. Dba Centrol Bark,"1621 W. Canal Cir., #109",Littleton,Co,80120.0,,,
2007,5737.0,,Davis Enterprises Inc. dba Centrol Bark,"1621 W. Canal Cir., #109",Littleton,Co,80120.0,,,
2008,5737,,Davis Enterprises Inc. dba Centrol Bark,"1621 W. Canal Cir., #109",Littleton,Co,80120.0,,,
2009,5737,,Davis Enterprises Inc. dba Centrol Bark,"1621 W. Canal Cir., #109",Littleton,Co,80120.0,,,
Licensing,,Pet Animal Sanctuary,Dawn L. Emel,,Salida,Co,,Chaffee,,
2010,5950,,Dba All Setter Rescue,9990 Defoe Street,Strasburg,Co,80136.0,,,
2022,,,"Deanna Davidson-Callahan, Rainbow Otter Animal Sanctuary",,,,,,,
2018,,,Debi Stevens,,,,,Fremont County,,
2020,,,Deborah A Hill,,,,,,,
2014,,,Delta County CAWS,640 W 4th St ,Delta ,,81416,Delta County,38.741616,-108.078671
2015,,,Delta County CAWS,640 W. 4th Street,Delta ,,81416,Delta County,38.741616,-108.078671
2010,4295,,Delta County Citizens For Animal Welfare & Shelter,211 Grand Ave,Paenia,Co,81428.0,,,
Licensing,,Pet Animal Small Shelter,Delta County Citizens for Animal Welfare & Shelter,,Paonia,Co,,Delta,,
2012,6902.0,,Delta County Citizens for Animal Welfare & Shlter (CAWS),640 W 4th St,Delta,Co,81416.0,,,
2013,6902,,Delta County Citizens for Animal Welfare & Shlter (CAWS),640 W 4th St,Delta,Co,81416.0,,,
2016,,,Delta County Citizens for Animal Welfare and Shelter,,Delta,,Co 81416,Delta County,38.741684,-108.070175
2017,,,Delta County Citizens for Animal Welfare and Shelter,,Delta,,81416,Delta County,38.736655,-108.099446
2019,,,Delta County Citizens for Animal Welfare and Shelter,,Delta,,81416,Delta County,38.736655,-108.099446
2020,,,Delta County Citizens for Animal Welfare and Shelter,,Delta,,81416,Delta County,38.736655,-108.099446
2021,,,Delta County Citizens for Animal Welfare and Shelter,,Delta,,81416,Delta County,38.736655,-108.099446
2022,,,Delta County Citizens for Animal Welfare and Shelter,,Delta,,81416,Delta County,38.736655,-108.099446
2023,,,Delta County Citizens for Animal Welfare and Shelter,,Delta,,81416,Delta County,38.736655,-108.099446
2007,3236.0,Pet Animal Large Rescue,Delta County Humane Society,537 Main St.,Delta,Co,81416.0,Delta County,38.739487,-108.070842
2008,3236,Pet Animal Large Rescue,Delta County Humane Society,537 Main St.,Delta,Co,81416.0,Delta County,38.739487,-108.070842
2009,3236,Pet Animal Large Rescue,Delta County Humane Society,537 Main St.,Delta,Co,81416.0,Delta County,38.739487,-108.070842
2010,3236,Pet Animal Large Rescue,Delta County Humane Society,537 Main St.,Delta,Co,81416.0,Delta County,38.739487,-108.070842
2011,3236,Pet Animal Large Rescue,Delta County Humane Society,537 Main St.,Delta,Co,81416.0,Delta County,38.739487,-108.070842
2012,3236.0,Pet Animal Large Rescue,Delta County Humane Society,537 Main St.,Delta,Co,81416.0,Delta County,38.739487,-108.070842
2013,3236,Pet Animal Large Rescue,Delta County Humane Society,537 Main St.,Delta,Co,81416.0,Delta County,38.739487,-108.070842
2014,3236,Pet Animal Large Rescue,Delta County Humane Society,537  Main St,Delta ,Co,81416,Delta County,38.739487,-108.070842
2015,3236,Pet Animal Large Rescue,Delta County Humane Society,PO Box 1111,Delta ,Co,81416,Delta County,38.739487,-108.070842
2016,3236,Pet Animal Large Rescue,Delta County Humane Society,PO Box 1111,Delta,Co,81416,Delta County,38.741684,-108.070175
2017,3236,Pet Animal Large Rescue,Delta County Humane Society,PO Box 1111,Delta,Co,81416,Delta County,38.736655,-108.099446
2018,3236,Pet Animal Large Rescue,Delta County Humane Society,PO Box 1111,Delta,Co,81416,Delta County,38.736655,-108.099446
2020,3236,Pet Animal Large Rescue,Delta County Humane Society,PO Box 1111,Delta,Co,81416,Delta County,38.736655,-108.099446
2021,3236,Pet Animal Large Rescue,Delta County Humane Society,PO Box 1111,Delta,Co,81416,Delta County,38.736655,-108.099446
2022,3236,Pet Animal Large Rescue,Delta County Humane Society,PO Box 1111,Delta,Co,81416,Delta County,38.736655,-108.099446
2023,3236,Pet Animal Large Rescue,Delta County Humane Society,PO Box 1111,Delta,Co,81416,Delta County,38.736655,-108.099446
Licensing,3236,Pet Animal Large Rescue,Delta County Humane Society,PO Box 1111,Delta,Co,81416,Delta,38.736655,-108.099446
2019,,,Delta County Humane Society ,,,,,,,
2007,5356.0,,"Demars, Karen",641 N. Cty. Rd. 3,Loveland,Co,80537.0,,,
2016,,,Demi's Animal,,Aurora,,80016,Arapahoe County,41.75527,-88.309507
2015,,Pet Animal Large Rescue,Demi's Animal Rescue,23965 E Kettle Pl,Aurora,Co,80016,Arapahoe County,39.592658,-104.731172
2017,,Pet Animal Large Rescue,Demi's Animal Rescue,23965 E Kettle Pl,Aurora,Co,80016,Arapahoe County,39.592658,-104.731172
2019,,Pet Animal Large Rescue,Demi's Animal Rescue,23965 E Kettle Pl,Aurora,Co,80016,Arapahoe County,39.592658,-104.731172
2021,,Pet Animal Large Rescue,Demi's Animal Rescue,23965 E Kettle Pl,Aurora,Co,80016,Arapahoe County,39.592658,-104.731172
2022,,Pet Animal Large Rescue,Demi's Animal Rescue,23965 E Kettle Pl,Aurora,Co,80016,Arapahoe County,39.592658,-104.731172
2023,,Pet Animal Large Rescue,Demi's Animal Rescue,23965 E Kettle Pl,Aurora,Co,80016,Arapahoe County,39.592658,-104.731172
Licensing,,Pet Animal Large Rescue,Demi's Animal Rescue,23965 E Kettle Pl,Aurora,Co,80016,Arapahoe,39.592658,-104.731172
2018,,,Demi's Animal Rescue Inc,,,,,Douglas County,,
2020,,,Demi's Animal Rescue Inc,,,,,Douglas County,,
2010,6382,,Denia Animal Sanctuary,14253 Highway 392,Greeley,Co,80631.0,,,
2007,5413.0,Pet Animal Large Rescue,Denkai Animal Sanctuary,10375 Wcr 118,Carr,Co,80612.0,Weld County,40.526023,-104.713681
2007,5841.0,Pet Animal Large Rescue,Denkai Animal Sanctuary,400 W 67th St.,Loveland,Co,80538.0,Weld County,40.526023,-104.713681
2008,5985,Pet Animal Large Rescue,Denkai Animal Sanctuary,36710 Wcr 126,Grover,Co,80729.0,Weld County,40.526023,-104.713681
2011,6382,Pet Animal Large Rescue,Denkai Animal Sanctuary,14253 Hwy 392,Greeley,Co,80631.0,Weld County,40.526023,-104.713681
2012,6382.0,Pet Animal Large Rescue,Denkai Animal Sanctuary,14253 Hwy 392,Greeley,Co,80631.0,Weld County,40.526023,-104.713681
2013,6912,Pet Animal Large Rescue,Denkai Animal Sanctuary,217 First St,Eaton,Co,80615.0,Weld County,40.526023,-104.713681
2014,6912,Pet Animal Large Rescue,Denkai Animal Sanctuary,215 First St,Eaton ,Co,80615,Weld County,40.526023,-104.713681
2018,6912,Pet Animal Large Rescue,Denkai Animal Sanctuary,215 First St,Eaton ,Co,80615,Montezuma County,40.526023,-104.713681
2019,6912,Pet Animal Large Rescue,Denkai Animal Sanctuary,215 First St,Eaton ,Co,80615,Montezuma County,40.526023,-104.713681
2020,6912,Pet Animal Large Rescue,Denkai Animal Sanctuary,215 First St,Eaton ,Co,80615,Montezuma County,40.526023,-104.713681
2021,6912,Pet Animal Large Rescue,Denkai Animal Sanctuary,215 First St,Eaton ,Co,80615,Montezuma County,40.526023,-104.713681
2022,6912,Pet Animal Large Rescue,Denkai Animal Sanctuary,215 First St,Eaton ,Co,80615,Montezuma County,40.526023,-104.713681
2023,6912,Pet Animal Large Rescue,Denkai Animal Sanctuary,215 First St,Eaton ,Co,80615,Montezuma County,40.526023,-104.713681
Licensing,6912,Pet Animal Large Rescue,Denkai Animal Sanctuary,215 First St,Durango,Co,80615,La Plata,40.526023,-104.713681
2016,,,Denver Animal Protection,,Denver,,80223,Denver County,39.738453,-104.984853
2011,6692,Pet Animal Large Shelter,Denver Animal Shelter,1241 W. Bayaud Ave.,Denver,Co,80223.0,Denver County,39.714823,-105.004808
2012,6692.0,Pet Animal Large Shelter,Denver Animal Shelter,1241 W. Bayaud Ave.,Denver,Co,80223.0,Denver County,39.714823,-105.004808
2013,6692,Pet Animal Large Shelter,Denver Animal Shelter,1241 W. Bayaud Ave.,Denver,Co,80223.0,Denver County,39.714823,-105.004808
2014,6692,Pet Animal Large Shelter,Denver Animal Shelter,1241 W Bayaud Ave,Denver ,Co,80223,Denver County,39.714823,-105.004808
2015,6692,Pet Animal Large Shelter,Denver Animal Shelter,1241 W. Bayaud Ave,Denver ,Co,80223,Denver County,39.714823,-105.004808
2017,6692,Pet Animal Large Shelter,Denver Animal Shelter,1241 W. Bayaud Ave,Denver,Co,80223,Denver County,39.698081,-105.001615
2018,6692,Pet Animal Large Shelter,Denver Animal Shelter,1241 W. Bayaud Ave,Denver,Co,80223,Denver County,39.698081,-105.001615
2019,6692,Pet Animal Large Shelter,Denver Animal Shelter,1241 W. Bayaud Ave,Denver,Co,80223,Denver County,39.698081,-105.001615
2020,6692,Pet Animal Large Shelter,Denver Animal Shelter,1241 W. Bayaud Ave,Denver,Co,80223,Denver County,39.698081,-105.001615
2021,6692,Pet Animal Large Shelter,Denver Animal Shelter,1241 W. Bayaud Ave,Denver,Co,80223,Denver County,39.698081,-105.001615
2022,6692,Pet Animal Large Shelter,Denver Animal Shelter,1241 W. Bayaud Ave,Denver,Co,80223,Denver County,39.698081,-105.001615
2023,6692,Pet Animal Large Shelter,Denver Animal Shelter,1241 W. Bayaud Ave,Denver,Co,80223,Denver County,39.698081,-105.001615
Licensing,6692,Pet Animal Large Shelter,Denver Animal Shelter,1241 W. Bayaud Ave,Denver,Co,80223,Denver,39.698081,-105.001615
2019,,,Denver Cat Company,,,,,,,
2020,,Pet Animal Small Shelter,Denver Cat Rescue,,Denver,Co,,Denver,,
2021,,Pet Animal Small Shelter,Denver Cat Rescue,,Denver,Co,,Denver,,
2022,,Pet Animal Small Shelter,Denver Cat Rescue,,Denver,Co,,Denver,,
2023,,Pet Animal Small Shelter,Denver Cat Rescue,,Denver,Co,,Denver,,
Licensing,,Pet Animal Small Shelter,Denver Cat Rescue,,Denver,Co,,Denver,,
2022,,,Denver Dachshunds,,,,,,,
2014,,Pet Animal Small Shelter,Denver Dachshunds Rescue and Transport,19331 E Purdue Cir,Aurora ,Co,80013,Arapahoe County,39.640012,-104.762473
2015,,Pet Animal Small Shelter,Denver Dachshunds Rescue and Transport,1165 Hereford Dr,Aurora ,Co,81069,Huerfano County,39.640012,-104.762473
2016,,Pet Animal Small Shelter,Denver Dachshunds Rescue and Transport,1165 Hereford Dr,Rye,Co,81069,Huerfano County,40.98069,-73.683767
2017,,Pet Animal Small Shelter,Denver Dachshunds Rescue and Transport,1165 Hereford Dr,Calhan,Co,80808,El Paso County,38.974316,-104.313488
2018,,Pet Animal Small Shelter,Denver Dachshunds Rescue and Transport,1165 Hereford Dr,Calhan,Co,80808,Denver County,38.974316,-104.313488
2019,,Pet Animal Small Shelter,Denver Dachshunds Rescue and Transport,1165 Hereford Dr,Calhan,Co,80808,Denver County,38.974316,-104.313488
2020,,Pet Animal Small Shelter,Denver Dachshunds Rescue and Transport,1165 Hereford Dr,Calhan,Co,80808,Denver County,38.974316,-104.313488
2021,,Pet Animal Small Shelter,Denver Dachshunds Rescue and Transport,1165 Hereford Dr,Calhan,Co,80808,Denver County,38.974316,-104.313488
Licensing,,Pet Animal Small Shelter,Denver Dachshunds Rescue and Transport,1165 Hereford Dr,Calhan,Co,80808,El Paso,38.974316,-104.313488
2013,,,Denver Dachsunds Rescue & Transport,19331 E Purdue Cir,Aurora,Co,80013.0,,,
Licensing,,Pet Animal Small Rescue,Denver Kittens,,Lakewood,Co,,Jefferson,,
2007,5.0,,Denver Municipal Animal Shelter,678 S Jason St.,Denver,Co,80223.0,,,
2008,5,,Denver Municipal Animal Shelter,678 S Jason St.,Denver,Co,80223.0,,,
2009,5,,Denver Municipal Animal Shelter,678 S Jason St.,Denver,Co,80223.0,,,
2010,5,,Denver Municipal Animal Shelter,678 S Jason St.,Denver,Co,80223.0,,,
2017,,,"Denver Samoyed Association, Inc.",,Broomfield,,80023,Broomfield County,39.969874,-105.01913
2018,,,"Denver Samoyed Association, Inc.",,Broomfield,,80023,Broomfield County,39.969874,-105.01913
2019,,,"Denver Samoyed Association, Inc.",,Broomfield,,80023,Broomfield County,39.969874,-105.01913
2020,,,"Denver Samoyed Association, Inc. (Denver Samoyed Rescue)",,,,,,,
2007,2567.0,,Denver Samoyed Rescue,3790 S. Ulster St,Denver,Co,80237.0,,,
2008,2567,,Denver Samoyed Rescue,3790 S. Ulster St,Denver,Co,80237.0,,,
2009,2567,,Denver Samoyed Rescue,3790 S. Ulster St,Denver,Co,80237.0,,,
2021,2567,,Denver Samoyed Rescue,3790 S. Ulster St,Denver,Co,80237.0,,,
2022,2567,,Denver Samoyed Rescue,3790 S. Ulster St,Denver,Co,80237.0,,,
2011,6447,,Desperate Housecats of Teller County,211 E. Portland Ave.,Victor,Co,80860.0,,,
2012,6447.0,,Desperate Housecats of Teller County,211 E. Portland Ave.,Victor,Co,80860.0,,,
2010,6447,,Despreate Housecats of Telle County,211 E. Portland Ave,Victor,Co,80860.0,,,
2017,,,"Disclaimer: Although PACFA requires this data to be submitted and takes all care possible to ensure the validity of this data, we do not control, and therefore guarantee, the complete accuracy, completeness and availability of data. PACFA believes this information to be within ± 4% margin of error. The CDA-PACFA is not responsible for any issues that may arise from
the use of this data.",,,,,,,
2015,,,Divide Creek Animal Hospital,470 Cr 31,Silt,,81652,Garfield County,34.999699,-117.748596
2016,,,Divide Creek Animal Hospital,470 Cr 31,Silt,,81652,Garfield County,34.999699,-117.748596
2017,,,Divide Creek Animal Hospital,470 Cr 31,Silt,,81652,Garfield County,39.509176,-107.656748
2018,,,Divide Creek Animal Hospital,470 Cr 31,Silt,,81652,Garfield County,39.509176,-107.656748
2016,,,Divine Feline Inc,,Denver,,80219,Denver County,39.738453,-104.984853
2017,,,Divine Feline Inc,,Denver,,80219,Denver County,39.696096,-105.034969
Licensing,,Pet Animal Small Rescue,Dizzy Dog Animal Rescue,,Colorado Springs,Co,,El Paso,,
2010,6238,,Dmk Rehoming,8154 Downing Drive,Thornton,Co,80229.0,,,
2014,,,Do Over Dogs - A Second Chance At Life,13437 Bryant  Way,Broomfield ,,80020,Broomfield County,39.941565,-105.018076
2015,,,Do Over Dogs A Second Chance At Life,13437 Bryant Way,Broomfield,,Co,Broomfield County,39.925616,-105.066301
2017,,,Do Over Dogs A Second Chance At Life,13437 Bryant Way,Broomfield,,80020,Broomfield County,39.925616,-105.066301
2018,,,Do Over Dogs A Second Chance At Life,13437 Bryant Way,Broomfield,,80020,Broomfield County,39.925616,-105.066301
2019,,,Do Over Dogs A Second Chance At Life,13437 Bryant Way,Broomfield,,80020,Broomfield County,39.925616,-105.066301
2020,,,Do Over Dogs A Second Chance At Life,13437 Bryant Way,Broomfield,,80020,Broomfield County,39.925616,-105.066301
2021,,,Do Over Dogs A Second Chance At Life,13437 Bryant Way,Broomfield,,80020,Broomfield County,39.925616,-105.066301
2022,,,Do Over Dogs A Second Chance At Life,13437 Bryant Way,Broomfield,,80020,Broomfield County,39.925616,-105.066301
2023,,,Do Over Dogs A Second Chance At Life,13437 Bryant Way,Broomfield,,80020,Broomfield County,39.925616,-105.066301
2007,2565.0,,Doberman Rescue Of Colorado,3071 S. Ogden St,Englewood,Co,80113.0,,,
2008,2565,,Doberman Rescue Of Colorado,3071 S. Ogden St,Englewood,Co,80113.0,,,
2009,2565,,Doberman Rescue Of Colorado,3071 S. Ogden St,Englewood,Co,80113.0,,,
2010,2565,,Doberman Rescue Of Colorado,3071 S. Ogden St,Englewood,Co,80113.0,,,
2011,2565,,Doberman Rescue Of Colorado,3071 S. Ogden St,Englewood,Co,80113.0,,,
2012,2565.0,,Doberman Rescue Of Colorado,3071 S. Ogden St,Englewood,Co,80113.0,,,
2013,2565,,Doberman Rescue Of Colorado,3071 S. Ogden St,Englewood,Co,80113.0,,,
2014,,,Doberman Rescue of Colorado,3071 S Ogden St,Englewood ,,80113,Arapahoe County,39.660903,-104.975791
2015,,,Doberman Rescue of Colorado,3071 S Ogden St,Englewood ,,80113,Arapahoe County,39.660903,-104.975791
2016,,,Doberman Rescue of Colorado,3071 S Ogden St,Englewood,,80113,Arapahoe County,39.649436,-104.98891
2017,,,Doberman Rescue of Colorado,3071 S Ogden St,Englewood,,80113,Arapahoe County,39.644251,-104.966455
2018,,,Doberman Rescue of Colorado,3071 S Ogden St,Englewood,,80113,Arapahoe County,39.644251,-104.966455
2019,,,Doberman Rescue of Colorado,3071 S Ogden St,Englewood,,80113,Arapahoe County,39.644251,-104.966455
2020,,,Doberman Rescue of Colorado,3071 S Ogden St,Englewood,,80113,Arapahoe County,39.644251,-104.966455
2014,,,Doggie Designs,6508 S Lunar Ct,Ft Collins ,,80525,Larimer County,40.496238,-105.082318
2012,6875.0,,Doggie Designs/Casa de Chihuahua,6508 S Lunar Ct,Ft Collins,Co,80525.0,,,
2013,6875,,Doggie Designs/Casa de Chihuahua,6508 S Lunar Ct,Ft Collins,Co,80525.0,,,
2015,,,Doggie Designs/shelter,6508 S Lunar Ct,,,80525,Larimer County,,
2007,2539.0,,Doggie Do'S & Kitty'S Too Pet Styling,2430 Santa Fe Dr,Pueblo,Co,81006.0,,,
2008,2539,,Doggie Do's & Kitty's Too Pet Styling,1943 Lake Avenue,Pueblo,Co,81004.0,,,
2009,5906,,Doggie Do's & Kitty's Too Pet Styling,1943 Lake Avenue,Pueblo,Co,81004.0,,,
2007,3589.0,,Doggie Heaven Camp,321 Taylor Blvd.,Walsenburg,Co,81089.0,Huerfano County,37.592796,-104.856627
2008,3589,,Doggie Heaven Camp,321 Taylor Blvd.,Walsenburg,Co,81089.0,Huerfano County,37.592796,-104.856627
2009,3589,,Doggie Heaven Camp,321 Taylor Blvd.,Walsenburg,Co,81089.0,Huerfano County,37.592796,-104.856627
2010,3589,,Doggie Heaven Camp,321 Taylor Blvd.,Walsenburg,Co,81084.0,Huerfano County,37.592796,-104.856627
2011,3589,,Doggie Heaven Camp,321 Taylor Blvd.,Walsenburg,Co,81089.0,Huerfano County,37.592796,-104.856627
2012,3589.0,,Doggie Heaven Camp,321 Taylor Blvd.,Walsenburg,Co,81089.0,Huerfano County,37.592796,-104.856627
2013,3589,,Doggie Heaven Camp,321 Taylor Blvd.,Walsenburg,Co,81089.0,Huerfano County,37.592796,-104.856627
2014,3589,,Doggie Heaven Camp,321 Taylor Blvd,Walsenburg ,Co,81089,Huerfano County,37.592796,-104.856627
2008,2702,Pet Animal Small Rescue,Doggy Dog World Rescue,4550 S. Kipling St. #14,Lakewood,Co,80127.0,Douglas County,39.474221,-105.071959
2009,2702,Pet Animal Small Rescue,Doggy Dog World Rescue,4550 S. Kipling St. #14,Lakewood,Co,80127.0,Douglas County,39.474221,-105.071959
2010,2702,Pet Animal Small Rescue,Doggy Dog World Rescue,4550 S. Kipling St. #14,Lakewood,Co,80127.0,Douglas County,39.474221,-105.071959
2011,2702,Pet Animal Small Rescue,Doggy Dog World Rescue,4550 S. Kipling St. #14,Lakewood,Co,80127.0,Douglas County,39.474221,-105.071959
2012,2702.0,Pet Animal Small Rescue,Doggy Dog World Rescue,4550 S. Kipling St. #14,Lakewood,Co,80127.0,Douglas County,39.474221,-105.071959
2013,2702,Pet Animal Small Rescue,Doggy Dog World Rescue,4550 S. Kipling St. #14,Lakewood,Co,80127.0,Douglas County,39.474221,-105.071959
2014,2702,Pet Animal Small Rescue,Doggy Dog World Rescue,7715 Crystal Lake Ct,Littleton ,Co,80125,Douglas County,39.474221,-105.071959
2015,2702,Pet Animal Small Rescue,Doggy Dog World Rescue,7715 Crystal Lake Ct.,Littleton ,Co,80125,Douglas County,39.474221,-105.071959
2016,2702,Pet Animal Small Rescue,Doggy Dog World Rescue,7715 Crystal Lake Ct.,Littleton,Co,80125,Douglas County,39.612653,-105.016198
2017,2702,Pet Animal Small Rescue,Doggy Dog World Rescue,7715 Crystal Lake Ct.,Littleton,Co,80127,Denver County,39.572458,-105.141992
2018,2702,Pet Animal Small Rescue,Doggy Dog World Rescue,7715 Crystal Lake Ct.,Littleton,Co,80127,Douglas County,39.572458,-105.141992
2019,2702,Pet Animal Small Rescue,Doggy Dog World Rescue,7715 Crystal Lake Ct.,Littleton,Co,80127,Douglas County,39.572458,-105.141992
2020,2702,Pet Animal Small Rescue,Doggy Dog World Rescue,7715 Crystal Lake Ct.,Littleton,Co,80127,Douglas County,39.572458,-105.141992
2021,2702,Pet Animal Small Rescue,Doggy Dog World Rescue,7715 Crystal Lake Ct.,Littleton,Co,80127,Douglas County,39.572458,-105.141992
2022,2702,Pet Animal Small Rescue,Doggy Dog World Rescue,7715 Crystal Lake Ct.,Littleton,Co,80127,Douglas County,39.572458,-105.141992
Licensing,2702,Pet Animal Small Rescue,Doggy Dog World Rescue,7715 Crystal Lake Ct.,Littleton,Co,80127,Jefferson,39.572458,-105.141992
2013,,,Doggy dog World Rescue,7715 Crystal Lake Ct,Littleton,Co,80125.0,,,
2007,5827.0,,Dogo Argentino Education Rescue Referral Services,33815 Torrence Rd.,Yoder,Co,80864.0,,,
2008,5827,,Dogo Argentino Education Rescue Referral Services,33815 Torrence Rd.,Yoder,Co,80864.0,,,
2009,5827,,Dogo Argentino Education Rescue Referral Services,33815 Torrence Rd.,Yoder,Co,80864.0,,,
2020,,Pet Animal Small Rescue,Dogs Unbroken,,Berthoud,Co,,Larimer,,
2021,,Pet Animal Small Rescue,Dogs Unbroken,,Berthoud,Co,,Larimer,,
2023,,Pet Animal Small Rescue,Dogs Unbroken,,Berthoud,Co,,Larimer,,
Licensing,,Pet Animal Small Rescue,Dogs Unbroken,,Berthoud,Co,,Larimer,,
2019,,,"Dogs Unbroken, A Colorado Non-Profit Rescue Organization",,,,,,,
2007,5782.0,,Dogs Unlimited,518 14Th St.,Burlington,Co,80807.0,,,
2022,,,DogsUnbroken,,,,,,,
2015,,,Douglas County Canine Rescue,300 E Miller Ct #1514,Castle Rock,,80104,Douglas County,39.375367,-104.859911
2016,,,Douglas County Canine Rescue,300 E Miller Ct #1514,Castle Rock,,80104,Douglas County,39.375367,-104.859911
2020,,,Douglas County Canine Rescue,300 E Miller Ct #1514,Castle Rock,,80104,Douglas County,39.375367,-104.859911
2021,,,Douglas County Canine Rescue,300 E Miller Ct #1514,Castle Rock,,80104,Douglas County,39.375367,-104.859911
2022,,,Douglas County Canine Rescue,300 E Miller Ct #1514,Castle Rock,,80104,Douglas County,39.375367,-104.859911
2023,,,Douglas County Canine Rescue,300 E Miller Ct #1514,Castle Rock,,80104,Douglas County,39.375367,-104.859911
2019,,,Douglas County Canine rescue ,,,,,,,
2018,,,Douglas County canine rescue ,,,,,Douglas County,,
2017,,,Douglas county canine rescue ,,Castle Rock,,80104,Douglas County,39.345057,-104.838409
2014,,,Dream Power Animal Rescue Foundation,2000 E. Pikes Peak Ave,Colorado Springs ,,80909,El Paso County,38.832871,-104.791824
2007,1899.0,,Dreampower Animal Rescue Foundation,826 S. Tejon St,Colorado Springs,Co,80903.0,,,
2008,1899,,Dreampower Animal Rescue Foundation,826 S. Tejon St,Colorado Springs,Co,80903.0,,,
2009,1899,,Dreampower Animal Rescue Foundation,826 S. Tejon St,Colorado Springs,Co,80903.0,,,
2010,1899,,Dreampower Animal Rescue Foundation,826 S. Tejon St,Colorado Springs,Co,80903.0,,,
2011,1899,,Dreampower Animal Rescue Foundation,826 S. Tejon St,Colorado Springs,Co,80903.0,,,
2012,1899.0,,Dreampower Animal Rescue Foundation,826 S. Tejon St,Colorado Springs,Co,80903.0,,,
2013,1899,,Dreampower Animal Rescue Foundation,826 S. Tejon St,Colorado Springs,Co,80903.0,,,
2007,4870.0,,"Dreampower Foundation, The (Paals Program)",11386 E. Smith Rd.,Elbert,Co,80106.0,,,
2008,4870,,"Dreampower Foundation, The (Paals Program)",11386 E. Smith Rd.,Elbert,Co,80106.0,,,
2009,4870,,"Dreampower Foundation, The (Paals Program)",11386 E. Smith Rd.,Elbert,Co,80106.0,,,
2010,4870,,"Dreampower Foundation, The (Paals Program)",11386 E. Smith Rd.,Elbert,Co,80106.0,,,
2019,,,Duck Team 6,,,,,,,
2014,,Pet Animal Large Shelter,Dumb Friends League,2080 S Quebec St,Denver ,Co,80231,Denver County,39.679186,-104.903358
2022,,Pet Animal Large Shelter,Dumb Friends League,2080 S Quebec St,Denver ,Co,80231,Denver County,39.679186,-104.903358
2023,,Pet Animal Large Shelter,Dumb Friends League,2080 S Quebec St,Denver ,Co,80231,Denver County,39.679186,-104.903358
Licensing,,Pet Animal Large Shelter,Dumb Friends League,2080 S Quebec St,Denver,Co,80231,Denver,39.679186,-104.903358
Licensing,,Pet Animal Small Shelter,Dumb Friends League,2080 S Quebec St,Alamosa,Co,80231,Alamosa,39.679186,-104.903358
Licensing,,Pet Animal Large Shelter,Dumb Friends League,2080 S Quebec St,Castle Rock,Co,80231,Douglas,39.679186,-104.903358
Licensing,,Pet Animal Small Shelter,Dumb Friends League,2080 S Quebec St,Denver,Co,80231,Denver,39.679186,-104.903358
2019,,,Dumb Friends League ,,,,,,,
2021,,,Dumb Friends League (Denver),,,,,,,
2023,,,Dumb Friends League - Veterinary Hospital at CSU Spur,,,,,,,
2015,,,Dumb Friends League / Humane Society Of Denver,2080 S Quebec Street,,,80231,Denver County,,
2016,,,Dumb Friends League / Petco,,Denver,,80222,Denver County,39.738453,-104.984853
2014,,,Dumb Friends League Buddy Center,4556 Castleton Ct,Castle Rock ,,80104,Douglas County,39.407121,-104.867029
2016,,,Dumb Friends League Buddy Center,4556 Castleton Ct,Castle Rock,,80104,Douglas County,39.375367,-104.859911
2017,,,Dumb Friends League Buddy Center,4556 Castleton Ct,Castle Rock,,80104,Douglas County,39.345057,-104.838409
2018,,,Dumb Friends League Buddy Center,4556 Castleton Ct,Castle Rock,,80104,Douglas County,39.345057,-104.838409
2019,,,Dumb Friends League Buddy Center,4556 Castleton Ct,Castle Rock,,80104,Douglas County,39.345057,-104.838409
2020,,,Dumb Friends League Buddy Center,4556 Castleton Ct,Castle Rock,,80104,Douglas County,39.345057,-104.838409
2021,,,Dumb Friends League Buddy Center,4556 Castleton Ct,Castle Rock,,80104,Douglas County,39.345057,-104.838409
2022,,,Dumb Friends League Buddy Center,4556 Castleton Ct,Castle Rock,,80104,Douglas County,39.345057,-104.838409
2023,,,Dumb Friends League Buddy Center,4556 Castleton Ct,Castle Rock,,80104,Douglas County,39.345057,-104.838409
2007,4034.0,,"Dumb Friends League Buddy Center, The",4556 Castleton Ct.,Castle Rock,Co,80104.0,,,
2008,4034,,"Dumb Friends League Buddy Center, The",4556 Castleton Ct.,Castle Rock,Co,80104.0,,,
2009,4034,,"Dumb Friends League Buddy Center, The",4556 Castleton Ct.,Castle Rock,Co,80104.0,,,
2010,4034,,"Dumb Friends League Buddy Center, The",4556 Castleton Ct.,Castle Rock,Co,80104.0,,,
2011,4034,,"Dumb Friends League Buddy Center, The",4556 Castleton Ct.,Castle Rock,Co,80104.0,,,
2012,4034.0,,"Dumb Friends League Buddy Center, The",4556 Castleton Ct.,Castle Rock,Co,80104.0,,,
2013,4034,,"Dumb Friends League Buddy Center, The",4556 Castleton Ct.,Castle Rock,Co,80104.0,,,
2021,,,Dumb Friends League San Luis Valley Animal Center,,,,,,,
2022,,,Dumb Friends League San Luis Valley Animal Center,,,,,,,
2023,,,Dumb Friends League San Luis Valley Animal Center,,,,,,,
2007,6.0,,Dumb Friends League/Humane Society Of Denver,2080 S. Quebec St,Denver,Co,80231.0,,,
2008,6,,Dumb Friends League/Humane Society Of Denver,2080 S. Quebec St,Denver,Co,80231.0,,,
2009,6,,Dumb Friends League/Humane Society Of Denver,2080 S. Quebec St,Denver,Co,80231.0,,,
2010,6,,Dumb Friends League/Humane Society Of Denver,2080 S. Quebec St,Denver,Co,80231.0,,,
2011,6,,Dumb Friends League/Humane Society Of Denver,2080 S. Quebec St,Denver,Co,80231.0,,,
2012,6.0,,Dumb Friends League/Humane Society Of Denver,2080 S. Quebec St,Denver,Co,80231.0,,,
2013,6,,Dumb Friends League/Humane Society Of Denver,2080 S. Quebec St,Denver,Co,80231.0,,,
2010,6034,,"Duncan'S Place, A Cat Sanctuary, Llc",742 S. Edinburgh Drive,Loveland,Co,80537.0,,,
2019,,,"Duncan's Place, A Cat Sanctuary",,,,,,,
2008,6034,,"Duncan's Place, a Cat Sanctuary, LLC",742 S. Edinburgh Drive,Loveland,Co,80537.0,,,
2009,6034,,"Duncan's Place, a Cat Sanctuary, LLC",742 S. Edinburgh Drive,Loveland,Co,80537.0,,,
2011,6034,,"Duncan's Place, a Cat Sanctuary, LLC",742 S. Edinburgh Drive,Loveland,Co,80537.0,,,
2012,6034.0,,"Duncan's Place, a Cat Sanctuary, LLC",742 S. Edinburgh Drive,Loveland,Co,80537.0,,,
2017,,,"Duncan's Place, a cat sanctuary",,Loveland,,80537,Larimer County,40.380215,-105.127331
2018,,,"Duncan's Place, a cat sanctuary",,Loveland,,80537,Larimer County,40.380215,-105.127331
2018,,,Durango Animal Connection,,,,,La Plata County,,
2020,,,Durango Animal Connection,,,,,La Plata County,,
2021,,,Durango Animal Connection,,,,,La Plata County,,
2022,,,Durango Animal Connection,,,,,La Plata County,,
2023,,,Durango Animal Connection,,,,,La Plata County,,
2007,5358.0,,Dw Yorkies,4455 Fencer Rd.,Colorado Springs,Co,80911.0,,,
2008,5358,,Dw Yorkies,4455 Fencer Rd.,Colorado Springs,Co,80911.0,,,
2010,2648,,Eagle 6. Animal Services ,1400 Fairgrounds Rd,Eagle,Co,81631.0,,,
2007,2684.0,,Eagle County Animal Services,1400 Fairgrounds Rd,Eagle,Co,81631.0,Eagle County,39.652019,-106.848858
2008,2684,,Eagle County Animal Services,1400 Fairgrounds Rd,Eagle,Co,81631.0,Eagle County,39.652019,-106.848858
2009,2684,,Eagle County Animal Services,1400 Fairgrounds Rd,Eagle,Co,81631.0,Eagle County,39.652019,-106.848858
2010,2684,,Eagle County Animal Services,1400 Fairgrounds Rd,Eagle,Co,81631.0,Eagle County,39.652019,-106.848858
2011,2684,,Eagle County Animal Services,1400 Fairgrounds Rd,Eagle,Co,81631.0,Eagle County,39.652019,-106.848858
2012,2684.0,,Eagle County Animal Services,1400 Fairgrounds Rd,Eagle,Co,81631.0,Eagle County,39.652019,-106.848858
2013,2684,,Eagle County Animal Services,1400 Fairgrounds Rd,Eagle,Co,81631.0,Eagle County,39.652019,-106.848858
2014,2684,,Eagle County Animal Services,1400 Fairgrounds Rd,Eagle ,Co,81631,Eagle County,39.652019,-106.848858
2017,,Pet Animal Small Shelter,Eagle County Animal Shelter,,Eagle,Co,81631,Eagle County,39.598815,-106.769663
2018,,Pet Animal Small Shelter,Eagle County Animal Shelter,,Eagle,Co,81631,Eagle County,39.598815,-106.769663
Licensing,,Pet Animal Small Shelter,Eagle County Animal Shelter,,Eagle,Co,81631,Eagle,39.598815,-106.769663
2015,,,Eagle County Animal Shelter & Services,1400 Fairgrounds Rd,,,81631,Eagle County,,
2016,,,Eagle County Animal Shelter and Services,,Eagle,,81631,Eagle County,43.69102,-116.354075
2019,,,Eagle County Animal Shelter and Services,,Eagle,,81631,Eagle County,43.69102,-116.354075
2020,,,Eagle County Animal Shelter and Services,,Eagle,,81631,Eagle County,43.69102,-116.354075
2021,,,Eagle County Animal Shelter and Services,,Eagle,,81631,Eagle County,43.69102,-116.354075
2022,,,Eagle County Animal Shelter and Services,,Eagle,,81631,Eagle County,43.69102,-116.354075
2023,,,Eagle County Animal Shelter and Services,,Eagle,,81631,Eagle County,43.69102,-116.354075
2007,5462.0,Pet Animal Small Shelter,Eagle Valley Humane Society,1400 Fairgrounds Rd.,Eagle,Co,81631.0,Eagle County,39.65823,-106.827595
2008,6015,Pet Animal Small Shelter,Eagle Valley Humane Society,"34500 Hwy 6, Unit B5",Edwards,Co,81632.0,Eagle County,39.65823,-106.827595
2009,6015,Pet Animal Small Shelter,Eagle Valley Humane Society,"34500 Hwy 6, Unit B5",Edwards,Co,81632.0,Eagle County,39.65823,-106.827595
2010,6015,Pet Animal Small Shelter,Eagle Valley Humane Society,"65 Market Street, Unit 5",Eagle,Co,81632.0,Eagle County,39.65823,-106.827595
2011,6015,Pet Animal Small Shelter,Eagle Valley Humane Society,"34500 Hwy 6, Unit B5",Edwards,Co,81632.0,Eagle County,39.65823,-106.827595
2012,6015.0,Pet Animal Small Shelter,Eagle Valley Humane Society,"34500 Hwy 6, Unit B5",Edwards,Co,81632.0,Eagle County,39.65823,-106.827595
2013,6015,Pet Animal Small Shelter,Eagle Valley Humane Society,"34500 Hwy 6, Unit B5",Edwards,Co,81632.0,Eagle County,39.65823,-106.827595
2014,6015,Pet Animal Small Shelter,Eagle Valley Humane Society,50 Chambers Ave,Eagle ,Co,81631,Eagle County,39.65823,-106.827595
2015,6015,Pet Animal Small Shelter,Eagle Valley Humane Society,"50 Chambers Ave, Unit B",Eagle ,Co,81631,Eagle County,39.65823,-106.827595
2016,6015,Pet Animal Small Shelter,Eagle Valley Humane Society,"50 Chambers Ave, Unit B",Eagle,Co,81631,Eagle County,43.69102,-116.354075
2018,6015,Pet Animal Small Shelter,Eagle Valley Humane Society,"50 Chambers Ave, Unit B",Eagle,Co,81631,Eagle County,43.69102,-116.354075
2019,6015,Pet Animal Small Shelter,Eagle Valley Humane Society,"50 Chambers Ave, Unit B",Eagle,Co,81631,Eagle County,43.69102,-116.354075
2020,6015,Pet Animal Small Shelter,Eagle Valley Humane Society,"50 Chambers Ave, Unit B",Eagle,Co,81631,Eagle County,43.69102,-116.354075
2021,6015,Pet Animal Small Shelter,Eagle Valley Humane Society,"50 Chambers Ave, Unit B",Eagle,Co,81631,Eagle County,43.69102,-116.354075
2022,6015,Pet Animal Small Shelter,Eagle Valley Humane Society,"50 Chambers Ave, Unit B",Eagle,Co,81631,Eagle County,43.69102,-116.354075
2023,6015,Pet Animal Small Shelter,Eagle Valley Humane Society,"50 Chambers Ave, Unit B",Eagle,Co,81631,Eagle County,43.69102,-116.354075
Licensing,6015,Pet Animal Small Shelter,Eagle Valley Humane Society,"50 Chambers Ave, Unit B",Eagle,Co,81631,Eagle,43.69102,-116.354075
2016,,Pet Animal Small Shelter,Eastern Plains Animal Welfare Alliance,,Burlington,Co,80807,Kit Carson County,44.475949,-73.212481
2017,,Pet Animal Small Shelter,Eastern Plains Animal Welfare Alliance,,Burlington,Co,80807,Kit Carson County,39.30193,-102.224478
2018,,Pet Animal Small Shelter,Eastern Plains Animal Welfare Alliance,,Burlington,Co,80807,Kit Carson County,39.30193,-102.224478
2019,,Pet Animal Small Shelter,Eastern Plains Animal Welfare Alliance,,Burlington,Co,80807,Kit Carson County,39.30193,-102.224478
Licensing,,Pet Animal Small Shelter,Eastern Plains Animal Welfare Alliance,,Burlington,Co,80807,Kit Carson,39.30193,-102.224478
2020,,,Eastern Plains Animal Welfare Alliance - EPAWA,,,,,,,
2021,,,Eastern Plains Animal Welfare Alliance-EPAWA,,,,,,,
2023,,,Eastern Plains Animal Welfare Alliance-EPAWA,,,,,,,
2022,,,Eastern Plains Animal Welfare Alliance-EPAWA (New Location),,,,,,,
2022,,,Eastern Plains Animal Welfare Alliance-EPAWA (Old Location),,,,,,,
2007,5232.0,,Eaton Animal Den,231 S. Elm Ave.,Eaton,Co,80615.0,Weld County,40.521431,-104.711738
2008,5232,,Eaton Animal Den,231 S. Elm Ave.,Eaton,Co,80615.0,Weld County,40.521431,-104.711738
2009,5232,,Eaton Animal Den,231 S. Elm Ave.,Eaton,Co,80615.0,Weld County,40.521431,-104.711738
2010,5232,,Eaton Animal Den,231 S. Elm Ave.,Eaton,Co,80615.0,Weld County,40.521431,-104.711738
2011,5232,,Eaton Animal Den,231 S. Elm Ave.,Eaton,Co,80615.0,Weld County,40.521431,-104.711738
2012,5232.0,,Eaton Animal Den,231 S. Elm Ave.,Eaton,Co,80615.0,Weld County,40.521431,-104.711738
2013,5232,,Eaton Animal Den,231 S. Elm Ave.,Eaton,Co,80615.0,Weld County,40.521431,-104.711738
2014,5232,,Eaton Animal Den,231 S Elm Ave,Eaton ,Co,80615,Weld County,40.521431,-104.711738
2015,5232,,Eaton Animal Den,231 South Elm Ave,Eaton ,Co,80615,Weld County,40.521431,-104.711738
2016,5232,,Eaton Animal Den,231 South Elm Ave,Eaton,Co,80615,Weld County,43.909747,-71.081718
2017,5232,,Eaton Animal Den,231 South Elm Ave,Eaton,Co,80615,Weld County,40.531849,-104.673097
2018,5232,,Eaton Animal Den,231 South Elm Ave,Eaton,Co,80615,Weld County,40.531849,-104.673097
2019,5232,,Eaton Animal Den,231 South Elm Ave,Eaton,Co,80615,Weld County,40.531849,-104.673097
2020,5232,,Eaton Animal Den,231 South Elm Ave,Eaton,Co,80615,Weld County,40.531849,-104.673097
2021,5232,,Eaton Animal Den,231 South Elm Ave,Eaton,Co,80615,Weld County,40.531849,-104.673097
2022,5232,,Eaton Animal Den,231 South Elm Ave,Eaton,Co,80615,Weld County,40.531849,-104.673097
2023,5232,,Eaton Animal Den,231 South Elm Ave,Eaton,Co,80615,Weld County,40.531849,-104.673097
2016,,,Echo Acres,,Calhan,,80808,El Paso County,39.035892,-104.304084
2017,,,Echo Acres,,Calhan,,80808,El Paso County,38.974316,-104.313488
2018,,,Echo Acres,,Calhan,,80808,El Paso County,38.974316,-104.313488
2020,,,Echo Acres,,Calhan,,80808,El Paso County,38.974316,-104.313488
2021,,,Echo Acres,,Calhan,,80808,El Paso County,38.974316,-104.313488
2022,,,Echo Acres,,Calhan,,80808,El Paso County,38.974316,-104.313488
2019,,Pet Animal Large Rescue,El Paso County Canine Rescue,,Elbert,Co,,Elbert,,
2020,,Pet Animal Large Rescue,El Paso County Canine Rescue,,Elbert,Co,,Elbert,,
2021,,Pet Animal Large Rescue,El Paso County Canine Rescue,,Elbert,Co,,Elbert,,
2022,,Pet Animal Large Rescue,El Paso County Canine Rescue,,Elbert,Co,,Elbert,,
2023,,Pet Animal Large Rescue,El Paso County Canine Rescue,,Elbert,Co,,Elbert,,
Licensing,,Pet Animal Large Rescue,El Paso County Canine Rescue,,Elbert,Co,,Elbert,,
Licensing,,Pet Animal Small Shelter,Elevated Communities,,Longmont,Co,,Boulder,,
2016,,,English Springer Rescue America,,Elizabeth,,80107,Elbert County,40.661927,-74.211653
2020,,,English Springer Rescue America Inc,,,,,,,
2014,,,"English Springer Rescue America, Inc",2661 Bellaire St,Denver ,,80207,Denver County,39.755821,-104.937225
2015,,,"English Springer Rescue America, Inc",12136 Swansea Dr,Denver ,,80134,Douglas County,39.755821,-104.937225
2017,,,"English Springer Rescue America, Inc",12136 Swansea Dr,Elizabeth,,80107,Elbert County,39.403175,-104.584086
2018,,,"English Springer Rescue America, Inc",12136 Swansea Dr,Elizabeth,,80107,Elbert County,39.403175,-104.584086
2021,,,"English Springer Rescue America, Inc",12136 Swansea Dr,Elizabeth,,80107,Elbert County,39.403175,-104.584086
2022,,,"English Springer Rescue America, Inc",12136 Swansea Dr,Elizabeth,,80107,Elbert County,39.403175,-104.584086
2023,,,"English Springer Rescue America, Inc",12136 Swansea Dr,Elizabeth,,80107,Elbert County,39.403175,-104.584086
2007,5226.0,Pet Animal Small Rescue,"English Springer Rescue America, Inc.",8811 Eagles Nest Lane,Highlands Ranch,Co,80126.0,Denver,,
2008,5226,Pet Animal Small Rescue,"English Springer Rescue America, Inc.",8811 Eagles Nest Lane,Highlands Ranch,Co,80126.0,Denver,,
2009,5226,Pet Animal Small Rescue,"English Springer Rescue America, Inc.",8811 Eagles Nest Lane,Highlands Ranch,Co,80126.0,Denver,,
2010,5226,Pet Animal Small Rescue,"English Springer Rescue America, Inc.",8811 Eagles Nest Lane,Highlands Ranch,Co,80126.0,Denver,,
2011,5226,Pet Animal Small Rescue,"English Springer Rescue America, Inc.",8811 Eagles Nest Lane,Highlands Ranch,Co,80126.0,Denver,,
2012,5226.0,Pet Animal Small Rescue,"English Springer Rescue America, Inc.",8811 Eagles Nest Lane,Highlands Ranch,Co,80126.0,Denver,,
2013,5226,Pet Animal Small Rescue,"English Springer Rescue America, Inc.",8811 Eagles Nest Lane,Highlands Ranch,Co,80126.0,Denver,,
Licensing,5226,Pet Animal Small Rescue,"English Springer Rescue America, Inc.",8811 Eagles Nest Lane,Denver,Co,80126.0,Denver,,
2007,2160.0,,English Springer Rescue Of The Rockies,3540 Otis St.,Wheat Ridge,Co,80033.0,,,
2008,2160,,English Springer Rescue Of The Rockies,3540 Otis St.,Wheat Ridge,Co,80033.0,,,
2009,2160,,English Springer Rescue Of The Rockies,3540 Otis St.,Wheat Ridge,Co,80033.0,,,
2010,2160,,English Springer Rescue Of The Rockies,3540 Otis St.,Wheat Ridge,Co,80033.0,,,
2011,2160,,English Springer Rescue Of The Rockies,3540 Otis St.,Wheat Ridge,Co,80033.0,,,
2012,2160.0,,English Springer Rescue Of The Rockies,3540 Otis St.,Wheat Ridge,Co,80033.0,,,
2019,,,"English Springer RescueAmerica, Inc",,,,,,,
Licensing,,Pet Animal Small Rescue,Erin M. Nissen,,Durango,Co,,La Plata,,
2019,,,Erin Nissen dba Durango Animal Connection,,,,,,,
2010,6269,,Eskie Rescuers United,6269 s. Monroe Drive,Centennial,Co,80121.0,,,
2011,6269,,Eskie Rescuers United,6269 S. Monroe Dr.,Centennial,Co,80121.0,,,
2012,6269.0,,Eskie Rescuers United,6269 S. Monroe Dr.,Centennial,Co,80121.0,,,
2013,6269,,Eskie Rescuers United,6269 S. Monroe Dr.,Centennial,Co,80121.0,,,
2018,,,Estes Park Pet Lodge Inc.,,,,,Larimer County,,
2014,,,"Estes Park Pet Lodge, Inc",1260 Manford Ave.,Estes Park ,,80517,Larimer County,40.37076,-105.50104
2016,,,"Estes Park Pet Lodge, Inc",1260 Manford Ave.,Estes Park,,80517,Larimer County,40.376131,-105.523654
2020,,,"Estes Park Pet Lodge, Inc",1260 Manford Ave.,Estes Park,,80517,Larimer County,40.376131,-105.523654
2021,,,"Estes Park Pet Lodge, Inc",1260 Manford Ave.,Estes Park,,80517,Larimer County,40.376131,-105.523654
2022,,,"Estes Park Pet Lodge, Inc",1260 Manford Ave.,Estes Park,,80517,Larimer County,40.376131,-105.523654
2023,,,"Estes Park Pet Lodge, Inc",1260 Manford Ave.,Estes Park,,80517,Larimer County,40.376131,-105.523654
2007,5040.0,Pet Animal Small Shelter,"Estes Park Pet Lodge, Inc.",1260 Manford Ave.,Estes Park,Co,80517.0,Larimer County,40.376131,-105.523654
2008,5040,Pet Animal Small Shelter,"Estes Park Pet Lodge, Inc.",1260 Manford Ave.,Estes Park,Co,80517.0,Larimer County,40.376131,-105.523654
2009,5040,Pet Animal Small Shelter,"Estes Park Pet Lodge, Inc.",1260 Manford Ave.,Estes Park,Co,80517.0,Larimer County,40.376131,-105.523654
2010,5040,Pet Animal Small Shelter,"Estes Park Pet Lodge, Inc.",1260 Manford Ave,Estes Park,Co,80517.0,Larimer County,40.376131,-105.523654
2011,5040,Pet Animal Small Shelter,"Estes Park Pet Lodge, Inc.",1260 Manford Ave.,Estes Park,Co,80517.0,Larimer County,40.376131,-105.523654
2012,5040.0,Pet Animal Small Shelter,"Estes Park Pet Lodge, Inc.",1260 Manford Ave.,Estes Park,Co,80517.0,Larimer County,40.376131,-105.523654
2013,5040,Pet Animal Small Shelter,"Estes Park Pet Lodge, Inc.",1260 Manford Ave.,Estes Park,Co,80517.0,Larimer County,40.376131,-105.523654
2016,5040,Pet Animal Small Shelter,"Estes Park Pet Lodge, Inc.",1260 Manford Ave.,Estes Park,Co,80517,Larimer County,40.376131,-105.523654
Licensing,5040,Pet Animal Small Shelter,"Estes Park Pet Lodge, Inc.",1260 Manford Ave.,Estes Park,Co,80517,Larimer,40.376131,-105.523654
2017,,,"Estes Park Pet Lodge, inc",,Estes Park,,80517,Larimer County,40.36816,-105.542948
2015,,,"Estes Park Pet Lodge,inc",1260 Manford Ave.,,,80517,Larimer County,,
2007,2488.0,Pet Animal Large Rescue,Evergreen Animal Protective League,5508 S. Skyline Dr,Evergreen,Co,80439.0,Jefferson County,39.713084,-105.365222
2008,2488,Pet Animal Large Rescue,Evergreen Animal Protective League,5508 S. Skyline Dr,Evergreen,Co,80439.0,Jefferson County,39.713084,-105.365222
2009,2488,Pet Animal Large Rescue,Evergreen Animal Protective League,5508 S. Skyline Dr,Evergreen,Co,80439.0,Jefferson County,39.713084,-105.365222
2010,2488,Pet Animal Large Rescue,Evergreen Animal Protective League,Po Box 2517,Evergreen,Co,80437.0,Jefferson County,39.713084,-105.365222
2011,2488,Pet Animal Large Rescue,Evergreen Animal Protective League,5508 S. Skyline Dr,Evergreen,Co,80439.0,Jefferson County,39.713084,-105.365222
2012,2488.0,Pet Animal Large Rescue,Evergreen Animal Protective League,5508 S. Skyline Dr,Evergreen,Co,80439.0,Jefferson County,39.713084,-105.365222
2013,2488,Pet Animal Large Rescue,Evergreen Animal Protective League,5508 S. Skyline Dr,Evergreen,Co,80439.0,Jefferson County,39.713084,-105.365222
2014,2488,Pet Animal Large Rescue,Evergreen Animal Protective League,32163 Soda Creek Drive,Evergreen ,Co,80437,Jefferson County,39.713084,-105.365222
2015,2488,Pet Animal Large Rescue,Evergreen Animal Protective League,32163 Soda Creek Dr,Evergreen ,Co,80439,Jefferson County,39.713084,-105.365222
2016,2488,Pet Animal Large Rescue,Evergreen Animal Protective League,32163 Soda Creek Dr,Evergreen,Co,80437,Jefferson County,39.633517,-105.328888
2017,2488,Pet Animal Large Rescue,Evergreen Animal Protective League,32163 Soda Creek Dr,Evergreen,Co,80437,Jefferson County,39.63,-105.32
2018,2488,Pet Animal Large Rescue,Evergreen Animal Protective League,32163 Soda Creek Dr,Evergreen,Co,80437,Jefferson County,39.63,-105.32
2019,2488,Pet Animal Large Rescue,Evergreen Animal Protective League,32163 Soda Creek Dr,Evergreen,Co,80437,Jefferson County,39.63,-105.32
2021,2488,Pet Animal Large Rescue,Evergreen Animal Protective League,32163 Soda Creek Dr,Evergreen,Co,80437,Jefferson County,39.63,-105.32
2022,2488,Pet Animal Large Rescue,Evergreen Animal Protective League,32163 Soda Creek Dr,Evergreen,Co,80437,Jefferson County,39.63,-105.32
2023,2488,Pet Animal Large Rescue,Evergreen Animal Protective League,32163 Soda Creek Dr,Evergreen,Co,80437,Jefferson County,39.63,-105.32
Licensing,2488,Pet Animal Large Rescue,Evergreen Animal Protective League,32163 Soda Creek Dr,Evergreen,Co,80437,Jefferson,39.63,-105.32
2014,,,Evergreen Animal Protective League @ Chow Down Pet Supply,1260 Bergen Parkway,Evergreen ,,80437,Jefferson County,39.691968,-105.358689
Licensing,,Pet Animal Small Shelter,Evergreen Animal Protective League CatLodge,,Evergreen,Co,,Jefferson,,
Licensing,,Pet Animal Small Shelter,Evergreen Animal Protective League Chow Down,,Evergreen,Co,,Jefferson,,
2007,5064.0,,Every Creature Counts,66475 E. 48Th Ave.,Byers,Co,80540.0,Weld County,40.091784,-104.815569
2008,5920,,Every Creature Counts,1245 Factory Circle,Ft Lupton,Co,80621.0,Weld County,40.091784,-104.815569
2009,5920,,Every Creature Counts,1245 Factory Circle,Ft Lupton,Co,80621.0,Weld County,40.091784,-104.815569
2010,5920,,Every Creature Counts,1245 Factory Circle,Fort Lupton,Co,80621.0,Weld County,40.091784,-104.815569
2011,5920,,Every Creature Counts,1245 Factory Circle,Ft Lupton,Co,80621.0,Weld County,40.091784,-104.815569
2012,5920.0,,Every Creature Counts,1245 Factory Circle,Ft Lupton,Co,80621.0,Weld County,40.091784,-104.815569
2013,5920,,Every Creature Counts,1245 Factory Circle,Ft Lupton,Co,80621.0,Weld County,40.091784,-104.815569
2014,5920,,Every Creature Counts,1245 Factory Circle,Fort Lupton ,Co,80621,Weld County,40.091784,-104.815569
2015,5920,,Every Creature Counts,1245 Factory Circle,Fort Lupton ,Co,80621,Weld County,40.091784,-104.815569
2016,5920,,Every Creature Counts,1245 Factory Circle,Fort Lupton,Co,80621,Weld County,40.08025,-104.810512
2018,,,Exotic Bird Emporium,,,,,El Paso County,,
2020,,,Exotic Bird Ranch,,,,,,,
2021,,,Exotic Bird Ranch,,,,,,,
2023,,,Exotic Bird Ranch,,,,,,,
2019,,Pet Animal Small Shelter,Exotic Bird Ranch Inc.,,Fort Collins,Co,,Larimer,,
Licensing,,Pet Animal Small Shelter,Exotic Bird Ranch Inc.,,Fort Collins,Co,,Larimer,,
2017,,,Facility Name:,,"City,  Zip Code",,Zip Code,County,37.493115,-94.272707
2007,5259.0,,Faithfull Grooming Llc,29825 Wcr 398,Keenesburg,Co,80643.0,,,
2008,5259,,Faithfull Grooming Llc,29825 Wcr 398,Keenesburg,Co,80643.0,,,
2009,5259,,Faithfull Grooming Llc,29825 Wcr 398,Keenesburg,Co,80643.0,,,
2010,5259,,Faithfull Grooming Llc,29825 Wcr 398,Keenesburg,Co,80643.0,,,
2014,,,Farfel Farm Rescue,906 Pearl St ,Boulder ,,80302,Boulder County,40.017145,-105.283567
2015,,,Farfel's Farm & Rescue,906 Pearl Street,,,80302,Boulder County,,
2018,,,Farfel's Farm & Rescue,906 Pearl Street,,,80302,Boulder County,,
2019,,,Farfel's Farm & Rescue,906 Pearl Street,,,80302,Boulder County,,
2022,,,Farfel's Farm & Rescue,906 Pearl Street,,,80302,Boulder County,,
2023,,,Farfel's Farm & Rescue,906 Pearl Street,,,80302,Boulder County,,
2012,7083.0,,Farfel's Farm Rescue,906 Pearl St,Boulder,Co,80301.0,,,
2013,7083,,Farfel's Farm Rescue,906 Pearl St,Boulder,Co,80301.0,,,
2016,,,Farfel's Farm and Rescue,,Boulder,,80302,Boulder County,40.015831,-105.27927
2017,,,Farfel's Farm and Rescue,,Boulder,,80302,Boulder County,40.036037,-105.349559
Licensing,,Pet Animal Large Rescue,"Farfel's Farm, LLC",,Boulder,Co,,Boulder,,
2020,,,Farfels Farm & Rescue,,,,,,,
2021,,,Farfels Farm & Rescue,,,,,,,
2007,2285.0,,Feathered Puppies,5375 W. 60Th Ave,Arvada,Co,80003.0,,,
2008,2285,,Feathered Puppies,5375 W. 60Th Ave,Arvada,Co,80003.0,,,
2023,,,Feeders Unlimited,,,,,,,
2021,,Pet Animal Small Shelter,Feeders Unlimited LLC,,Greeley,Co,,Weld,,
2022,,Pet Animal Small Shelter,Feeders Unlimited LLC,,Greeley,Co,,Weld,,
Licensing,,Pet Animal Small Shelter,Feeders Unlimited LLC,,Greeley,Co,,Weld,,
2009,6280,,Feline Rescue Network,424 W. Fillmore,Colorado Springs,Co,80909.0,,,
2011,6280,,Feline Rescue Network,424 W. Fillmore,Colorado Springs,Co,80909.0,,,
2012,6280.0,,Feline Rescue Network,424 W. Fillmore,Colorado Springs,Co,80909.0,,,
2013,6280,,Feline Rescue Network,424 W. Fillmore,Colorado Springs,Co,80909.0,,,
2022,,,Feline Rescue Network dba Look What the Cat Brought in,,,,,,,
2019,,,Feline Rescue Network dba Lookwhatthecatbroughtin,,,,,,,
2016,,,Feline Rescue Network dba lookwhatthecatbroughtin,,Colorado Springs,,80909,El Paso County,38.835224,-104.819798
2017,,,Feline Rescue Network dba lookwhatthecatbroughtin.org,,Colorado Springs,,80908,El Paso County,39.035907,-104.698606
2008,6103,Pet Animal Small Shelter,"Feline Rescue Network, Inc.",2725 Ore Mill Rd #23,Colorado Springs,Co,80904.0,El Paso,,
2009,6103,Pet Animal Small Shelter,"Feline Rescue Network, Inc.",2725 Ore Mill Rd #23,Colorado Springs,Co,80904.0,El Paso,,
Licensing,6103,Pet Animal Small Shelter,"Feline Rescue Network, Inc.",2725 Ore Mill Rd #23,Colorado Springs,Co,80904.0,El Paso,,
2021,,,"Feline Rescue Network, dba",,,,,,,
2020,,,"Feline Rescue Network, dba, Look What the Cat Brought In",,,,,,,
2018,,,Feline rescue Network /dba Lookwhatthecatbroughtin,,,,,El Paso County,,
2023,,Pet Animal Sanctuary,Fen's Haven,,Peyton,Co,,El Paso,,
Licensing,,Pet Animal Sanctuary,Fen's Haven,,Peyton,Co,,El Paso,,
Licensing,,Pet Animal Small Shelter,Fen's Haven,,Peyton,Co,,El Paso,,
2018,,Pet Animal Small Shelter,Ferret Dreams Rescue & Adoption,,Denver,Co,,Denver County,,
2023,,Pet Animal Small Shelter,Ferret Dreams Rescue & Adoption,,Denver,Co,,Denver County,,
Licensing,,Pet Animal Small Shelter,Ferret Dreams Rescue & Adoption,,Denver,Co,,Denver,,
2019,,,Ferret Dreams Rescue and Adoption,,,,,,,
2020,,,Ferret Dreams Rescue and Adoption,,,,,,,
2021,,,Ferret Dreams Rescue and Adoption,,,,,,,
2022,,,Ferret Dreams Rescue and Adoption,,,,,,,
2022,,Pet Animal Sanctuary,Fins & Feathers LLC,,Colorado Springs,Co,,El Paso,,
2023,,Pet Animal Sanctuary,Fins & Feathers LLC,,Colorado Springs,Co,,El Paso,,
Licensing,,Pet Animal Sanctuary,Fins & Feathers LLC,,Colorado Springs,Co,,El Paso,,
2022,,,Flanders's Flying Friends Co,,,,,,,
2007,3190.0,,"Flash & Thelma Memorial Hedgehog Rescue, Inc, The",62 Aztec Cir.,Divide,Co,80814.0,,,
2008,3190,,"Flash & Thelma Memorial Hedgehog Rescue, Inc, The",62 Aztec Cir.,Divide,Co,80814.0,,,
2009,3190,,"Flash & Thelma Memorial Hedgehog Rescue, Inc, The",62 Aztec Cir.,Divide,Co,80814.0,,,
2010,3190,,"Flash & Thelma Memorial Hedgehog Rescue, Inc, The",G2 Aztec Crk,Divide,Co ,80816.0,,,
2011,3190,,"Flash & Thelma Memorial Hedgehog Rescue, Inc, The",62 Aztec Cir.,Divide,Co,80814.0,,,
2012,3190.0,,"Flash & Thelma Memorial Hedgehog Rescue, Inc, The",62 Aztec Cir.,Divide,Co,80814.0,,,
2013,3190,,"Flash & Thelma Memorial Hedgehog Rescue, Inc, The",62 Aztec Cir.,Divide,Co,80814.0,,,
2007,4583.0,,Flat - Faced Friends Rescue,6013 Mars Dr.,Fort Collins,Co,80525.0,,,
2009,6239,,Flat-Faced Friends Rescue,1440 Edgewood Ct.,Ft. Collins,Co,80526.0,,,
2010,6239,,Flat-Faced Friends Rescue,1440 Edgewood Ct.,Ft. Collins,Co,80526.0,,,
2007,2714.0,,Flitesong Aviary,685 Grey Eagle Cir. North,Colorado Springs,Co,80919.0,,,
2008,2714,,Flitesong Aviary,685 Grey Eagle Cir. North,Colorado Springs,Co,80919.0,,,
2009,2714,,Flitesong Aviary,685 Grey Eagle Cir. North,Colorado Springs,Co,80919.0,,,
2011,2714,,Flitesong Aviary,685 Grey Eagle Cir. North,Colorado Springs,Co,80919.0,,,
2012,2714.0,,Flitesong Aviary,685 Grey Eagle Cir. North,Colorado Springs,Co,80919.0,,,
2013,2714,,Flitesong Aviary,685 Grey Eagle Cir. North,Colorado Springs,Co,80919.0,,,
2010,2714,,Flitesong Cage Bird Sanctuary,685 Grey Eagle Cir. North,Colorado Springs,Co,808919.0,El Paso County,38.929389,-104.840306
2014,2714,,Flitesong Cage Bird Sanctuary,685 Grey Eagle Cir N,Colorado Springs ,Co,80919,El Paso County,38.929389,-104.840306
2015,2714,,Flitesong Cage Bird Sanctuary,685 Grey Eagle Cir N,Colorado Springs ,Co,80919,El Paso County,38.929389,-104.840306
2016,2714,,Flitesong Cage Bird Sanctuary,685 Grey Eagle Cir N,Colorado Springs,Co,80919,El Paso County,38.835224,-104.819798
2017,2714,,Flitesong Cage Bird Sanctuary,685 Grey Eagle Cir N,Colorado Springs,Co,80919,El Paso County,38.927811,-104.852463
2011,6507,,Foothills Animal Center,580 McIntyre St.,Golden,Co,80401.0,,,
2010,6507,Pet Animal Large Shelter,Foothills Animal Shelter,580 McIntyre Street,Golden,Co,80401.0,Jefferson County,39.72469,-105.17489
2012,6507.0,Pet Animal Large Shelter,Foothills Animal Shelter,580 McIntyre St.,Golden,Co,80401.0,Jefferson County,39.72469,-105.17489
2013,6507,Pet Animal Large Shelter,Foothills Animal Shelter,580 McIntyre St.,Golden,Co,80401.0,Jefferson County,39.72469,-105.17489
2014,6507,Pet Animal Large Shelter,Foothills Animal Shelter,580 McIntyre St,Golden ,Co,80401,Jefferson County,39.72469,-105.17489
2015,6507,Pet Animal Large Shelter,Foothills Animal Shelter,580 McIntyre Street,Golden ,Co,80401,Jefferson County,39.72469,-105.17489
2016,6507,Pet Animal Large Shelter,Foothills Animal Shelter,580 McIntyre Street,Golden,Co,80401,Jefferson County,39.749672,-105.216019
2017,6507,Pet Animal Large Shelter,Foothills Animal Shelter,580 McIntyre Street,Golden,Co,80401,Jefferson County,39.724445,-105.214237
2018,6507,Pet Animal Large Shelter,Foothills Animal Shelter,580 McIntyre Street,Golden,Co,80401,Jefferson County,39.724445,-105.214237
2019,6507,Pet Animal Large Shelter,Foothills Animal Shelter,580 McIntyre Street,Golden,Co,80401,Jefferson County,39.724445,-105.214237
2020,6507,Pet Animal Large Shelter,Foothills Animal Shelter,580 McIntyre Street,Golden,Co,80401,Jefferson County,39.724445,-105.214237
2021,6507,Pet Animal Large Shelter,Foothills Animal Shelter,580 McIntyre Street,Golden,Co,80401,Jefferson County,39.724445,-105.214237
2022,6507,Pet Animal Large Shelter,Foothills Animal Shelter,580 McIntyre Street,Golden,Co,80401,Jefferson County,39.724445,-105.214237
2023,6507,Pet Animal Large Shelter,Foothills Animal Shelter,580 McIntyre Street,Golden,Co,80401,Jefferson County,39.724445,-105.214237
Licensing,6507,Pet Animal Large Shelter,Foothills Animal Shelter,580 McIntyre Street,Golden,Co,80401,Jefferson,39.724445,-105.214237
2014,,,"For Pet's Sake Humane Society, Inc",38550 County Road H,Mancos ,,81328,Montezuma County,37.32703,-108.343175
2015,,,For Pets' Sake Humane Society,19630 Rd. G,,,81321,Montezuma County,,
2007,5778.0,,"For Pets' Sake Humane Society, Inc.",(Kim Parr) 25508 Co. Rd. N.6 Loop,Cortez,Co,81321.0,,,
2008,5778,,"For Pets' Sake Humane Society, Inc.",(Kim Parr) 25508 Co. Rd. N.6 Loop,Cortez,Co,81321.0,,,
2009,5778,,"For Pets' Sake Humane Society, Inc.",(Kim Parr) 25508 Co. Rd. N.6 Loop,Cortez,Co,81321.0,,,
2010,5778,,"For Pets' Sake Humane Society, Inc.",Po Box 1705,Catez,Co,81321.0,,,
2011,5778,,"For Pets' Sake Humane Society, Inc.",(Kim Parr) 25508 Co. Rd. N.6 Loop,Cortez,Co,81321.0,,,
2012,5778.0,,"For Pets' Sake Humane Society, Inc.",(Kim Parr) 25508 Co. Rd. N.6 Loop,Cortez,Co,81321.0,,,
2013,5778,,"For Pets' Sake Humane Society, Inc.",(Kim Parr) 25508 Co. Rd. N.6 Loop,Cortez,Co,81321.0,,,
2017,,,For Pets' Sake Inc.,,Cortez,,81321,Montezuma County,37.35312,-108.642546
2018,,,For Pets' Sake Inc.,,Cortez,,81321,Montezuma County,37.35312,-108.642546
2019,,,For Pets' Sake Inc.,,Cortez,,81321,Montezuma County,37.35312,-108.642546
2016,,Pet Animal Large Rescue,"For Pets' Sake, Inc.",,Cortez,Co,81321,Montezuma County,37.34862,-108.583778
2020,,Pet Animal Large Rescue,"For Pets' Sake, Inc.",,Cortez,Co,81321,Montezuma County,37.34862,-108.583778
2021,,Pet Animal Large Rescue,"For Pets' Sake, Inc.",,Cortez,Co,81321,Montezuma County,37.34862,-108.583778
2022,,Pet Animal Large Rescue,"For Pets' Sake, Inc.",,Cortez,Co,81321,Montezuma County,37.34862,-108.583778
2023,,Pet Animal Large Rescue,"For Pets' Sake, Inc.",,Cortez,Co,81321,Montezuma County,37.34862,-108.583778
Licensing,,Pet Animal Large Rescue,"For Pets' Sake, Inc.",,Cortez,Co,81321,Montezuma,37.34862,-108.583778
2020,,,For The Howl Of It Inc,,,,,,,
2018,,,For The Howl Of It Inc.,,,,,Mesa County,,
2019,,,For The Howl Of It Inc.,,,,,Mesa County,,
2021,,,For The Howl Of It Rescue,,,,,,,
2022,,,For The Howl Of It Rescue,,,,,,,
2016,,,For The Love of Paws Corp,,Lakewood,,80226,Jefferson County,39.710997,-105.088872
2020,,,For the Love of Birds,,,,,,,
2013,,Pet Animal Large Rescue,Forgotten Felines Rescue,"3124 S Parker Rd, Suite A2-607",Aurora,Co,80014.0,Arapahoe County,39.659616,-104.851206
2014,,Pet Animal Large Rescue,Forgotten Felines Rescue,3124 S. Parker Rd. Suite A2-607 -mailing address only,Aurora ,Co,80014,Arapahoe County,39.659616,-104.851206
2015,,Pet Animal Large Rescue,Forgotten Felines Rescue,3124 S. Parker Rd Suite A2-607,Aurora ,Co,80014,Arapahoe County,39.659616,-104.851206
2016,,Pet Animal Large Rescue,Forgotten Felines Rescue,3124 S. Parker Rd Suite A2-607,Aurora,Co,80014,Arapahoe County,41.75527,-88.309507
2017,,Pet Animal Large Rescue,Forgotten Felines Rescue,3124 S. Parker Rd Suite A2-607,"Aurora,  CO",Co,Co,Arapahoe County,41.75527,-88.309507
2018,,Pet Animal Large Rescue,Forgotten Felines Rescue,3124 S. Parker Rd Suite A2-607,"Aurora,  CO",Co,Co,Arapahoe County,41.75527,-88.309507
2019,,Pet Animal Large Rescue,Forgotten Felines Rescue,3124 S. Parker Rd Suite A2-607,"Aurora,  CO",Co,Co,Arapahoe County,41.75527,-88.309507
2020,,Pet Animal Large Rescue,Forgotten Felines Rescue,3124 S. Parker Rd Suite A2-607,"Aurora,  CO",Co,Co,Arapahoe County,41.75527,-88.309507
2021,,Pet Animal Large Rescue,Forgotten Felines Rescue,3124 S. Parker Rd Suite A2-607,"Aurora,  CO",Co,Co,Arapahoe County,41.75527,-88.309507
2022,,Pet Animal Large Rescue,Forgotten Felines Rescue,3124 S. Parker Rd Suite A2-607,"Aurora,  CO",Co,Co,Arapahoe County,41.75527,-88.309507
2023,,Pet Animal Large Rescue,Forgotten Felines Rescue,3124 S. Parker Rd Suite A2-607,"Aurora,  CO",Co,Co,Arapahoe County,41.75527,-88.309507
Licensing,,Pet Animal Large Rescue,Forgotten Felines Rescue,3124 S. Parker Rd Suite A2-607,Aurora,Co,Co,Arapahoe,41.75527,-88.309507
2015,,,Fort Collins Cat Rescue & Spay/Neuter Clinic,2321 East Mulberry Street #1,Fort Collins,,80524,Larimer County,40.588972,-105.082459
2016,,,Fort Collins Cat Rescue & Spay/Neuter Clinic,2321 East Mulberry Street #1,Fort Collins,,80524,Larimer County,40.588972,-105.082459
2017,,,Fort Collins Cat Rescue & Spay/Neuter Clinic,2321 East Mulberry Street #1,Fort Collins,,80524,Larimer County,40.624808,-105.028464
2018,,,Fort Collins Cat Rescue and Spay/Neuter Clinic,,,,,Larimer County,,
2019,,,Fort Collins Cat Rescue and Spay/Neuter Clinic,,,,,Larimer County,,
Licensing,,Pet Animal Small Shelter,Fort Lupton Police Department,,Fort Lupton,Co,,Weld,,
2016,,,Fort Lupton Veterinary Hospital,,Fort Lupton,,80621,Weld County,40.08025,-104.810512
2013,6141,Pet Animal Small Shelter,Fort Morgan Humane Society,900 E. Railroad Avenue,Ft Morgan,Co,80701.0,Morgan County,40.248502,-103.789739
2014,6141,Pet Animal Small Shelter,Fort Morgan Humane Society,900 E Railroad  Ave,Ft Morgan ,Co,80701,Morgan County,40.248502,-103.789739
2015,6141,Pet Animal Small Shelter,Fort Morgan Humane Society,900 East Railroad P.O. Box 24,Ft Morgan ,Co,80701,Morgan County,40.248502,-103.789739
2016,6141,Pet Animal Small Shelter,Fort Morgan Humane Society,900 East Railroad P.O. Box 24,Fort Morgan,Co,80701,Morgan County,40.253979,-103.801495
2017,6141,Pet Animal Small Shelter,Fort Morgan Humane Society,900 East Railroad P.O. Box 24,Fort Morgan,Co,80701,Morgan County,40.192576,-103.817316
2019,6141,Pet Animal Small Shelter,Fort Morgan Humane Society,900 East Railroad P.O. Box 24,Fort Morgan,Co,80701,Morgan County,40.192576,-103.817316
2020,6141,Pet Animal Small Shelter,Fort Morgan Humane Society,900 East Railroad P.O. Box 24,Fort Morgan,Co,80701,Morgan County,40.192576,-103.817316
2021,6141,Pet Animal Small Shelter,Fort Morgan Humane Society,900 East Railroad P.O. Box 24,Fort Morgan,Co,80701,Morgan County,40.192576,-103.817316
2022,6141,Pet Animal Small Shelter,Fort Morgan Humane Society,900 East Railroad P.O. Box 24,Fort Morgan,Co,80701,Morgan County,40.192576,-103.817316
2023,6141,Pet Animal Small Shelter,Fort Morgan Humane Society,900 East Railroad P.O. Box 24,Fort Morgan,Co,80701,Morgan County,40.192576,-103.817316
Licensing,6141,Pet Animal Small Shelter,Fort Morgan Humane Society,900 East Railroad P.O. Box 24,Fort Morgan,Co,80701,Morgan,40.192576,-103.817316
2018,,,Fort morgan Humane Society,,,,,Morgan County,,
2023,,,Foster Kitten Mama,,,,,,,
2022,,Pet Animal Small Shelter,Foster Kitten Mama Rescue,,Castle Rock,Co,,Douglas,,
Licensing,,Pet Animal Small Shelter,Foster Kitten Mama Rescue,,Castle Rock,Co,,Douglas,,
2017,,,Found Nation Animal Rescue,,Arvada,,80003,Jefferson County,39.82682,-105.06527
2018,,,Found Nation Animal Rescue ,,,,,Jefferson County,,
2016,,,Found Nation Dog Rescue,,Arvada,,80003,Jefferson County,39.801122,-105.081451
2013,,,Four Paws Pet Center of Colorado,3035 Marion St,Denver,Co,80205.0,,,
2014,,,Freedom Service Dogs,2000 W. Union Ave,Englewood ,,80110,Arapahoe County,39.632246,-105.01246
2016,,,Freedom Service Dogs,2000 W. Union Ave,Englewood,,80112,Arapahoe County,39.649436,-104.98891
2019,,,Freedom Service Dogs,2000 W. Union Ave,Englewood,,80112,Arapahoe County,39.649436,-104.98891
2015,,,"Freedom Service Dogs, Inc",2000 W Union Ave,,,80110,Arapahoe County,,
2007,5018.0,,"Freedom Service Dogs, Inc.",2099-P Wadsworth Blvd.,Lakewood,Co,80214.0,Arapahoe County,39.575448,-104.870487
2008,5018,,"Freedom Service Dogs, Inc.",2099-P Wadsworth Blvd.,Lakewood,Co,80214.0,Arapahoe County,39.575448,-104.870487
2009,5018,,"Freedom Service Dogs, Inc.",2099-P Wadsworth Blvd.,Lakewood,Co,80214.0,Arapahoe County,39.575448,-104.870487
2010,5018,,"Freedom Service Dogs, Inc.",2099-P Wadsworth Blvd.,Lakewood,Co,80214.0,Arapahoe County,39.575448,-104.870487
2011,5018,,"Freedom Service Dogs, Inc.",2099-P Wadsworth Blvd.,Lakewood,Co,80214.0,Arapahoe County,39.575448,-104.870487
2012,5018.0,,"Freedom Service Dogs, Inc.",2099-P Wadsworth Blvd.,Lakewood,Co,80214.0,Arapahoe County,39.575448,-104.870487
2013,5018,,"Freedom Service Dogs, Inc.",2000 W Union Ave,Englewood,Co,80110.0,Arapahoe County,39.575448,-104.870487
2017,5018,,"Freedom Service Dogs, Inc.",2000 W Union Ave,Englewood,Co,80112,Arapahoe County,39.575448,-104.870487
2018,5018,,"Freedom Service Dogs, Inc.",2000 W Union Ave,Englewood,Co,80112,Arapahoe County,39.575448,-104.870487
2012,6884.0,,Friend of Pets,3805 Crescent Dr,Ft Collins,Co,80526.0,,,
2013,6884,,Friend of Pets,3805 Crescent Dr,Ft Collins,Co,80526.0,,,
2007,5685.0,,Friend's Rescued Animal Network,5350 Taylor Renee Cir.,Elizabeth,Co,80107.0,,,
2007,3951.0,,Friends Of Retired Greyhounds,20861 Wcr 33,La Salle,Co,80645.0,,,
2008,3951,,Friends Of Retired Greyhounds,20861 Wcr 33,La Salle,Co,80645.0,,,
2009,3951,,Friends Of Retired Greyhounds,20861 Wcr 33,La Salle,Co,80645.0,,,
2010,3951,,Friends Of Retired Greyhounds,No Physical Address,La Salle,Co,80645.0,,,
2011,3951,,Friends Of Retired Greyhounds,20861 Wcr 33,La Salle,Co,80645.0,,,
2012,3951.0,,Friends Of Retired Greyhounds,20861 Wcr 33,La Salle,Co,80645.0,,,
2013,3951,,Friends Of Retired Greyhounds,20861 Wcr 33,La Salle,Co,80645.0,,,
2011,6618,,Friends of Cedaredge Animal Control,265 SE High Country Ave.,Cedaredge,Co ,81413.0,Delta County,38.952644,-107.920549
2012,6618.0,,Friends of Cedaredge Animal Control,265 SE High Country Ave.,Cedaredge,Co ,81413.0,Delta County,38.952644,-107.920549
2013,6618,,Friends of Cedaredge Animal Control,265 SE High Country Ave.,Cedaredge,Co ,81413.0,Delta County,38.952644,-107.920549
2017,6618,,Friends of Cedaredge Animal Control,265 SE High Country Ave.,Cedaredge,Co ,81413,Delta County,38.952644,-107.920549
2018,6618,,Friends of Cedaredge Animal Control,265 SE High Country Ave.,Cedaredge,Co ,81413,Delta County,38.952644,-107.920549
2014,,Pet Animal Small Rescue,Friends of Retired Greyhounds,PO Box 29678,Thornton ,Co,80229,Adams County,39.738453,-104.984853
2015,,Pet Animal Small Rescue,Friends of Retired Greyhounds,PO Box 29678,Thornton ,Co,80229,Adams County,39.738453,-104.984853
2016,,Pet Animal Small Rescue,Friends of Retired Greyhounds,PO Box 29678,Denver,Co,80229,Denver County,39.738453,-104.984853
2017,,Pet Animal Small Rescue,Friends of Retired Greyhounds,PO Box 29678,Denver,Co,80219,Denver County,39.696096,-105.034969
2018,,Pet Animal Small Rescue,Friends of Retired Greyhounds,PO Box 29678,Denver,Co,80219,Denver County,39.696096,-105.034969
2019,,Pet Animal Small Rescue,Friends of Retired Greyhounds,PO Box 29678,Denver,Co,80219,Denver County,39.696096,-105.034969
2020,,Pet Animal Small Rescue,Friends of Retired Greyhounds,PO Box 29678,Denver,Co,80219,Denver County,39.696096,-105.034969
2021,,Pet Animal Small Rescue,Friends of Retired Greyhounds,PO Box 29678,Denver,Co,80219,Denver County,39.696096,-105.034969
2022,,Pet Animal Small Rescue,Friends of Retired Greyhounds,PO Box 29678,Denver,Co,80219,Denver County,39.696096,-105.034969
2023,,Pet Animal Small Rescue,Friends of Retired Greyhounds,PO Box 29678,Denver,Co,80219,Denver County,39.696096,-105.034969
Licensing,,Pet Animal Small Rescue,Friends of Retired Greyhounds,PO Box 29678,Denver,Co,80219,Denver,39.696096,-105.034969
2019,,,Friends of Shawnee Animals,,,,,,,
2018,,,From Forgotten To Forever Rescue And Transport,,,,,El Paso County,,
2019,,,From Forgotten to Forever Rescue and Transport,,,,,,,
2022,,Pet Animal Small Shelter,From Forgotten to Forever Transport,,Walsenburg,Co,,Huerfano,,
Licensing,,Pet Animal Small Shelter,From Forgotten to Forever Transport,,Walsenburg,Co,,Huerfano,,
2020,,,"From Forgotton to Forever Transport, Inc",,,,,,,
2021,,,From forgotten to Forever transport,,,,,,,
2023,,,From forgotten to forever rescue,,,,,,,
2020,,,Fromm Rescue To Forever,,,,,,,
2021,,,Fromm Rescue to Forever,,,,,,,
2019,,Pet Animal Large Rescue,Front Range Freedom Rescue,,Lakewood,Co,,Jefferson,,
2020,,Pet Animal Large Rescue,Front Range Freedom Rescue,,Lakewood,Co,,Jefferson,,
2021,,Pet Animal Large Rescue,Front Range Freedom Rescue,,Lakewood,Co,,Jefferson,,
2022,,Pet Animal Large Rescue,Front Range Freedom Rescue,,Lakewood,Co,,Jefferson,,
Licensing,,Pet Animal Large Rescue,Front Range Freedom Rescue,,Lakewood,Co,,Jefferson,,
2021,,,Front Range German Shepard Rescue,,,,,,,
2023,,,Front Range German Shepard Rescue,,,,,,,
2011,6634,,Front Range German Shepherd Rescue,2024 S. Ogden St.,Denver,Co,80210.0,Denver COunty,39.679767,-104.97575
2012,6634.0,,Front Range German Shepherd Rescue,2024 S. Ogden St.,Denver,Co,80210.0,Denver COunty,39.679767,-104.97575
2013,6634,,Front Range German Shepherd Rescue,2024 S. Ogden St.,Denver,Co,80210.0,Denver COunty,39.679767,-104.97575
2014,6634,,Front Range German Shepherd Rescue,2024 S Ogden St,Denver ,Co,80210,Denver COunty,39.679767,-104.97575
2017,6634,,Front Range German Shepherd Rescue,2024 S Ogden St,Denver,Co,80223,Denver County,39.698081,-105.001615
2019,6634,,Front Range German Shepherd Rescue,2024 S Ogden St,Denver,Co,80223,Denver County,39.698081,-105.001615
2020,6634,,Front Range German Shepherd Rescue,2024 S Ogden St,Denver,Co,80223,Denver County,39.698081,-105.001615
2022,6634,,Front Range German Shepherd Rescue,2024 S Ogden St,Denver,Co,80223,Denver County,39.698081,-105.001615
2018,,,Front Range German Shepherd Rescue ,,,,,Denver County,,
Licensing,,Pet Animal Large Rescue,"Front Range German Shepherd Rescue, Inc",,Denver,Co,,Denver,,
2016,,,Front Range German Shepherd rescue,,Denver,,80223,Denver County,39.738453,-104.984853
2022,,,Front Range Reptiles,,,,,,,
2023,,,Front Range Reptiles,,,,,,,
2015,,,Front range German Shepherd rescue,2688 S. Cherokee St,,,80223,Denver County,,
2014,,,Ft Carson Animal Rescue,12599 Jordan Rd,Fountain ,,80817,El Paso County,38.649453,-104.685645
2007,5434.0,,Ft Collins Cat Rescue,"2321 E. Mulberry St., #12A",Fort Collins,Co,80524.0,Larimer County,40.580657,-105.034181
2008,5872,,Ft Collins Cat Rescue,"2321 E. Mulberry St., #1 ",Ft Collins,Co,80524.0,Larimer County,40.580657,-105.034181
2009,5872,,Ft Collins Cat Rescue,"2321 E. Mulberry St., #1 ",Ft Collins,Co,80524.0,Larimer County,40.580657,-105.034181
2010,5872,,Ft Collins Cat Rescue,"2321 E. Mulberry St., #1 ",Ft Collins,Co,80524.0,Larimer County,40.580657,-105.034181
2011,5872,,Ft Collins Cat Rescue,"2321 E. Mulberry St., #1 ",Ft Collins,Co,80524.0,Larimer County,40.580657,-105.034181
2012,5872.0,,Ft Collins Cat Rescue,"2321 E. Mulberry St., #1 ",Ft Collins,Co,80524.0,Larimer County,40.580657,-105.034181
2013,5872,,Ft Collins Cat Rescue,"2321 E. Mulberry St., #1 ",Ft Collins,Co,80524.0,Larimer County,40.580657,-105.034181
2014,5872,,Ft Collins Cat Rescue,2321 E Mulberry St Unit 1,Ft Collins ,Co,80524,Larimer County,40.580657,-105.034181
2007,3268.0,,Ft Collins Protection Dogs & Training,9100 N. Co. Rd. 15,Fort Collins,Co,80524.0,,,
2008,3268,,Ft Collins Protection Dogs & Training,9100 N. Co. Rd. 15,Fort Collins,Co,80524.0,,,
2014,,,Ft Lupton Veterinary Hospital,1025 1st St,Ft Lupton ,,80621,Weld County,40.080258,-104.806728
2017,,,Ft Lupton Veterinary Hospital,1025 1st St,Ft Lupton,,80621,Weld County,40.100776,-104.798419
2018,,,Ft Lupton Veterinary Hospital,1025 1st St,Ft Lupton,,80621,Weld County,40.100776,-104.798419
2019,,,Ft Lupton Veterinary Hospital,1025 1st St,Ft Lupton,,80621,Weld County,40.100776,-104.798419
2020,,,Ft Lupton Veterinary Hospital,1025 1st St,Ft Lupton,,80621,Weld County,40.100776,-104.798419
2021,,,Ft Lupton Veterinary Hospital,1025 1st St,Ft Lupton,,80621,Weld County,40.100776,-104.798419
2022,,,Ft Lupton Veterinary Hospital,1025 1st St,Ft Lupton,,80621,Weld County,40.100776,-104.798419
2007,1936.0,,Ft Lupton Vetrinary Hospital,1025 1St St,Fort Lupton,Co,80621.0,,,
2008,1936,,Ft Lupton Vetrinary Hospital,1025 1St St,Fort Lupton,Co,80621.0,,,
2009,1936,,Ft Lupton Vetrinary Hospital,1025 1St St,Fort Lupton,Co,80621.0,,,
2010,1936,,Ft Lupton Vetrinary Hospital,1025 1st St,Fort Lupton,Co,80621.0,,,
2011,1936,,Ft Lupton Vetrinary Hospital,1025 1St St,Fort Lupton,Co,80621.0,,,
2012,1936.0,,Ft Lupton Vetrinary Hospital,1025 1St St,Fort Lupton,Co,80621.0,,,
2013,1936,,Ft Lupton Vetrinary Hospital,1025 1St St,Fort Lupton,Co,80621.0,,,
2015,,,Ft. Lupton Veterinary Hospital,1025 1st Street,,,80621,Weld County,,
2018,,Pet Animal Small Shelter,Fureverdog Rescue,,Fort Lupton,Co,,Weld County,,
2019,,Pet Animal Small Shelter,Fureverdog Rescue,,Fort Lupton,Co,,Weld County,,
2023,,Pet Animal Small Shelter,Fureverdog Rescue,,Fort Lupton,Co,,Weld County,,
Licensing,,Pet Animal Small Shelter,Fureverdog Rescue,,Fort Lupton,Co,,Weld,,
2021,,,Fureverdog Rescue & Boarding,,,,,,,
2022,,,Fureverdog Rescue & Boarding,,,,,,,
2020,,,Fureverdog Rescue and Boarding,,,,,,,
2007,5175.0,,Fuziefaniez,67528 Cr 89,Grover,Co,80729.0,,,
2008,5175,,Fuziefaniez,67528 Cr 89,Grover,Co,80729.0,,,
2009,5175,,Fuziefaniez,67528 Cr 89,Grover,Co,80729.0,,,
2010,5175,,Fuziefaniez,67528 Cr 89,Grover,Co,80729.0,,,
2011,5175,,Fuziefaniez,67528 Cr 89,Grover,Co,80729.0,,,
2012,5175.0,,Fuziefaniez,67528 Cr 89,Grover,Co,80729.0,,,
2007,5254.0,,"Gabriel Foundation, The",39520 Co. Rd. 13,Elizabeth,Co,80107.0,,,
2007,5367.0,,"Gabriel Foundation, The",1025 Acoma St.,Denver,Co,80204.0,,,
2008,5254,,"Gabriel Foundation, The",39520 Co. Rd. 13,Elizabeth,Co,80107.0,,,
2008,5367,,"Gabriel Foundation, The",1025 Acoma St.,Denver,Co,80204.0,,,
2009,5254,,"Gabriel Foundation, The",39520 Co. Rd. 13,Elizabeth,Co,80107.0,,,
2009,5367,,"Gabriel Foundation, The",1025 Acoma St.,Denver,Co,80204.0,,,
2011,5254,,"Gabriel Foundation, The",39520 Co. Rd. 13,Elizabeth,Co,80107.0,,,
2011,5367,,"Gabriel Foundation, The",1025 Acoma St.,Denver,Co,80204.0,,,
2012,5254.0,,"Gabriel Foundation, The",39520 Co. Rd. 13,Elizabeth,Co,80107.0,,,
2012,5367.0,,"Gabriel Foundation, The",1025 Acoma St.,Denver,Co,80204.0,,,
2013,5254,,"Gabriel Foundation, The",39520 Co. Rd. 13,Elizabeth,Co,80107.0,,,
2013,5367,,"Gabriel Foundation, The",1025 Acoma St.,Denver,Co,80204.0,,,
2010,5876,,Garden Valley Vet Hospital,"32450 Hwy 257, Ste A",Windsor,Co,80550.0,,,
2007,5515.0,,Garden Valley Veterinary Hospital,32450 Hwy. 257,Windsor,Co,80550.0,Weld County,40.479957,-104.907678
2011,5876,,Garden Valley Veterinary Hospital,"32450 Hwy 257, Ste. A",Windsor,Co,80550.0,Weld County,40.479957,-104.907678
2012,5876.0,,Garden Valley Veterinary Hospital,"32450 Hwy 257, Ste. A",Windsor,Co,80550.0,Weld County,40.479957,-104.907678
2013,5876,,Garden Valley Veterinary Hospital,"32450 Hwy 257, Ste. A",Windsor,Co,80550.0,Weld County,40.479957,-104.907678
2016,5876,,Garden Valley Veterinary Hospital,"32450 Hwy 257, Ste. A",Windsor,Co,80550,Weld County,40.479957,-104.907678
2019,,,Garden Valley Veterinary Hospital ,,,,,,,
2017,,,Garfield County Animal Welfare FOundation INc,,Rifle,,81650,Garfield County,39.71652,-108.013527
2020,,,Garfield County Animal Welfare Foundation Inc DBA Rifle Animal Shelter,,,,,,,
2018,,,Garfield County Animal Welfare Foundation Inc dba Rifle Animal Shelter,,,,,Garfield County,,
2019,,,Garfield County Animal Welfare Foundation Inc dba Rifle Animal Shelter,,,,,Garfield County,,
2016,,,Garfield County Animal Welfare Foundation inc dba Rifle Animal Shelter,,Rifle,,81650,Garfield County,39.533485,-107.783302
2010,6046,,German Shepherd Rescue Of Central Colorado,Po Box 61,Buena Vista,Co,81211.0,Park County,,
2015,6046,,German Shepherd Rescue Of Central Colorado,2660 Campfire Rd,Buena Vista,Co,80449,Park County,,
2015,,,German Shepherd Rescue Of The Rockies,20518 Highway 52,Fort Morgan,,80701,Morgan County,40.253979,-103.801495
2016,,,German Shepherd Rescue Of The Rockies,20518 Highway 52,Fort Morgan,,80701,Morgan County,40.253979,-103.801495
2017,,,German Shepherd Rescue Of The Rockies,20518 Highway 52,Fort Morgan,,80701,Morgan County,40.192576,-103.817316
2018,,,German Shepherd Rescue Of The Rockies,20518 Highway 52,Fort Morgan,,80701,Morgan County,40.192576,-103.817316
2008,6046,,German Shepherd Rescue of Central Colorado,2660 Campfire Rd.,Hartsel,Co,80449.0,Park County,38.898971,-105.949368
2009,6046,,German Shepherd Rescue of Central Colorado,2660 Campfire Rd.,Hartsel,Co,80449.0,Park County,38.898971,-105.949368
2011,6046,,German Shepherd Rescue of Central Colorado,2660 Campfire Rd.,Hartsel,Co,80449.0,Park County,38.898971,-105.949368
2012,6046.0,,German Shepherd Rescue of Central Colorado,2660 Campfire Rd.,Hartsel,Co,80449.0,Park County,38.898971,-105.949368
2013,6046,,German Shepherd Rescue of Central Colorado,2660 Campfire Rd.,Hartsel,Co,80449.0,Park County,38.898971,-105.949368
2014,6046,,German Shepherd Rescue of Central Colorado,2660 Campfire Rd,Hartsel ,Co,80449,Park County,38.898971,-105.949368
2016,6046,,German Shepherd Rescue of Central Colorado,2660 Campfire Rd,Hartsel Colorado,Co,80449,Park County,35.500801,-117.9478
2017,,,German Shepherd Rescue of Central Colorado ,,Hartsel,,80449,Park County,38.904284,-105.905756
2011,6656,,German Shepherd Rescue of the Rockies,6521 Clay St. #17,Denver,Co,80221.0,Adams County,,
2012,6656.0,,German Shepherd Rescue of the Rockies,6521 Clay St. #17,Denver,Co,80221.0,Adams County,,
2013,6656,,German Shepherd Rescue of the Rockies,6521 Clay St. #17,Denver,Co,80221.0,Adams County,,
2014,6656,,German Shepherd Rescue of the Rockies,PO Box 1481,Westminster ,Co,80036,Adams County,,
2019,6656,,German Shepherd Rescue of the Rockies,PO Box 1481,Westminster ,Co,80036,Adams County,,
2020,6656,,German Shepherd Rescue of the Rockies,PO Box 1481,Westminster ,Co,80036,Adams County,,
2021,6656,,German Shepherd Rescue of the Rockies,PO Box 1481,Westminster ,Co,80036,Adams County,,
2019,,,Gina Chaffin dba Echo Acres,,,,,,,
2020,,,Golden Growls Senior Rescue,,,,,,,
2021,,,Golden Growls Senior Rescue,,,,,,,
2022,,,Golden Growls Senior Rescue,,,,,,,
2023,,,Golden Growls Senior Rescue,,,,,,,
2015,,,Golden Retreiver Freedom Rescue,8653 E 148th Lane,,,80602,Adams County,,
2008,5994,,Golden Retriever Freedom Rescue,2545 W. 8th Ave,Denver,Co,80204.0,Jefferson County,,
2009,5994,,Golden Retriever Freedom Rescue,2545 W. 8th Ave,Denver,Co,80204.0,Jefferson County,,
2010,5994,,Golden Retriever Freedom Rescue,2545 W. 8th Ave,Denver,Co,80204.0,Jefferson County,,
2011,5994,,Golden Retriever Freedom Rescue,2545 W. 8th Ave,Denver,Co,80204.0,Jefferson County,,
2012,5994.0,,Golden Retriever Freedom Rescue,2545 W. 8th Ave,Denver,Co,80204.0,Jefferson County,,
2013,5994,,Golden Retriever Freedom Rescue,2545 W. 8th Ave,Denver,Co,80204.0,Jefferson County,,
2018,5994,,Golden Retriever Freedom Rescue,2545 W. 8th Ave,Denver,Co,80204.0,Jefferson County,,
2019,5994,,Golden Retriever Freedom Rescue,2545 W. 8th Ave,Denver,Co,80204.0,Jefferson County,,
2020,5994,,Golden Retriever Freedom Rescue,2545 W. 8th Ave,Denver,Co,80204.0,Jefferson County,,
2021,5994,,Golden Retriever Freedom Rescue,2545 W. 8th Ave,Denver,Co,80204.0,Jefferson County,,
2023,5994,,Golden Retriever Freedom Rescue,2545 W. 8th Ave,Denver,Co,80204.0,Jefferson County,,
2014,,Pet Animal Large Rescue,"Golden Retriever Freedom Rescue, Inc.",8653 E 148th Lane,Thornton ,Co,80602,Adams County,39.966307,-104.886526
2016,,Pet Animal Large Rescue,"Golden Retriever Freedom Rescue, Inc.",8653 E 148th Lane,Denver,Co,Co,Denver County,39.738453,-104.984853
2017,,Pet Animal Large Rescue,"Golden Retriever Freedom Rescue, Inc.",8653 E 148th Lane,Denver,Co,80222,Denver County,39.671188,-104.928266
Licensing,,Pet Animal Large Rescue,"Golden Retriever Freedom Rescue, Inc.",8653 E 148th Lane,Lakewood,Co,80222,Jefferson,39.671188,-104.928266
2022,,,Golden Retriever Freedom rescue,,,,,,,
2007,4591.0,,Golden Retriever Rescue Of The Rockies,16400 W. 54Th Ave.,Golden,Co,80403.0,,,
2008,4591,,Golden Retriever Rescue Of The Rockies,16400 W. 54Th Ave.,Golden,Co,80403.0,,,
2009,4591,,Golden Retriever Rescue Of The Rockies,16400 W. 54Th Ave.,Golden,Co,80403.0,,,
2010,4591,,Golden Retriever Rescue Of The Rockies,16400 W. 54th Ave.,Golden,Co,80403.0,,,
2017,,,Golden Retriever Rescue of The Rockies,,Arvada,,80007,Jefferson County,39.839939,-105.186131
2011,6865,Pet Animal Small Shelter,Golden Retriever Rescue of the Rockies,15350 W 72nd Ave,Arvada,Co,80007.0,Jefferson County,39.827043,-105.171893
2012,6865.0,Pet Animal Small Shelter,Golden Retriever Rescue of the Rockies,15350 W 72nd Ave,Arvada,Co,80002.0,Jefferson County,39.827043,-105.171893
2013,6865,Pet Animal Small Shelter,Golden Retriever Rescue of the Rockies,15350 W 72nd Ave,Arvada,Co,80002.0,Jefferson County,39.827043,-105.171893
2014,6865,Pet Animal Small Shelter,Golden Retriever Rescue of the Rockies,15350 W. 72nd Ave.,Arvada ,Co,80007,Jefferson County,39.827043,-105.171893
2015,6865,Pet Animal Small Shelter,Golden Retriever Rescue of the Rockies,15350 W. 72nd Ave.,Arvada ,Co,80007,Jefferson County,39.827043,-105.171893
2016,6865,Pet Animal Small Shelter,Golden Retriever Rescue of the Rockies,15350 W. 72nd Ave.,Arvada,Co,80007,Jefferson County,39.801122,-105.081451
2019,6865,Pet Animal Small Shelter,Golden Retriever Rescue of the Rockies,15350 W. 72nd Ave.,Arvada,Co,80007,Jefferson County,39.801122,-105.081451
2020,6865,Pet Animal Small Shelter,Golden Retriever Rescue of the Rockies,15350 W. 72nd Ave.,Arvada,Co,80007,Jefferson County,39.801122,-105.081451
2021,6865,Pet Animal Small Shelter,Golden Retriever Rescue of the Rockies,15350 W. 72nd Ave.,Arvada,Co,80007,Jefferson County,39.801122,-105.081451
2022,6865,Pet Animal Small Shelter,Golden Retriever Rescue of the Rockies,15350 W. 72nd Ave.,Arvada,Co,80007,Jefferson County,39.801122,-105.081451
2023,6865,Pet Animal Small Shelter,Golden Retriever Rescue of the Rockies,15350 W. 72nd Ave.,Arvada,Co,80007,Jefferson County,39.801122,-105.081451
Licensing,6865,Pet Animal Small Shelter,Golden Retriever Rescue of the Rockies,15350 W. 72nd Ave.,Arvada,Co,80007,Jefferson,39.801122,-105.081451
2014,,,Good Samaritan Pet Adoption Center,112 Newport St,Denver ,,80220,Denver County,39.718728,-104.909757
2016,,,"Good Samaritan Pet Adoption Center, Inc",,Denver,,80211,Denver County,39.738453,-104.984853
2007,3777.0,,"Good Samaritan Pet Adoption Center, Inc.",112 Newport St.,Denver,Co,80220.0,Denver County,,
2008,3777,,"Good Samaritan Pet Adoption Center, Inc.",112 Newport St.,Denver,Co,80220.0,Denver County,,
2009,3777,,"Good Samaritan Pet Adoption Center, Inc.",112 Newport St.,Denver,Co,80220.0,Denver County,,
2011,3777,,"Good Samaritan Pet Adoption Center, Inc.",112 Newport St.,Denver,Co,80220.0,Denver County,,
2012,3777.0,,"Good Samaritan Pet Adoption Center, Inc.",112 Newport St.,Denver,Co,80220.0,Denver County,,
2013,3777,,"Good Samaritan Pet Adoption Center, Inc.",112 Newport St.,Denver,Co,80220.0,Denver County,,
2018,3777,,"Good Samaritan Pet Adoption Center, Inc.",112 Newport St.,Denver,Co,80220.0,Denver County,,
2015,,,Good Samaritan Pet Center,2831 W 24th Ave,,,80211,Denver County,,
2014,,,Graceland Animal Rescue,361 Rosevale Road,Grand Junction ,,81507,Mesa County,39.057341,-108.580191
2015,,,Graceland Animal Rescue,361 Rosevale Road,Grand Junction ,,81507,Mesa County,39.057341,-108.580191
2016,,,Graceland Animal Rescue,361 Rosevale Road,Grand Junction,,81507,Mesa County,39.067379,-108.570816
2017,,,Graceland Animal Rescue,361 Rosevale Road,Grand Junction,,81507,Mesa County,39.069315,-108.643454
2018,,,Graceland Animal Rescue & Sanctuary,,,,,Mesa County,,
2019,,,Graceland Animal Rescue & Sanctuary,,,,,Mesa County,,
2020,,,Graceland Animal Rescue & Sanctuary,,,,,Mesa County,,
2021,,,Graceland Animal Rescue and Sanctuary,,,,,,,
2007,1959.0,Pet Animal Small Shelter,Grand County Animal Shelter,3475 Cr 57,Granby,Co,80446.0,Grand County,40.084333,-105.963651
2008,1959,Pet Animal Small Shelter,Grand County Animal Shelter,3475 Cr 57,Granby,Co,80446.0,Grand County,40.084333,-105.963651
2009,1959,Pet Animal Small Shelter,Grand County Animal Shelter,3475 Cr 57,Granby,Co,80446.0,Grand County,40.084333,-105.963651
2010,1959,Pet Animal Small Shelter,Grand County Animal Shelter,3475 Cr 57,Granby,Co,80446.0,Grand County,40.084333,-105.963651
2011,1959,Pet Animal Small Shelter,Grand County Animal Shelter,3475 Cr 57,Granby,Co,80446.0,Grand County,40.084333,-105.963651
2012,1959.0,Pet Animal Small Shelter,Grand County Animal Shelter,3475 Cr 57,Granby,Co,80446.0,Grand County,40.084333,-105.963651
2013,1959,Pet Animal Small Shelter,Grand County Animal Shelter,3475 Cr 57,Granby,Co,80446.0,Grand County,40.084333,-105.963651
2014,1959,Pet Animal Small Shelter,Grand County Animal Shelter,3475 County Rd 57,Granby ,Co,80446,Grand County,40.084333,-105.963651
2015,1959,Pet Animal Small Shelter,Grand County Animal Shelter,3475 County Rd 57,Granby ,Co,80446,Grand County,40.084333,-105.963651
2016,1959,Pet Animal Small Shelter,Grand County Animal Shelter,3475 County Rd 57,Granby,Co,80446,Grand County,41.951103,-72.786055
2018,1959,Pet Animal Small Shelter,Grand County Animal Shelter,3475 County Rd 57,Granby,Co,80446,Grand County,41.951103,-72.786055
2019,1959,Pet Animal Small Shelter,Grand County Animal Shelter,3475 County Rd 57,Granby,Co,80446,Grand County,41.951103,-72.786055
2020,1959,Pet Animal Small Shelter,Grand County Animal Shelter,3475 County Rd 57,Granby,Co,80446,Grand County,41.951103,-72.786055
2021,1959,Pet Animal Small Shelter,Grand County Animal Shelter,3475 County Rd 57,Granby,Co,80446,Grand County,41.951103,-72.786055
2022,1959,Pet Animal Small Shelter,Grand County Animal Shelter,3475 County Rd 57,Granby,Co,80446,Grand County,41.951103,-72.786055
2023,1959,Pet Animal Small Shelter,Grand County Animal Shelter,3475 County Rd 57,Granby,Co,80446,Grand County,41.951103,-72.786055
Licensing,1959,Pet Animal Small Shelter,Grand County Animal Shelter,3475 County Rd 57,Granby,Co,80446,Grand,41.951103,-72.786055
2017,,,Grand County Animal Shelter/ Robin,,Granby,,80446,Grand County,40.037288,-105.887053
2007,5188.0,Pet Animal Large Rescue,Grand Rivers Humane Society,831 Colorado Ave.,Grand Junction,Co,81501.0,Mesa County,39.066306,-108.558575
2008,5188,Pet Animal Large Rescue,Grand Rivers Humane Society,831 Colorado Ave.,Grand Junction,Co,81501.0,Mesa County,39.066306,-108.558575
2009,5188,Pet Animal Large Rescue,Grand Rivers Humane Society,831 Colorado Ave.,Grand Junction,Co,81501.0,Mesa County,39.066306,-108.558575
2010,5188,Pet Animal Large Rescue,Grand Rivers Humane Society,Po Box 3048,Grand Junction,Co,81501.0,Mesa County,39.066306,-108.558575
2011,5188,Pet Animal Large Rescue,Grand Rivers Humane Society,831 Colorado Ave.,Grand Junction,Co,81501.0,Mesa County,39.066306,-108.558575
2012,5188.0,Pet Animal Large Rescue,Grand Rivers Humane Society,831 Colorado Ave.,Grand Junction,Co,81501.0,Mesa County,39.066306,-108.558575
2013,5188,Pet Animal Large Rescue,Grand Rivers Humane Society,831 Colorado Ave.,Grand Junction,Co,81501.0,Mesa County,39.066306,-108.558575
2014,5188,Pet Animal Large Rescue,Grand Rivers Humane Society,831 Colorado Ave,Grand Junction ,Co,81501,Mesa County,39.066306,-108.558575
2015,5188,Pet Animal Large Rescue,Grand Rivers Humane Society,831 Colorado Ave,Grand Junction ,Co,81501,Mesa County,39.066306,-108.558575
2016,5188,Pet Animal Large Rescue,Grand Rivers Humane Society,831 Colorado Ave,Grand Junction,Co,81503,Mesa County,39.067379,-108.570816
2017,5188,Pet Animal Large Rescue,Grand Rivers Humane Society,831 Colorado Ave,Grand Junction,Co,81503,Mesa County,39.038588,-108.517869
2018,5188,Pet Animal Large Rescue,Grand Rivers Humane Society,831 Colorado Ave,Grand Junction,Co,81503,Mesa County,39.038588,-108.517869
2019,5188,Pet Animal Large Rescue,Grand Rivers Humane Society,831 Colorado Ave,Grand Junction,Co,81503,Mesa County,39.038588,-108.517869
2020,5188,Pet Animal Large Rescue,Grand Rivers Humane Society,831 Colorado Ave,Grand Junction,Co,81503,Mesa County,39.038588,-108.517869
2021,5188,Pet Animal Large Rescue,Grand Rivers Humane Society,831 Colorado Ave,Grand Junction,Co,81503,Mesa County,39.038588,-108.517869
2022,5188,Pet Animal Large Rescue,Grand Rivers Humane Society,831 Colorado Ave,Grand Junction,Co,81503,Mesa County,39.038588,-108.517869
2023,5188,Pet Animal Large Rescue,Grand Rivers Humane Society,831 Colorado Ave,Grand Junction,Co,81503,Mesa County,39.038588,-108.517869
Licensing,5188,Pet Animal Large Rescue,Grand Rivers Humane Society,831 Colorado Ave,Grand Junction,Co,81503,Mesa,39.038588,-108.517869
2016,,,Grand Valley Pit Crew,,Loma,,81524,Mesa County,39.196709,-108.812935
2017,,,Grand Valley Pit Crew,,Loma,,81524,Mesa County,39.240495,-108.799922
2018,,,Grand Valley Pit Crew,,Loma,,81524,Mesa County,39.240495,-108.799922
2020,,,Grand Valley Pit Crew,,Loma,,81524,Mesa County,39.240495,-108.799922
2019,,,Grand Valley Pit Crew ,,,,,,,
2021,,Pet Animal Small Rescue,Gray Muzzle Society,,Lakewood,Co,,Jefferson,,
2022,,Pet Animal Small Rescue,Gray Muzzle Society,,Lakewood,Co,,Jefferson,,
2023,,Pet Animal Small Rescue,Gray Muzzle Society,,Lakewood,Co,,Jefferson,,
Licensing,,Pet Animal Small Rescue,Gray Muzzle Society,,Lakewood,Co,,Jefferson,,
2018,,Pet Animal Small Shelter,Great Pyrenees Rescue & Sanctuary,,Peyton,Co,,El Paso County,,
2019,,Pet Animal Small Shelter,Great Pyrenees Rescue & Sanctuary,,Peyton,Co,,El Paso County,,
2020,,Pet Animal Small Shelter,Great Pyrenees Rescue & Sanctuary,,Peyton,Co,,El Paso County,,
2021,,Pet Animal Small Shelter,Great Pyrenees Rescue & Sanctuary,,Peyton,Co,,El Paso County,,
2022,,Pet Animal Small Shelter,Great Pyrenees Rescue & Sanctuary,,Peyton,Co,,El Paso County,,
2023,,Pet Animal Small Shelter,Great Pyrenees Rescue & Sanctuary,,Peyton,Co,,El Paso County,,
Licensing,,Pet Animal Small Shelter,Great Pyrenees Rescue & Sanctuary,,Peyton,Co,,El Paso,,
2008,6096,,Great Pyrenees Rescue (PYRescue),13990 Windy Pine Dr.,Elbert,Co,80106.0,,,
2009,6096,,Great Pyrenees Rescue (PYRescue),13990 Windy Pine Dr.,Elbert,Co,80106.0,,,
2011,6096,,Great Pyrenees Rescue (PYRescue),13990 Windy Pine Dr.,Elbert,Co,80106.0,,,
2012,6096.0,,Great Pyrenees Rescue (PYRescue),13990 Windy Pine Dr.,Elbert,Co,80106.0,,,
2013,6096,,Great Pyrenees Rescue (PYRescue),13990 Windy Pine Dr.,Elbert,Co,80106.0,,,
2010,6096,,Great Pyrenees Rescue (Pyrescue),13990 Windy Pine Dr.,Elbert,Co,80106.0,,,
2015,,,Great Pyrenees Rescue and Sanctuary,11603 Bradshaw Road,Peyton,,80831,El Paso County,46.650299,-92.021103
2016,,,Great Pyrenees Rescue and Sanctuary,11603 Bradshaw Road,Peyton,,80831,El Paso County,46.650299,-92.021103
2017,,,Great Pyrenees Rescue and Sanctuary,11603 Bradshaw Road,Peyton,,80831,El Paso County,38.974291,-104.539816
2014,,,Great Pyreness Rescue (PYRESCUE),13990 Windy Pine Dr,Elbert ,,80106,El Paso County,39.036324,-104.585861
2016,,,Greenhorn Valley Animal Rescue,,Colorado City,,81019,Pueblo County,32.388445,-100.86463
2017,,Pet Animal Small Rescue,Grey Ghost Weimaraner Rescue,,Monument,Co,80132,El Paso County,39.09592,-104.847227
2018,,Pet Animal Small Rescue,Grey Ghost Weimaraner Rescue,,Monument,Co,80132,El Paso County,39.09592,-104.847227
2019,,Pet Animal Small Rescue,Grey Ghost Weimaraner Rescue,,Monument,Co,80132,El Paso County,39.09592,-104.847227
2020,,Pet Animal Small Rescue,Grey Ghost Weimaraner Rescue,,Monument,Co,80132,El Paso County,39.09592,-104.847227
2021,,Pet Animal Small Rescue,Grey Ghost Weimaraner Rescue,,Monument,Co,80132,El Paso County,39.09592,-104.847227
2022,,Pet Animal Small Rescue,Grey Ghost Weimaraner Rescue,,Monument,Co,80132,El Paso County,39.09592,-104.847227
2023,,Pet Animal Small Rescue,Grey Ghost Weimaraner Rescue,,Monument,Co,80132,El Paso County,39.09592,-104.847227
Licensing,,Pet Animal Small Rescue,Grey Ghost Weimaraner Rescue,,Monument,Co,80132,El Paso,39.09592,-104.847227
2007,4159.0,,Greyhound Acres,17784 N. Co. Rd. 15,Wellington,Co,80549.0,,,
2016,,,Gritty Pittie Rescue,,Longmont,,80501,Boulder County,40.165729,-105.101194
2017,,,Gritty Pittie Rescue,,Longmont,,80501,Boulder County,40.170086,-105.107297
2018,,,Gritty Pittie Rescue,,Longmont,,80501,Clear Creek County,40.170086,-105.107297
2019,,,Gritty Pittie Rescue,,Longmont,,80501,Clear Creek County,40.170086,-105.107297
2020,,,Gritty Pittie Rescue,,Longmont,,80501,Clear Creek County,40.170086,-105.107297
2021,,,Gritty Pittie Rescue,,Longmont,,80501,Clear Creek County,40.170086,-105.107297
2022,,,Gritty Pittie Rescue,,Longmont,,80501,Clear Creek County,40.170086,-105.107297
2016,,,Gunnison Animal Shelter,,Gunnison,,81230,Gunnison County,38.545502,-106.926898
2020,,,Gunnison Underdog Rescue,,,,,,,
2022,,,Gunnison Underdog Rescue,,,,,,,
2017,,,"Gunnison Underdog Rescue, Inc.",,Gunnison,,81230,Gunnison County,38.498592,-107.02781
2018,,,"Gunnison Underdog Rescue, Inc.",,Gunnison,,81230,Gunnison County,38.498592,-107.02781
2019,,,"Gunnison Underdog Rescue, Inc.",,Gunnison,,81230,Gunnison County,38.498592,-107.02781
2007,3368.0,,Gunnison Valley Animal Welfare League,304 W. Tomichi Ave.,Gunnison,Co,81230.0,Gunnison County,38.545502,-106.926898
2008,3368,,Gunnison Valley Animal Welfare League,304 W. Tomichi Ave.,Gunnison,Co,81230.0,Gunnison County,38.545502,-106.926898
2009,3368,,Gunnison Valley Animal Welfare League,304 W. Tomichi Ave.,Gunnison,Co,81230.0,Gunnison County,38.545502,-106.926898
2010,12,,Gunnison Valley Animal Welfare League,1100 W. Virginia Ave.,Gunnison,Co,81230.0,Gunnison County,38.545502,-106.926898
2010,3368,,Gunnison Valley Animal Welfare League,Po Box 1834,Gunnison,Co,81230.0,Gunnison County,38.545502,-106.926898
2011,3368,,Gunnison Valley Animal Welfare League,304 W. Tomichi Ave.,Gunnison,Co,81230.0,Gunnison County,38.545502,-106.926898
2012,3368.0,,Gunnison Valley Animal Welfare League,304 W. Tomichi Ave.,Gunnison,Co,81230.0,Gunnison County,38.545502,-106.926898
2013,3368,,Gunnison Valley Animal Welfare League,304 W. Tomichi Ave.,Gunnison,Co,81230.0,Gunnison County,38.545502,-106.926898
2014,3368,,Gunnison Valley Animal Welfare League,98 Basin Park Dr,Gunnison ,Co,81230,Gunnison County,38.545502,-106.926898
2015,3368,,Gunnison Valley Animal Welfare League,98 Basin Park Drive,Gunnison ,Co,81230,Gunnison County,38.545502,-106.926898
2016,3368,,Gunnison Valley Animal Welfare League,98 Basin Park Drive,Gunnison,Co,81230,Gunnison County,38.545502,-106.926898
2017,3368,,Gunnison Valley Animal Welfare League,98 Basin Park Drive,Gunnison,Co,81230,Gunnison County,38.498592,-107.02781
2018,3368,,Gunnison Valley Animal Welfare League,98 Basin Park Drive,Gunnison,Co,81230,Gunnison County,38.498592,-107.02781
2020,3368,,Gunnison Valley Animal Welfare League,98 Basin Park Drive,Gunnison,Co,81230,Gunnison County,38.498592,-107.02781
2021,3368,,Gunnison Valley Animal Welfare League,98 Basin Park Drive,Gunnison,Co,81230,Gunnison County,38.498592,-107.02781
2022,3368,,Gunnison Valley Animal Welfare League,98 Basin Park Drive,Gunnison,Co,81230,Gunnison County,38.498592,-107.02781
2023,3368,,Gunnison Valley Animal Welfare League,98 Basin Park Drive,Gunnison,Co,81230,Gunnison County,38.498592,-107.02781
2019,,Pet Animal Small Shelter,"Gunnison Valley Animal Welfare League, Inc.",,Gunnison,Co,,Gunnison,,
Licensing,,Pet Animal Small Shelter,"Gunnison Valley Animal Welfare League, Inc.",,Gunnison,Co,,Gunnison,,
2015,,,HO-BO Care Boxer Rescue,1112 East Bayaud Ave,Denver,,80209,Denver County,39.738453,-104.984853
2016,,,HO-BO Care Boxer Rescue,1112 East Bayaud Ave,Denver,,80012,Denver County,39.738453,-104.984853
2014,,,HO-BO-CARE Boxer Rescue,1112 E Bayaud Ave,Denver ,,80209,Denver County,39.714722,-104.97424
2017,,,Hair Force One Dog Grooming Salon LLC,,Alamosa,,81101,Alamosa County,37.470901,-105.849477
2018,,,Hair Force One Dog Grooming Salon LLC,,Alamosa,,81101,Alamosa County,37.470901,-105.849477
2015,,,Hallcrest Kennel,2046 County Road 158,,,80107,Elbert County,,
2014,,,Hallcrest Kennells,2046 County Road 158,Elizabeth ,,80107,Elbert County,39.434188,-104.624257
2007,476.0,,Hallcrest Kennels,2046 County Rd. 158,Elizabeth,Co,80107.0,,,
2008,476,,Hallcrest Kennels,2046 County Rd. 158,Elizabeth,Co,80107.0,,,
2009,476,,Hallcrest Kennels,2046 County Rd. 158,Elizabeth,Co,80107.0,,,
2011,476,,Hallcrest Kennels,2046 County Rd. 158,Elizabeth,Co,80107.0,,,
2012,476.0,,Hallcrest Kennels,2046 County Rd. 158,Elizabeth,Co,80107.0,,,
2013,476,,Hallcrest Kennels,2046 County Rd. 158,Elizabeth,Co,80107.0,,,
2010,476,,Hallerest Kennel,2046 County Rd. 158,Elizabeth,Co,80107.0,,,
2021,,,Happily Ever After Canine Rescue,,,,,,,
2022,,,Happily Ever After Canine Rescue,,,,,,,
2014,,,Happy Cats Haven,1412 S 21st St,Colorado Springs ,,80904,El Paso County,38.832748,-104.859147
2015,,,Happy Cats Haven,1412 S. 21st st,Colorado Springs ,,80904,El Paso County,38.832748,-104.859147
2016,,,Happy Cats Haven,1412 S. 21st st,Colorado Springs,,80904,El Paso County,38.835224,-104.819798
2019,,,Happy Cats Haven,1412 S. 21st st,Colorado Springs,,80904,El Paso County,38.835224,-104.819798
2020,,,Happy Cats Haven,1412 S. 21st st,Colorado Springs,,80904,El Paso County,38.835224,-104.819798
2021,,,Happy Cats Haven,1412 S. 21st st,Colorado Springs,,80904,El Paso County,38.835224,-104.819798
2022,,,Happy Cats Haven,1412 S. 21st st,Colorado Springs,,80904,El Paso County,38.835224,-104.819798
2023,,,Happy Cats Haven,1412 S. 21st st,Colorado Springs,,80904,El Paso County,38.835224,-104.819798
2012,6814.0,Pet Animal Small Shelter,Happy Cats Haven Inc,1412 S 21st St,Colorado Springs,Co,80904.0,El Paso County,,
2013,6814,Pet Animal Small Shelter,Happy Cats Haven Inc,1412 S 21st St,Colorado Springs,Co,80904.0,El Paso County,,
2018,6814,Pet Animal Small Shelter,Happy Cats Haven Inc,1412 S 21st St,Colorado Springs,Co,80904.0,El Paso County,,
Licensing,6814,Pet Animal Small Shelter,Happy Cats Haven Inc,1412 S 21st St,Manitou Springs,Co,80904.0,El Paso,,
2017,,,"Happy Cats Haven, Inc",,Colorado Springs,,80904,El Paso County,38.858711,-104.86804
2014,,,Happy Haven Farm & Sanctuary,67500 E County Rd 34,Byers ,,80103,Arapahoe County,39.623233,-104.199279
2017,,,Happy Haven Farm & Sanctuary,67500 E County Rd 34,Byers,,80103,Arapahoe County,39.765917,-104.12751
2022,,,Happy Haven Farm & Sanctuary,67500 E County Rd 34,Byers,,80103,Arapahoe County,39.765917,-104.12751
2023,,,Happy Haven Farm & Sanctuary,67500 E County Rd 34,Byers,,80103,Arapahoe County,39.765917,-104.12751
2016,,,Happy Haven Farm and Sanctuary,,Byers,,80103,Arapahoe County,39.710891,-104.22341
Licensing,,Pet Animal Small Rescue,Happy Hounds Rescue Inc.,,Empire,Co,,Clear Creek,,
2013,,,Happy Landings Animal Rescue,2303 Strawfork Dr,Ft Collins,Co,80525.0,Larimer County,40.556754,-105.035658
2014,,,Happy Landings Animal Rescue,2303 Strawfork Dr.,Ft. Collins ,Co,80525,Larimer County,40.556754,-105.035658
2015,,,Happy Landings Animal Rescue,2303 Strawfork Dr.,Ft. Collins ,Co,80525,Larimer County,40.556754,-105.035658
2015,,,Happy Tails,23798 Hwy 24,Minturn,,81645,Eagle County,37.139702,-120.2733
2016,,,Happy Tails,23798 Hwy 24,Minturn,,81645,Eagle County,37.139702,-120.2733
2017,,Pet Animal Small Rescue,Harley's Dream,,Berthoud,Co,80513,Larimer County,40.298463,-105.106736
2018,,Pet Animal Small Rescue,Harley's Dream,,Berthoud,Co,80513,Larimer County,40.298463,-105.106736
2019,,Pet Animal Small Rescue,Harley's Dream,,Berthoud,Co,80513,Larimer County,40.298463,-105.106736
2020,,Pet Animal Small Rescue,Harley's Dream,,Berthoud,Co,80513,Larimer County,40.298463,-105.106736
2021,,Pet Animal Small Rescue,Harley's Dream,,Berthoud,Co,80513,Larimer County,40.298463,-105.106736
2022,,Pet Animal Small Rescue,Harley's Dream,,Berthoud,Co,80513,Larimer County,40.298463,-105.106736
2023,,Pet Animal Small Rescue,Harley's Dream,,Berthoud,Co,80513,Larimer County,40.298463,-105.106736
Licensing,,Pet Animal Small Rescue,Harley's Dream,,Berthoud,Co,80513,Larimer,40.298463,-105.106736
2013,,Pet Animal Small Rescue,Harley's Hope Foundation,13455 Highline Dr,Colorado Springs,Co,80908.0,El Paso County,39.026668,-104.704977
2014,,Pet Animal Small Rescue,Harley's Hope Foundation,13455 Highline Dr,Colo Spgs ,Co,80908,El Paso County,39.026668,-104.704977
2015,,Pet Animal Small Rescue,Harley's Hope Foundation,13455 Highline Drive,Colo Spgs ,Co,80908,El Paso County,39.026668,-104.704977
2016,,Pet Animal Small Rescue,Harley's Hope Foundation,13455 Highline Drive,Colorado Springs,Co,80908,El Paso County,38.835224,-104.819798
2017,,Pet Animal Small Rescue,Harley's Hope Foundation,13455 Highline Drive,Colorado Springs,Co,80908,El Paso County,39.035907,-104.698606
2018,,Pet Animal Small Rescue,Harley's Hope Foundation,13455 Highline Drive,Colorado Springs,Co,80908,El Paso County,39.035907,-104.698606
2019,,Pet Animal Small Rescue,Harley's Hope Foundation,13455 Highline Drive,Colorado Springs,Co,80908,El Paso County,39.035907,-104.698606
2020,,Pet Animal Small Rescue,Harley's Hope Foundation,13455 Highline Drive,Colorado Springs,Co,80908,El Paso County,39.035907,-104.698606
2021,,Pet Animal Small Rescue,Harley's Hope Foundation,13455 Highline Drive,Colorado Springs,Co,80908,El Paso County,39.035907,-104.698606
2022,,Pet Animal Small Rescue,Harley's Hope Foundation,13455 Highline Drive,Colorado Springs,Co,80908,El Paso County,39.035907,-104.698606
2023,,Pet Animal Small Rescue,Harley's Hope Foundation,13455 Highline Drive,Colorado Springs,Co,80908,El Paso County,39.035907,-104.698606
Licensing,,Pet Animal Small Rescue,Harley's Hope Foundation,13455 Highline Drive,Colorado Springs,Co,80908,El Paso,39.035907,-104.698606
2019,,Pet Animal Small Shelter,Harmony Animal Matchmaker and Sanctuary,,Grand Junction,Co,,Mesa,,
2020,,Pet Animal Small Shelter,Harmony Animal Matchmaker and Sanctuary,,Grand Junction,Co,,Mesa,,
2021,,Pet Animal Small Shelter,Harmony Animal Matchmaker and Sanctuary,,Grand Junction,Co,,Mesa,,
2022,,Pet Animal Small Shelter,Harmony Animal Matchmaker and Sanctuary,,Grand Junction,Co,,Mesa,,
2023,,Pet Animal Small Shelter,Harmony Animal Matchmaker and Sanctuary,,Grand Junction,Co,,Mesa,,
Licensing,,Pet Animal Small Shelter,Harmony Animal Matchmaker and Sanctuary,,Grand Junction,Co,,Mesa,,
2016,,Pet Animal Large Rescue,Havok's Wolfpack,,Littleton,Co,80128,Jefferson County,39.612653,-105.016198
2020,,Pet Animal Large Rescue,Havok's Wolfpack,,Littleton,Co,80128,Jefferson County,39.612653,-105.016198
2021,,Pet Animal Large Rescue,Havok's Wolfpack,,Littleton,Co,80128,Jefferson County,39.612653,-105.016198
2022,,Pet Animal Large Rescue,Havok's Wolfpack,,Littleton,Co,80128,Jefferson County,39.612653,-105.016198
2023,,Pet Animal Large Rescue,Havok's Wolfpack,,Littleton,Co,80128,Jefferson County,39.612653,-105.016198
Licensing,,Pet Animal Large Rescue,Havok's Wolfpack,,Denver,Co,80128,Denver,39.612653,-105.016198
2017,,,Headwaters Hounds,,Salida,,81201,Chaffee County,38.549874,-106.075804
2018,,,Headwaters Hounds Kennel,,,,,Chaffee County,,
2021,,,Heart and Soul Dogs LLC,,,,,,,
2022,,,Heart and Soul Dogs LLC,,,,,,,
2015,,,"HeartFire Enterprises, Inc dba Happy Haven Farm & Sanctuary",67500 E. County Rd. 34,,,80103,Arapahoe County,,
2020,,,HearthFire Enterprises Inc dba Happy Haven Farm & Sanctuary,,,,,,,
2021,,,HearthFire Enterprises Inc dba Happy Haven Farm & Sanctuary,,,,,,,
2018,,,"HearthFire Enterprises, Inc dba Happy Haven Farm & Sanctuary",,,,,Arapahoe County,,
2019,,,"HearthFire Enterprises, Inc dba Happy Haven Farm & Sanctuary",,,,,Arapahoe County,,
2008,5209,,Hell Creek Kennel,31515 Cr Kk,Stratton,Co,80836.0,,,
2020,,,HemoSolutions,,,,,,,
2021,,,HemoSolutions,,,,,,,
2022,,,HemoSolutions,,,,,,,
2023,,,HemoSolutions,,,,,,,
Licensing,,Pet Animal Small Shelter,"HemoSolutions, LLC",,Calhan,Co,,El Paso,,
2016,,,High Country Basset Basset Rescue,,Aurora,,80012,Arapahoe County,41.75527,-88.309507
2015,,Pet Animal Small Rescue,High Country Basset Hound Rescue,22791 E. Euclid Cir,Aurora,Co,80016,Arapahoe County,39.69879,-104.838565
2017,,Pet Animal Small Rescue,High Country Basset Hound Rescue,22791 E. Euclid Cir,Aurora,Co,80012,Arapahoe County,39.69879,-104.838565
2018,,Pet Animal Small Rescue,High Country Basset Hound Rescue,22791 E. Euclid Cir,Aurora,Co,80012,Weld County,39.69879,-104.838565
2019,,Pet Animal Small Rescue,High Country Basset Hound Rescue,22791 E. Euclid Cir,Aurora,Co,80012,Weld County,39.69879,-104.838565
2020,,Pet Animal Small Rescue,High Country Basset Hound Rescue,22791 E. Euclid Cir,Aurora,Co,80012,Weld County,39.69879,-104.838565
2021,,Pet Animal Small Rescue,High Country Basset Hound Rescue,22791 E. Euclid Cir,Aurora,Co,80012,Weld County,39.69879,-104.838565
Licensing,,Pet Animal Small Rescue,High Country Basset Hound Rescue,22791 E. Euclid Cir,Elizabeth,Co,80012,Elbert,39.69879,-104.838565
2014,,,High Country Basset Hound Rescue & Adoption,22791 E Euclid Cir,Aurora ,,80016,Arapahoe County,39.596176,-104.722282
2007,1836.0,,High Country Basset Hound Rescue & Adoption Svc. Inc.,3730 S. Lowell Blvd.,Denver,Co,80236.0,,,
2008,1836,,High Country Basset Hound Rescue & Adoption Svc. Inc.,3730 S. Lowell Blvd.,Denver,Co,80236.0,,,
2009,1836,,High Country Basset Hound Rescue & Adoption Svc. Inc.,3730 S. Lowell Blvd.,Denver,Co,80236.0,,,
2010,1836,,High Country Basset Hound Rescue & Adoption Svc. Inc.,3730 S. Lowell Blvd.,Denver,Co,80236.0,,,
2011,1836,,High Country Basset Hound Rescue & Adoption Svc. Inc.,3730 S. Lowell Blvd.,Denver,Co,80236.0,,,
2012,1836.0,,High Country Basset Hound Rescue & Adoption Svc. Inc.,3730 S. Lowell Blvd.,Denver,Co,80236.0,,,
2013,1836,,High Country Basset Hound Rescue & Adoption Svc. Inc.,3730 S. Lowell Blvd.,Denver,Co,80236.0,,,
2022,,,"High Country Basset Hound Rescue and Adoption Service, Inc.",,,,,,,
2023,,,High County Basset Hound Rescue,,,,,,,
2007,5648.0,,High Peaks Cat Shelter,753 High Peaks Ranch Rd.,Coaldale,Co,81222.0,,,
2008,5648,,High Peaks Cat Shelter,753 High Peaks Ranch Rd.,Coaldale,Co,81222.0,,,
2009,5648,,High Peaks Cat Shelter,753 High Peaks Ranch Rd.,Coaldale,Co,81222.0,,,
2007,52.0,,"Highland Veterinary Clinic, P.C.",206 2Nd St,Ault,Co,80610.0,,,
2008,52,,"Highland Veterinary Clinic, P.C.",206 2Nd St,Ault,Co,80610.0,,,
2009,52,,"Highland Veterinary Clinic, P.C.",206 2Nd St,Ault,Co,80610.0,,,
2010,52,,"Highland Veterinary Clinic, P.C.",206 Second St,Anet,Co,80610.0,,,
2011,52,,"Highland Veterinary Clinic, P.C.",206 2Nd St,Ault,Co,80610.0,,,
2012,52.0,,"Highland Veterinary Clinic, P.C.",206 2Nd St,Ault,Co,80610.0,,,
2013,52,,"Highland Veterinary Clinic, P.C.",206 2Nd St,Ault,Co,80610.0,,,
2014,,,"Highland Veterinary Clinic, PC",206 2nd St,Ault ,,80610,Weld County,40.583438,-104.732271
2016,,,"Highland Veterinary Clinic, PC",206 2nd St,Ault,,80610,Weld County,40.582389,-104.733083
2015,,,"Highland Veterinary Clinic,PC",206 Second St.,,,80610,Weld County,,
2019,,,Highway Hounds Rescue & Transport,,,,,,,
Licensing,,Pet Animal Small Rescue,Highwind Exotics and Aquatics LLC,,Parker,Co,,Douglas,,
2007,5179.0,,Hill River Kennels,12526 Weld County Rd. 18,Fort Lupton,Co,80621.0,,,
Licensing,,Pet Animal Large Rescue,Ho Bo Care Boxer Rescue,,Colorado Springs,Co,,El Paso,,
2017,,,Ho-Bo Care Boxer Rescue,,Denver,,80209,Denver County,39.706246,-104.965413
2019,,,Ho-Bo Care Boxer Rescue,,Denver,,80209,Denver County,39.706246,-104.965413
2021,,,Ho-Bo Care Boxer Rescue,,Denver,,80209,Denver County,39.706246,-104.965413
2022,,,Ho-Bo Care Boxer Rescue,,Denver,,80209,Denver County,39.706246,-104.965413
2023,,,Ho-Bo Care Boxer Rescue,,Denver,,80209,Denver County,39.706246,-104.965413
2007,2220.0,,Ho-Bo-Care Boxer Rescue,1112 E. Bayaud Ave.,Denver,Co,80209.0,,,
2008,2220,,Ho-Bo-Care Boxer Rescue,1112 E. Bayaud Ave.,Denver,Co,80209.0,,,
2009,2220,,Ho-Bo-Care Boxer Rescue,1112 E. Bayaud Ave.,Denver,Co,80209.0,,,
2010,2220,,Ho-Bo-Care Boxer Rescue,1112 E. Bayaud Ave.,Denver,Co,80209.0,,,
2011,2220,,Ho-Bo-Care Boxer Rescue,1112 E. Bayaud Ave.,Denver,Co,80209.0,,,
2012,2220.0,,Ho-Bo-Care Boxer Rescue,1112 E. Bayaud Ave.,Denver,Co,80209.0,,,
2013,2220,,Ho-Bo-Care Boxer Rescue,1112 E. Bayaud Ave.,Denver,Co,80209.0,,,
2022,,Pet Animal Small Rescue,Hoffmann's Little Haven,,Sedalia,Co,,Douglas,,
Licensing,,Pet Animal Small Rescue,Hoffmann's Little Haven,,Sedalia,Co,,Douglas,,
2023,,,Hoffmanns Little Have,,,,,,,
2021,,,Hoffmanns Little Haven,,,,,,,
2018,,,Home Sweet Home Rescue LLC,,,,,Douglas County,,
2019,,,"Home Sweet Home Rescue, LLC",,,,,,,
2015,,,HomeComings Dog Rescue,401 Saulsbury St.,Lakewood,,80226,Jefferson County,39.710997,-105.088872
2016,,,HomeComings Dog Rescue,401 Saulsbury St.,Lakewood,,80026,Jefferson County,39.710997,-105.088872
2017,,,HomeComings Dog Rescue,401 Saulsbury St.,Lakewood,,80226,Jefferson County,39.710156,-105.087292
2014,,,"Homecomings Dog Rescue, Inc",401 Saulsbury St,Lakewood ,,80226,Jefferson County,39.723248,-105.075548
2020,,,Homeless Boxer Care,,,,,,,
2018,,,Homeless Boxer Care ,,,,,Denver County,,
2020,,,Homeward Bound Rescue,,,,,,,
2018,,Pet Animal Small Rescue,Homeward Bound Rescue of Colorado,,Greeley,Co,,Weld County,,
2019,,Pet Animal Small Rescue,Homeward Bound Rescue of Colorado,,Greeley,Co,,Weld County,,
2021,,Pet Animal Small Rescue,Homeward Bound Rescue of Colorado,,Greeley,Co,,Weld County,,
2022,,Pet Animal Small Rescue,Homeward Bound Rescue of Colorado,,Greeley,Co,,Weld County,,
2023,,Pet Animal Small Rescue,Homeward Bound Rescue of Colorado,,Greeley,Co,,Weld County,,
Licensing,,Pet Animal Small Rescue,Homeward Bound Rescue of Colorado,,Greeley,Co,,Weld,,
2021,,,Hoof & Paw,,,,,,,
2022,,,Hoof & Paw,,,,,,,
2010,6256,,Hoof And Paw ,Po Box 292,Nucla,Co,81424.0,,,
2015,,,Hoof And Paw (West End Animal Assist,606 Cascade Circle,,,81422,Montrose County,,
2018,,,Hoof and Paw,,,,,Montrose County,,
2020,,,Hoof and Paw,,,,,Montrose County,,
2023,,,Hoof and Paw,,,,,Montrose County,,
2014,,,Hoof and Paw (West End Animal Assist),606 Cascade Cir,Naturita ,,81422,Montrose County,38.22008,-108.576838
Licensing,,Pet Animal Small Shelter,Hoof and Paw Inc,,Naturita,Co,,Montrose,,
2016,,,"Hoof and Paw, Inc.",,Nucla,,81424,Montrose County,38.27013,-108.545867
2009,6256,,Hoof and Paws (West End Animal Assist),720 Grape Street,Nucla,Co,81424.0,,,
2011,6256,,Hoof and Paws (West End Animal Assist),720 Grape Street,Nucla,Co,81424.0,,,
2012,6256.0,,Hoof and Paws (West End Animal Assist),720 Grape Street,Nucla,Co,81424.0,,,
2013,6256,,Hoof and Paws (West End Animal Assist),720 Grape Street,Nucla,Co,81424.0,,,
2010,5539,,Hope For Animals ,12163 W. Stanford Dr.,Morrison,Co,80465.0,,,
2015,,,Hope For Animals -Clear Creek Rescue,1133 Lodgepole Drive,,,80439,Clear Creek County,,
2016,,,Hope For Animals-Clear Creek Rescue,,Littleton,,80127,Jefferson County,39.612653,-105.016198
2018,,,Hope For Animals-Clear Creek Rescue,,Littleton,,80127,Jefferson County,39.612653,-105.016198
2019,,,Hope For Animals-Clear Creek Rescue,,Littleton,,80127,Jefferson County,39.612653,-105.016198
2020,,,Hope For Animals-Clear Creek Rescue,,Littleton,,80127,Jefferson County,39.612653,-105.016198
2021,,,Hope For Animals-Clear Creek Rescue,,Littleton,,80127,Jefferson County,39.612653,-105.016198
2022,,,Hope For Animals-Clear Creek Rescue,,Littleton,,80127,Jefferson County,39.612653,-105.016198
2023,,,Hope For Animals-Clear Creek Rescue,,Littleton,,80127,Jefferson County,39.612653,-105.016198
2014,,,Hope for Animals - Clear Creek Rescue,1133 Lodgepole Dr,Evergreen ,,80439,Jefferson County,39.674626,-105.418035
Licensing,,Pet Animal Small Rescue,Hope for Animals Clear Creek Rescue,,Golden,Co,,Jefferson,,
2017,,,Hope for animals - clear creek rescue,,Littleton,,80127,Jefferson County,39.572458,-105.141992
2007,5808.0,,Horsetooth Rescue/Kennel,2825 S. Taft Hill Rd.,Fort Collins,Co,80526.0,,,
Licensing,,Pet Animal Small Rescue,House of Exotics LLC,,Canon City,Co,,Fremont,,
2007,2.0,,Humane Society Of Boulder Valley,2323 55Th St,Boulder,Co,80301.0,,,
2008,2,,Humane Society Of Boulder Valley,2323 55Th St,Boulder,Co,80301.0,,,
2009,2,,Humane Society Of Boulder Valley,2323 55Th St,Boulder,Co,80301.0,,,
2010,2,,Humane Society Of Boulder Valley,2323 55th St,Boulder,Co,80301.0,,,
2011,2,,Humane Society Of Boulder Valley,2323 55Th St,Boulder,Co,80301.0,,,
2012,2.0,,Humane Society Of Boulder Valley,2323 55Th St,Boulder,Co,80301.0,,,
2013,2,,Humane Society Of Boulder Valley,2323 55Th St,Boulder,Co,80301.0,,,
2007,8.0,,Humane Society Of Fremont County,110 Rhoades Ave.,Canon City,Co,81212.0,,,
2008,8,,Humane Society Of Fremont County,110 Rhoades Ave.,Canon City,Co,81212.0,,,
2009,8,,Humane Society Of Fremont County,110 Rhoades Ave.,Canon City,Co,81212.0,,,
2010,8,,Humane Society Of Fremont County,110 Rhoades Ave.,Canon City,Co,81212.0,,,
2011,8,,Humane Society Of Fremont County,110 Rhoades Ave.,Canon City,Co,81212.0,,,
2012,8.0,,Humane Society Of Fremont County,110 Rhoades Ave.,Canon City,Co,81212.0,,,
2013,8,,Humane Society Of Fremont County,110 Rhoades Ave.,Canon City,Co,81212.0,,,
2019,,,Humane Society Of Moab Valley,,,,,,,
2007,1235.0,,Humane Society Of Pagosa Springs,300 Paws Ct,Pagosa Springs,Co,81147.0,,,
2007,7.0,,Humane Society Of The Pikes Peak Region,610 Abbott Lane,Colorado Springs,Co,80905.0,,,
2008,7,,Humane Society Of The Pikes Peak Region,610 Abbott Lane,Colorado Springs,Co,80905.0,,,
2009,7,,Humane Society Of The Pikes Peak Region,610 Abbott Lane,Colorado Springs,Co,80905.0,,,
2010,7,,Humane Society Of The Pikes Peak Region,610 Abbott Lane,Colorado Springs,Co,80905.0,,,
2011,7,,Humane Society Of The Pikes Peak Region,610 Abbott Lane,Colorado Springs,Co,80905.0,,,
2012,7.0,,Humane Society Of The Pikes Peak Region,610 Abbott Lane,Colorado Springs,Co,80905.0,,,
2013,7,,Humane Society Of The Pikes Peak Region,610 Abbott Lane,Colorado Springs,Co,80905.0,,,
2010,6339,,Humane Society Of The South Platte Valley,"2129 W. Chenango Avenue, Unit A",Littleton,Co,80120.0,,,
2007,3148.0,,Humane Society Of Weld County,1620 42Nd St.,Evans,Co,80620.0,,,
2008,3148,,Humane Society Of Weld County,1620 42Nd St.,Evans,Co,80620.0,,,
2009,3148,,Humane Society Of Weld County,1620 42Nd St.,Evans,Co,80620.0,,,
2010,3148,,Humane Society Of Weld County,1620 42nd St.,Evans,Co,80620.0,,,
2011,3148,,Humane Society Of Weld County,1620 42Nd St.,Evans,Co,80620.0,,,
2012,3148.0,,Humane Society Of Weld County,1620 42Nd St.,Evans,Co,80620.0,,,
2013,3148,,Humane Society Of Weld County,1620 42Nd St.,Evans,Co,80620.0,,,
2007,2227.0,,Humane Society Of Western Colorado,"326 Main St., Ste. 213",Grand Junction,Co,81501.0,,,
2008,2227,,Humane Society Of Western Colorado,"326 Main St., Ste. 213",Grand Junction,Co,81501.0,,,
2009,2227,,Humane Society Of Western Colorado,"326 Main St., Ste. 213",Grand Junction,Co,81501.0,,,
2014,,,Humane Society of Boulder Valley,2323 55th Street,Boulder ,,80301,Boulder County,40.022366,-105.225482
2015,,,Humane Society of Boulder Valley,2323 55th St,Boulder ,,80301,Boulder County,40.022366,-105.225482
2016,,,Humane Society of Boulder Valley,2323 55th St,Boulder,,80301,Boulder County,40.015831,-105.27927
2017,,,Humane Society of Boulder Valley,2323 55th St,Boulder,,80301,Boulder County,40.04714,-105.214301
2018,,,Humane Society of Boulder Valley,2323 55th St,Boulder,,80301,Boulder County,40.04714,-105.214301
2019,,,Humane Society of Boulder Valley,2323 55th St,Boulder,,80301,Boulder County,40.04714,-105.214301
2020,,,Humane Society of Boulder Valley,2323 55th St,Boulder,,80301,Boulder County,40.04714,-105.214301
2021,,,Humane Society of Boulder Valley,2323 55th St,Boulder,,80301,Boulder County,40.04714,-105.214301
2022,,,Humane Society of Boulder Valley,2323 55th St,Boulder,,80301,Boulder County,40.04714,-105.214301
2023,,,Humane Society of Boulder Valley,2323 55th St,Boulder,,80301,Boulder County,40.04714,-105.214301
Licensing,,Pet Animal Large Shelter,"Humane Society of Boulder Valley, Inc.",,Boulder,Co,,Boulder,,
2014,,,Humane Society of Fremont County,110 Rhoades Ave,Canon City ,,81212,Fremont County,38.446225,-105.203982
2015,,,Humane Society of Fremont County,110 Rhoades Ave,Canon City ,,81212,Fremont County,38.446225,-105.203982
2016,,,Humane Society of Fremont County,110 Rhoades Ave,Canon City,,81212,Fremont County,38.442184,-105.23489
2018,,,Humane Society of Fremont County,110 Rhoades Ave,Canon City,,81212,Fremont County,38.442184,-105.23489
2019,,,Humane Society of Fremont County,110 Rhoades Ave,Canon City,,81212,Fremont County,38.442184,-105.23489
2020,,,Humane Society of Fremont County,110 Rhoades Ave,Canon City,,81212,Fremont County,38.442184,-105.23489
2021,,,Humane Society of Fremont County,110 Rhoades Ave,Canon City,,81212,Fremont County,38.442184,-105.23489
2022,,,Humane Society of Fremont County,110 Rhoades Ave,Canon City,,81212,Fremont County,38.442184,-105.23489
2023,,,Humane Society of Fremont County,110 Rhoades Ave,Canon City,,81212,Fremont County,38.442184,-105.23489
Licensing,,Pet Animal Large Shelter,"Humane Society of Fremont County, Inc.",,Canon City,Co,,Fremont,,
2017,,,"Humane Society of Fremont County,Inc.",,Canon City,,81212,Fremont County,38.492332,-105.309685
2020,,,Humane Society of Moab Valley,,,,,,,
2021,,,Humane Society of Moab Valley,,,,,,,
2022,,,Humane Society of Moab Valley,,,,,,,
2018,,Pet Animal Small Rescue,Humane Society of Moab Valley dba Petco,,Grand Junction,Co,,Mesa County,,
2023,,Pet Animal Small Rescue,Humane Society of Moab Valley dba Petco,,Grand Junction,Co,,Mesa County,,
Licensing,,Pet Animal Small Rescue,Humane Society of Moab Valley dba Petco,,Grand Junction,Co,,Mesa,,
2007,5799.0,,Humane Society of Pagosa Springs,465 Cloman Blvd.,Pagosa Springs,Co,81147.0,Archuleta County,37.283339,-107.06751
2008,5799,,Humane Society of Pagosa Springs,465 Cloman Blvd.,Pagosa Springs,Co,81147.0,Archuleta County,37.283339,-107.06751
2009,5799,,Humane Society of Pagosa Springs,465 Cloman Blvd.,Pagosa Springs,Co,81147.0,Archuleta County,37.283339,-107.06751
2011,5799,,Humane Society of Pagosa Springs,465 Cloman Blvd.,Pagosa Springs,Co,81147.0,Archuleta County,37.283339,-107.06751
2012,5799.0,,Humane Society of Pagosa Springs,465 Cloman Blvd.,Pagosa Springs,Co,81147.0,Archuleta County,37.283339,-107.06751
2013,5799,,Humane Society of Pagosa Springs,465 Cloman Blvd.,Pagosa Springs,Co,81147.0,Archuleta County,37.283339,-107.06751
2014,5799,,Humane Society of Pagosa Springs,465 Cloman Blvd,Pagosa Springs ,Co,81147,Archuleta County,37.283339,-107.06751
2015,5799,,Humane Society of Pagosa Springs,465 Cloman Blvd,Pagosa Springs ,Co,81147,Archuleta,37.283339,-107.06751
2016,5799,,Humane Society of Pagosa Springs,465 Cloman Blvd,Pagosa Springs,Co,81147,Archuleta County,37.266324,-107.013125
2017,5799,,Humane Society of Pagosa Springs,465 Cloman Blvd,Pagosa Springs,Co,81147,Archuleta County,37.195642,-107.058126
2019,5799,,Humane Society of Pagosa Springs,465 Cloman Blvd,Pagosa Springs,Co,81147,Archuleta County,37.195642,-107.058126
2020,5799,,Humane Society of Pagosa Springs,465 Cloman Blvd,Pagosa Springs,Co,81147,Archuleta County,37.195642,-107.058126
2021,5799,,Humane Society of Pagosa Springs,465 Cloman Blvd,Pagosa Springs,Co,81147,Archuleta County,37.195642,-107.058126
2022,5799,,Humane Society of Pagosa Springs,465 Cloman Blvd,Pagosa Springs,Co,81147,Archuleta County,37.195642,-107.058126
2023,5799,,Humane Society of Pagosa Springs,465 Cloman Blvd,Pagosa Springs,Co,81147,Archuleta County,37.195642,-107.058126
Licensing,,Pet Animal Small Shelter,"Humane Society of Pagosa Springs, Inc.",,Pagosa Springs,Co,,Archuleta,,
2018,,,Humane Society of Pagosa springs,,,,,Archuleta County,,
Licensing,,Pet Animal Small Shelter,"Humane Society of South Platte Valley, Inc.",,Littleton,Co,,Arapahoe,,
2022,,,Humane Society of St Thomas,,,,,,,
2015,,,Humane Society of Weld County,1620 42nd Street,Evans,,80620,Weld County,40.377378,-104.692863
2016,,,Humane Society of Weld County,1620 42nd Street,Evans,,80620,Weld County,40.377378,-104.692863
2017,,,Humane Society of Weld County,1620 42nd Street,Evans,,80620,Weld County,40.377208,-104.71396
2019,,,Humane Society of Weld County,1620 42nd Street,Evans,,80620,Weld County,40.377208,-104.71396
2020,,,Humane Society of Weld County,1620 42nd Street,Evans,,80620,Weld County,40.377208,-104.71396
2021,,,Humane Society of Weld County,1620 42nd Street,Evans,,80620,Weld County,40.377208,-104.71396
2022,,,Humane Society of Weld County,1620 42nd Street,Evans,,80620,Weld County,40.377208,-104.71396
2023,,,Humane Society of Weld County,1620 42nd Street,Evans,,80620,Weld County,40.377208,-104.71396
2018,,,"Humane Society of Weld County, INC.",,,,,Weld County,,
2014,,,"Humane Society of Weld County, Inc",1620 42nd  St,Evans ,,80620,Weld County,40.370109,-104.705935
2014,,Pet Animal Large Shelter,Humane Society of the Pikes Peak Region,610 Abbot Lane,Colorado Springs ,Co,80905,El Paso County,38.824816,-104.836773
2016,,Pet Animal Large Shelter,Humane Society of the Pikes Peak Region,610 Abbot Lane,Colorado Springs,Co,80905,El Paso County,38.835224,-104.819798
2017,,Pet Animal Large Shelter,Humane Society of the Pikes Peak Region,610 Abbot Lane,Colorado Springs,Co,80905,El Paso County,38.81761,-104.832663
2018,,Pet Animal Large Shelter,Humane Society of the Pikes Peak Region,610 Abbot Lane,Colorado Springs,Co,80905,El Paso County,38.81761,-104.832663
2019,,Pet Animal Large Shelter,Humane Society of the Pikes Peak Region,610 Abbot Lane,Colorado Springs,Co,80905,El Paso County,38.81761,-104.832663
2020,,Pet Animal Large Shelter,Humane Society of the Pikes Peak Region,610 Abbot Lane,Colorado Springs,Co,80905,El Paso County,38.81761,-104.832663
2021,,Pet Animal Large Shelter,Humane Society of the Pikes Peak Region,610 Abbot Lane,Colorado Springs,Co,80905,El Paso County,38.81761,-104.832663
2022,,Pet Animal Large Shelter,Humane Society of the Pikes Peak Region,610 Abbot Lane,Colorado Springs,Co,80905,El Paso County,38.81761,-104.832663
2023,,Pet Animal Large Shelter,Humane Society of the Pikes Peak Region,610 Abbot Lane,Colorado Springs,Co,80905,El Paso County,38.81761,-104.832663
Licensing,,Pet Animal Large Shelter,Humane Society of the Pikes Peak Region,610 Abbot Lane,Colorado Springs,Co,80905,El Paso,38.81761,-104.832663
Licensing,,Pet Animal Large Shelter,Humane Society of the Pikes Peak Region,610 Abbot Lane,Pueblo,Co,80905,Pueblo,38.81761,-104.832663
2019,,,Humane Society of the Pikes Peak Region - Pueblo,,,,,,,
2020,,,Humane Society of the Pikes Peak Region - Pueblo,,,,,,,
2021,,,Humane Society of the Pikes Peak Region - Pueblo,,,,,,,
2022,,,Humane Society of the Pikes Peak Region - Pueblo,,,,,,,
2023,,,Humane Society of the Pikes Peak Region - Pueblo,,,,,,,
2009,6339,,Humane Society of the South Platte Valley,"2129 W. Chenango Avenue, Unit A",Littleton,Co,80120.0,,,
2011,6339,,Humane Society of the South Platte Valley,"2129 W. Chenango Avenue, Unit A",Littleton,Co,80120.0,,,
2012,6339.0,,Humane Society of the South Platte Valley,"2129 W. Chenango Avenue, Unit A",Littleton,Co,80120.0,,,
2013,6339,,Humane Society of the South Platte Valley,"2129 W. Chenango Avenue, Unit A",Littleton,Co,80120.0,,,
2023,6339,,Humane Society of the South Platte Valley,"2129 W. Chenango Avenue, Unit A",Littleton,Co,80120.0,,,
2014,,,"Humane Society of the South Platte Valley, Inc",2129 W Chenango Ave,Littleton ,,80120,Arapahoe County,39.627717,-105.013169
2015,,,"Humane Society of the South Platte Valley, Inc.",2129 W. Chenango Avenue,Littleton,,80120,Arapahoe County,39.612653,-105.016198
2016,,,"Humane Society of the South Platte Valley, Inc.",2129 W. Chenango Avenue,Littleton,,80120,Arapahoe County,39.612653,-105.016198
2017,,,"Humane Society of the South Platte Valley, Inc.",2129 W. Chenango Avenue,Littleton,,80120,Arapahoe County,39.596439,-105.007179
2018,,,"Humane Society of the South Platte Valley, Inc.",2129 W. Chenango Avenue,Littleton,,80120,Arapahoe County,39.596439,-105.007179
2019,,,"Humane Society of the South Platte Valley, Inc.",2129 W. Chenango Avenue,Littleton,,80120,Arapahoe County,39.596439,-105.007179
2020,,,"Humane Society of the South Platte Valley, Inc.",2129 W. Chenango Avenue,Littleton,,80120,Arapahoe County,39.596439,-105.007179
2021,,,"Humane Society of the South Platte Valley, Inc.",2129 W. Chenango Avenue,Littleton,,80120,Arapahoe County,39.596439,-105.007179
2022,,,"Humane Society of the South Platte Valley, Inc.",2129 W. Chenango Avenue,Littleton,,80120,Arapahoe County,39.596439,-105.007179
2010,5799,,Humane Socitey Of Pagosa Springs,465 Cloman Blvd.,Pogosa Springs,Co,81147.0,,,
2015,,,Humane society of the pikes peak region,610 Abbot Lane,,,80905,El Paso County,,
2019,,,Hutchinson Animal Shelter,,,,,,,
2019,,,Indigo Mountain Nature Center,,,,,,,
2022,,,Indigo Mountain Nature Center,,,,,,,
2023,,,Indigo Mountain Nature Center,,,,,,,
2016,,,Indigo Mountain Nature Center Inc,,Lake George,,80827,Park County,43.426217,-73.712416
2014,,Pet Animal Sanctuary,"Indigo Mountain Nature Center, Inc",PO Box 208,Lake George ,Co,80827,Park County,,
Licensing,,Pet Animal Sanctuary,"Indigo Mountain Nature Center, Inc",PO Box 208,Lake George,Co,80827,Park,,
2007,4514.0,,"Indigo Mountain Nature Center, Inc.",1321 County Rd. 370,Lake George,Co,80827.0,Park County,39.082037,-105.570509
2008,4514,,"Indigo Mountain Nature Center, Inc.",1321 County Rd. 370,Lake George,Co,80827.0,Park County,39.082037,-105.570509
2009,4514,,"Indigo Mountain Nature Center, Inc.",1321 County Rd. 370,Lake George,Co,80827.0,Park County,39.082037,-105.570509
2010,4514,,"Indigo Mountain Nature Center, Inc.",Po Box 208,Lake George,Co,80827.0,Park County,39.082037,-105.570509
2011,4514,,"Indigo Mountain Nature Center, Inc.",1321 County Rd. 370,Lake George,Co,80827.0,Park County,39.082037,-105.570509
2012,4514.0,,"Indigo Mountain Nature Center, Inc.",1321 County Rd. 370,Lake George,Co,80827.0,Park County,39.082037,-105.570509
2013,4514,,"Indigo Mountain Nature Center, Inc.",1321 County Rd. 370,Lake George,Co,80827.0,Park County,39.082037,-105.570509
2015,4514,,"Indigo Mountain Nature Center, Inc.",1321 Cr 370,Lake George,Co,80827,Park County,39.082037,-105.570509
2017,4514,,"Indigo Mountain Nature Center, Inc.",1321 Cr 370,Lake George,Co,80827,Park County,39.082037,-105.570509
2018,4514,,"Indigo Mountain Nature Center, Inc.",1321 Cr 370,Lake George,Co,80827,Park County,39.082037,-105.570509
2020,4514,,"Indigo Mountain Nature Center, Inc.",1321 Cr 370,Lake George,Co,80827,Park County,39.082037,-105.570509
2021,4514,,"Indigo Mountain Nature Center, Inc.",1321 Cr 370,Lake George,Co,80827,Park County,39.082037,-105.570509
2021,,,Inge Trump,,,,,,,
2022,,,Inge Trump,,,,,,,
2023,,,Inge Trump,,,,,,,
2018,,,Innocent Paws Puppy Rescue,,,,,Boulder County,,
2019,,,Innocent Paws Puppy Rescue,,,,,Boulder County,,
2020,,,Innocent Paws Puppy Rescue,,,,,Boulder County,,
2021,,,Innocent Paws Puppy Rescue,,,,,Boulder County,,
2022,,,Innocent Paws Puppy Rescue,,,,,Boulder County,,
2023,,,InsideReef llc,,,,,,,
2022,,,Intermountain Humane Soceity,,,,,,,
2007,1719.0,,Intermountain Humane Society,67318 Us Hwy 285,Pine,Co,80470.0,Jefferson County,39.46226,-105.405735
2008,1719,,Intermountain Humane Society,67318 Us Hwy 285,Pine,Co,80470.0,Jefferson County,39.46226,-105.405735
2009,1719,,Intermountain Humane Society,67318 Us Hwy 285,Pine,Co,80470.0,Jefferson County,39.46226,-105.405735
2010,1719,,Intermountain Humane Society,67318 Us Hwy 285,Pine,Co,80470.0,Jefferson County,39.46226,-105.405735
2011,1719,,Intermountain Humane Society,67318 Us Hwy 285,Pine,Co,80470.0,Jefferson County,39.46226,-105.405735
2012,1719.0,,Intermountain Humane Society,67318 Us Hwy 285,Pine,Co,80470.0,Jefferson County,39.46226,-105.405735
2013,1719,,Intermountain Humane Society,67318 Us Hwy 285,Pine,Co,80470.0,Jefferson County,39.46226,-105.405735
2014,1719,,Intermountain Humane Society,67318 US Highway 285,Pine ,Co,80470,Jefferson County,39.46226,-105.405735
2015,1719,,Intermountain Humane Society,67318 US Hwy 285,Pine ,Co,80470,Park County,39.46226,-105.405735
2016,1719,,Intermountain Humane Society,67318 US Hwy 285,Pine,Co,80470,Park County,39.41,-105.323303
2017,1719,,Intermountain Humane Society,67318 US Hwy 285,Pine,Co,80470,Park County,39.446068,-105.374968
2018,1719,,Intermountain Humane Society,67318 US Hwy 285,Pine,Co,80470,Park County,39.446068,-105.374968
2020,1719,,Intermountain Humane Society,67318 US Hwy 285,Pine,Co,80470,Park County,39.446068,-105.374968
2021,1719,,Intermountain Humane Society,67318 US Hwy 285,Pine,Co,80470,Park County,39.446068,-105.374968
2023,,,Intermountain Humane001qm2,,,,,,,
2014,,,"International Hearing Dog, Inc",5901 E 89th Ave,Henderson ,,80640,Adams County,,
2019,,,"International Hearing Dog, Inc",5901 E 89th Ave,Henderson ,,80640,Adams County,,
2007,4076.0,,"International Hearing Dog, Inc.",5901 E. 89Th Ave.,Henderson,Co,80640.0,Adams County,36.034095,-114.984455
2008,4076,,"International Hearing Dog, Inc.",5901 E. 89Th Ave.,Henderson,Co,80640.0,Adams County,36.034095,-114.984455
2009,4076,,"International Hearing Dog, Inc.",5901 E. 89Th Ave.,Henderson,Co,80640.0,Adams County,36.034095,-114.984455
2010,4076,,"International Hearing Dog, Inc.",5901 E. 89th Ave.,Henderson,Co,80640.0,Adams County,36.034095,-114.984455
2011,4076,,"International Hearing Dog, Inc.",5901 E. 89Th Ave.,Henderson,Co,80640.0,Adams County,36.034095,-114.984455
2012,4076.0,,"International Hearing Dog, Inc.",5901 E. 89Th Ave.,Henderson,Co,80640.0,Adams County,36.034095,-114.984455
2013,4076,,"International Hearing Dog, Inc.",5901 E. 89Th Ave.,Henderson,Co,80640.0,Adams County,36.034095,-114.984455
2015,4076,,"International Hearing Dog, Inc.",5901 E. 89th Ave.,Henderson,Co,80640,Adams County,36.034095,-114.984455
2016,4076,,"International Hearing Dog, Inc.",5901 E. 89th Ave.,Henderson,Co,80640,Adams County,36.034095,-114.984455
2017,4076,,"International Hearing Dog, Inc.",5901 E. 89th Ave.,Henderson,Co,80640,Adams County,39.887851,-104.87655
2018,4076,,"International Hearing Dog, Inc.",5901 E. 89th Ave.,Henderson,Co,80640,Adams County,39.887851,-104.87655
2020,4076,,"International Hearing Dog, Inc.",5901 E. 89th Ave.,Henderson,Co,80640,Adams County,39.887851,-104.87655
2021,4076,,"International Hearing Dog, Inc.",5901 E. 89th Ave.,Henderson,Co,80640,Adams County,39.887851,-104.87655
2022,4076,,"International Hearing Dog, Inc.",5901 E. 89th Ave.,Henderson,Co,80640,Adams County,39.887851,-104.87655
2023,4076,,"International Hearing Dog, Inc.",5901 E. 89th Ave.,Henderson,Co,80640,Adams County,39.887851,-104.87655
2019,,,Intuitive Dog Training LLC,,,,,,,
2010,6541,,Investigative Task Force Servies,1001 W 120Th Ave,Westminster,Co,80234.0,,,
2019,,,Izzy's Place Senior Dog Rescue ,,,,,,,
2018,,,Izzy's place ,,,,,Larimer County,,
2020,,,Izzys place senior dog rescue,,,,,,,
2021,,,Izzys place senior dog rescue,,,,,,,
2013,,,J and V Rescue,2736 Bruchez Pkwy #205,Westminster,Co,80234.0,,,
2023,,,JJ Helping Paws Inc,,,,,,,
2019,,,JJ's Helping Paws,,,,,,,
2018,,,JJS Helping Paws Inc.,,,,,Fremont County,,
2017,,,JJs Helping Paws,,Pueblo West,,81007,Fremont County,38.341733,-104.749697
2020,,Pet Animal Small Shelter,JJs Helping Paws Inc,,Canon City,Co,,Fremont,,
Licensing,,Pet Animal Small Shelter,JJs Helping Paws Inc,,Canon City,Co,,Fremont,,
2016,,,JJs Helping Paws Inc.,,Pueblo West,,81007,Pueblo County,38.322234,-104.739288
2021,,,JJs Helping Paws Inc.,,Pueblo West,,81007,Pueblo County,38.322234,-104.739288
2022,,,"JJs Helping Paws, Inc.",,,,,,,
2007,3904.0,,Jack Russell Terrier Rescue Of Colorado,107 E. C.R. 70,Wellington,Co,80549.0,,,
2008,3904,,Jack Russell Terrier Rescue Of Colorado,107 E. C.R. 70,Wellington,Co,80549.0,,,
2009,3904,,Jack Russell Terrier Rescue Of Colorado,107 E. C.R. 70,Wellington,Co,80549.0,,,
2010,3904,,Jack Russell Terrier Rescue Of Colorado,107 E. C.R. 70,Wellington,Co,80549.0,,,
2011,3904,,Jack Russell Terrier Rescue Of Colorado,107 E. C.R. 70,Wellington,Co,80549.0,,,
2012,3904.0,,Jack Russell Terrier Rescue Of Colorado,107 E. C.R. 70,Wellington,Co,80549.0,,,
2007,3955.0,,"Jackson, David & Mary",11356 Rd. 25.4,Cortez,Co,81321.0,,,
2008,3955,,"Jackson, David & Mary",11356 Rd. 25.4,Cortez,Co,81321.0,,,
2009,3955,,"Jackson, David & Mary",11356 Rd. 25.4,Cortez,Co,81321.0,,,
2011,3955,,"Jackson, David & Mary",11356 Rd. 25.4,Cortez,Co,81321.0,,,
2012,3955.0,,"Jackson, David & Mary",11356 Rd. 25.4,Cortez,Co,81321.0,,,
2013,3955,,"Jackson, David & Mary",11356 Rd. 25.4,Cortez,Co,81321.0,,,
2019,,Pet Animal Large Rescue,Jailbreak Husky Rescue,,Denver,Co,,Denver,,
2020,,Pet Animal Large Rescue,Jailbreak Husky Rescue,,Denver,Co,,Denver,,
2021,,Pet Animal Large Rescue,Jailbreak Husky Rescue,,Denver,Co,,Denver,,
2022,,Pet Animal Large Rescue,Jailbreak Husky Rescue,,Denver,Co,,Denver,,
2023,,Pet Animal Large Rescue,Jailbreak Husky Rescue,,Denver,Co,,Denver,,
Licensing,,Pet Animal Large Rescue,Jailbreak Husky Rescue,,Denver,Co,,Denver,,
2007,2572.0,,Jan'S Paw Prints Grooming / Petsitting,5117 Halfmoon Dr,Colorado Springs,Co,80915.0,,,
2008,2572,,Jan'S Paw Prints Grooming / Petsitting,5117 Halfmoon Dr,Colorado Springs,Co,80915.0,,,
2007,5133.0,,Jdl'S,304 Zante Ct.,Lochbuie,Co,80603.0,,,
2019,,,Jemez Valley Animal Amigos,,,,,,,
2020,,,Jemez Valley Animal Amigos,,,,,,,
2021,,,Jemez Valley Animal Amigos,,,,,,,
2022,,,Jewels Senior Dog Rescue,,,,,,,
2007,5795.0,,Joe Jorbin,2217 S. Cherry St.,Denver,Co,80222.0,,,
2019,,,Josephine Tullio dba The Tullios,,,,,,,
2023,,,Journey Home Animal Care Center,,,,,,,
2022,,,Journey Home Animal Care Center Inc,,,,,,,
Licensing,,Pet Animal Small Shelter,"Journey Home Animal Care Center, Inc",,Rifle,Co,,Garfield,,
2007,4878.0,,K9 Bed & Biscuit,14253 Hwy. 392,Greeley,Co,80631.0,,,
2008,4878,,K9 Bed & Biscuit,14253 Hwy. 392,Greeley,Co,80631.0,,,
2021,,,KOT Kitten Korner,,,,,,,
2022,,,KOT Kitten Korner,,,,,,,
2023,,,KOT Kitten Korner,,,,,,,
2010,2397,,Karen K. Schultz,15643 E. 35th Pl,Aurora,Co,80011.0,,,
2023,,Pet Animal Large Rescue,Karl's Canine Krew,,Colorado Springs,Co,,El Paso,,
Licensing,,Pet Animal Large Rescue,Karl's Canine Krew,,Colorado Springs,Co,,El Paso,,
2022,,,Karra,,,,,,,
2007,5688.0,,Katcha's Miniature Schnauzers,24 Circle C Rd.,Fountain,Co,80817.0,,,
Licensing,,Pet Animal Sanctuary,Kathrine R Overturf,,Nunn,Co,,Weld,,
2015,,,Katmandu Paonia,40380 Mathews Lane,Paonia,,81428,Delta County,38.866989,-107.597847
2016,,,Katmandu Paonia,40380 Mathews Lane,Paonia,,81428,Delta County,38.866989,-107.597847
2017,,,Katmandu Paonia,40380 Mathews Lane,Paonia,,81428,Delta County,38.92599,-107.597202
2018,,,Katmandu Paonia,40380 Mathews Lane,Paonia,,81428,Delta County,38.92599,-107.597202
2019,,,Katmandu Paonia,40380 Mathews Lane,Paonia,,81428,Delta County,38.92599,-107.597202
2020,,,Katmandu Paonia,40380 Mathews Lane,Paonia,,81428,Delta County,38.92599,-107.597202
2021,,,Katmandu Paonia,40380 Mathews Lane,Paonia,,81428,Delta County,38.92599,-107.597202
2022,,,Katmandu Paonia,40380 Mathews Lane,Paonia,,81428,Delta County,38.92599,-107.597202
2023,,,Katmandu Paonia,40380 Mathews Lane,Paonia,,81428,Delta County,38.92599,-107.597202
2009,5950,,Kert-Jo Setters & All Setter Rescue,9990 Defoe Street,Strasburg,Co,80136.0,,,
2011,5950,,Kert-Jo Setters & All Setter Rescue,9990 Defoe Street,Strasburg,Co,80136.0,,,
2012,5950.0,,Kert-Jo Setters & All Setter Rescue,9990 Defoe Street,Strasburg,Co,80136.0,,,
2013,5950,,Kert-Jo Setters & All Setter Rescue,9990 Defoe Street,Strasburg,Co,80136.0,,,
2017,,,Kloer Veterinary LLC,,Windsor,,80550,Weld County,40.477254,-104.90742
2018,,,Kloer Veterinary LLC,,Windsor,,80550,Weld County,40.477254,-104.90742
2015,,,Kloer Veterinary LLC / Garden Valley Veterinary Hospital,32450 Hwy 257,,,80550,Weld County,,
2017,,,Kneady Kitten Rescue,,Denver,,80219,Denver County,39.696096,-105.034969
2018,,,"Kneady Kitten Rescue, Inc",,,,,Denver County,,
Licensing,,Pet Animal Small Shelter,Knick O'Time Horse Rescue,,Longmont,Co,,Boulder,,
2019,,,Kristen Schnobrich dba Rocky Mtn German Shorthaired Pointer Rescue,,,,,,,
2021,,,L.O.L.A'S Rescue,,,,,,,
2015,,,L.O.L.A.'S Rescue,6005 S Taft Way,Littleton,,80127,Jefferson County,39.612653,-105.016198
2016,,,L.O.L.A.'S Rescue,6005 S Taft Way,Littleton,,80127,Jefferson County,39.612653,-105.016198
2018,,,L.O.L.A.'S Rescue,6005 S Taft Way,Littleton,,80127,Jefferson County,39.612653,-105.016198
2019,,,L.O.L.A.'S Rescue,6005 S Taft Way,Littleton,,80127,Jefferson County,39.612653,-105.016198
2020,,,L.O.L.A.'S Rescue,6005 S Taft Way,Littleton,,80127,Jefferson County,39.612653,-105.016198
2023,,,L.O.L.A.'S Rescue,6005 S Taft Way,Littleton,,80127,Jefferson County,39.612653,-105.016198
2011,6870,Pet Animal Small Shelter,L.O.L.A.'s Rescue,6005 S. Taft Way,Littleton,Co,80127.0,Arapahoe,,
2012,6870.0,Pet Animal Small Shelter,L.O.L.A.'s Rescue,6005 S. Taft Way,Littleton,Co,80127.0,Arapahoe,,
2013,6870,Pet Animal Small Shelter,L.O.L.A.'s Rescue,6005 S. Taft Way,Littleton,Co,80127.0,Arapahoe,,
2014,6870,Pet Animal Small Shelter,L.O.L.A.'s Rescue,6005 S Taft Way,Littleton CO,Co,80127.0,Arapahoe,,
Licensing,6870,Pet Animal Small Shelter,L.O.L.A.'s Rescue,6005 S Taft Way,Aurora,Co,80127.0,Arapahoe,,
2017,,,LK Kennel,,Elizabeth,,80107,Elbert County,39.403175,-104.584086
2017,,,LOLAS Rescue,,Littleton,,80127,Jefferson County,39.572458,-105.141992
2022,,,LOLAS Rescue,,Littleton,,80127,Jefferson County,39.572458,-105.141992
2016,,,La Junta Animal Shelter,,La Junta,,81050,Otero County,37.977093,-103.544031
2007,16.0,Pet Animal Small Shelter,La Plata County Humane Society,1111 S. Camino Del Rio,Durango,Co,81303.0,La Plata County,37.232156,-107.866984
2008,16,Pet Animal Small Shelter,La Plata County Humane Society,1111 S. Camino Del Rio,Durango,Co,81303.0,La Plata County,37.232156,-107.866984
2009,16,Pet Animal Small Shelter,La Plata County Humane Society,1111 S. Camino Del Rio,Durango,Co,81303.0,La Plata County,37.232156,-107.866984
2010,16,Pet Animal Small Shelter,La Plata County Humane Society,111 S. Camino Dr,Derango,Co,81303.0,La Plata County,37.232156,-107.866984
2011,16,Pet Animal Small Shelter,La Plata County Humane Society,1111 S. Camino Del Rio,Durango,Co,81303.0,La Plata County,37.232156,-107.866984
2012,16.0,Pet Animal Small Shelter,La Plata County Humane Society,1111 S. Camino Del Rio,Durango,Co,81303.0,La Plata County,37.232156,-107.866984
2013,16,Pet Animal Small Shelter,La Plata County Humane Society,1111 S. Camino Del Rio,Durango,Co,81303.0,La Plata County,37.232156,-107.866984
2014,16,Pet Animal Small Shelter,La Plata County Humane Society,1111 S Camino Del Rio,Durango ,Co,81303,La Plata County,37.232156,-107.866984
2015,16,Pet Animal Small Shelter,La Plata County Humane Society,1111 S Camino Del Rio,Durango ,Co,81303,La Plata County,37.232156,-107.866984
2016,16,Pet Animal Small Shelter,La Plata County Humane Society,1111 S Camino Del Rio,Durango,Co,81303,La Plata County,37.28225,-107.877762
2018,16,Pet Animal Small Shelter,La Plata County Humane Society,1111 S Camino Del Rio,Durango,Co,81303,La Plata County,37.28225,-107.877762
2019,16,Pet Animal Small Shelter,La Plata County Humane Society,1111 S Camino Del Rio,Durango,Co,81303,La Plata County,37.28225,-107.877762
2022,16,Pet Animal Small Shelter,La Plata County Humane Society,1111 S Camino Del Rio,Durango,Co,81303,La Plata County,37.28225,-107.877762
Licensing,16,Pet Animal Small Shelter,La Plata County Humane Society,1111 S Camino Del Rio,Durango,Co,81303,La Plata,37.28225,-107.877762
Licensing,16,Pet Animal Large Shelter,La Plata County Humane Society,1111 S Camino Del Rio,Durango,Co,81303,La Plata,37.28225,-107.877762
2023,,,La Plata County Humanesociety,,,,,,,
2020,,,La Plta County humane society,,,,,,,
2021,,,La Plta County humane society,,,,,,,
2007,5511.0,,Lamar Animal Sanctuary Team,704 S. 9th,Lamar,Co,81052.0,Prowers County,,
2008,5511,,Lamar Animal Sanctuary Team,704 S. 9th,Lamar,Co,81052.0,Prowers County,,
2009,5511,,Lamar Animal Sanctuary Team,704 S. 9th,Lamar,Co,81052.0,Prowers County,,
2010,5511,,Lamar Animal Sanctuary Team,704 S. 9th,Lamar,Co,81052.0,Prowers County,,
2011,5511,,Lamar Animal Sanctuary Team,704 S. 9th,Lamar,Co,81052.0,Prowers County,,
2012,5511.0,,Lamar Animal Sanctuary Team,704 S. 9th,Lamar,Co,81052.0,Prowers County,,
2013,5511,,Lamar Animal Sanctuary Team,704 S. 9th,Lamar,Co,81052.0,Prowers County,,
2014,5511,,Lamar Animal Sanctuary Team,6950 Hwy 50 W,Lamar ,Co,81052,Prowers County,,
2015,5511,,Lamar Animal Sanctuary Team,6950 US Hwy 50,Lamar ,Co,81052,Prowers County,,
2018,,,Lamar Animal Shelter,,,,,Prowers County,,
2019,,,Lamar Animal Shelter,,,,,Prowers County,,
2020,,,Lamar Animal Shelter,,,,,Prowers County,,
2007,5640.0,,Lancaster Kennels,620 West County Rd. 16,Loveland,Co,80537.0,,,
2015,,,Land Of Ahs Kennel,12599 Jordan Road,,,80817,El Paso County,,
2012,1166.0,,Land of Ahs Kennel,12599 Jordan Rd,Fountain,Co,80817.0,El Paso County,38.683108,-104.704554
2013,1166,,Land of Ahs Kennel,12599 Jordan Rd,Fountain,Co,80817.0,El Paso County,38.683108,-104.704554
2016,1166,,Land of Ahs Kennel,12599 Jordan Rd,Fountain,Co,80817-3535,El Paso County,38.683108,-104.704554
2017,1166,,Land of Ahs Kennel,12599 Jordan Rd,Fountain,Co,80817,El Paso County,38.62786,-104.68508
2018,,,"Land of Ahs Kennel, Inc.",,,,,El Paso County,,
2007,17.0,,Larimer Humane Society,6317 Kyle Ave,Fort Collins,Co,80525.0,Larimer County,40.498439,-105.069203
2008,17,,Larimer Humane Society,6317 Kyle Ave,Fort Collins,Co,80525.0,Larimer County,40.498439,-105.069203
2009,17,,Larimer Humane Society,6317 Kyle Ave,Fort Collins,Co,80525.0,Larimer County,40.498439,-105.069203
2010,17,,Larimer Humane Society,6317 Kyle Ave,Fort Collins,Co,80525.0,Larimer County,40.498439,-105.069203
2011,17,,Larimer Humane Society,6317 Kyle Ave,Fort Collins,Co,80525.0,Larimer County,40.498439,-105.069203
2012,17.0,,Larimer Humane Society,6317 Kyle Ave,Fort Collins,Co,80525.0,Larimer County,40.498439,-105.069203
2013,17,,Larimer Humane Society,6317 Kyle Ave,Fort Collins,Co,80525.0,Larimer County,40.498439,-105.069203
2014,17,,Larimer Humane Society,6317 Kyle Ave ,Ft Collins ,Co,80525,Larimer County,40.498439,-105.069203
2015,17,,Larimer Humane Society,6317 Kyle Ave,Ft Collins ,Co,80525,Larimer County,40.498439,-105.069203
2016,17,,Larimer Humane Society,6317 Kyle Ave,Fort Colllins,Co,80525,Larimer County,40.588972,-105.082459
2017,17,,Larimer Humane Society,6317 Kyle Ave,Loveland,Co,80538,Larimer County,40.449559,-105.110179
2018,17,,Larimer Humane Society,6317 Kyle Ave,Loveland,Co,80538,Larimer County,40.449559,-105.110179
2019,17,,Larimer Humane Society,6317 Kyle Ave,Loveland,Co,80538,Larimer County,40.449559,-105.110179
2020,17,,Larimer Humane Society,6317 Kyle Ave,Loveland,Co,80538,Larimer County,40.449559,-105.110179
2021,17,,Larimer Humane Society,6317 Kyle Ave,Loveland,Co,80538,Larimer County,40.449559,-105.110179
2022,17,,Larimer Humane Society,6317 Kyle Ave,Loveland,Co,80538,Larimer County,40.449559,-105.110179
2007,5185.0,,"Last Resort Small Dog Rescue, The",1225 G Path,Cotopaxi,Co,81223.0,,,
2008,5185,,"Last Resort Small Dog Rescue, The",1225 G Path,Cotopaxi,Co,81223.0,,,
Licensing,,Pet Animal Small Rescue,Laws4Paws,,Pueblo,Co,,Pueblo,,
2007,4338.0,,Leadville / Lake County Animal Shelter,428 E. 12Th St.,Leadville,Co,80461.0,,,
2008,4338,,Leadville / Lake County Animal Shelter,428 E. 12Th St.,Leadville,Co,80461.0,,,
2009,4338,,Leadville / Lake County Animal Shelter,428 E. 12Th St.,Leadville,Co,80461.0,,,
2010,4338,,Leadville / Lake County Animal Shelter,428 E. 12th St.,Leadville,Co,80461.0,,,
2011,4338,,Leadville / Lake County Animal Shelter,428 E. 12Th St.,Leadville,Co,80461.0,,,
2012,4338.0,,Leadville / Lake County Animal Shelter,428 E. 12Th St.,Leadville,Co,80461.0,,,
2013,4338,,Leadville / Lake County Animal Shelter,428 E. 12Th St.,Leadville,Co,80461.0,,,
2020,,,Leadville Lake County Animal Shelter,,,,,,,
2021,,,Leadville Lake County Animal Shelter,,,,,,,
2022,,,Leadville Lake County Animal Shelter,,,,,,,
2023,,,Leadville Lake County Animal Shelter,,,,,,,
2015,,,Leadville/Lake Co Animal Shelter,428 E12th street,Leadville,,80461,Lake County,39.248791,-106.291951
2016,,,Leadville/Lake Co Animal Shelter,428 E12th street,Leadville,,80461,Lake County,39.248791,-106.291951
2014,,,Leadville/Lake County Animal Shelter,428 E 12th St,Leadville ,,80461,Lake County,39.254814,-106.287744
2017,,,Leadvilleshelter,,Leadville,,80461,Lake County,39.24407,-106.307506
2018,,,Leap of Faith Rescue Ranch,,,,,Douglas County,,
2015,,,Life Is Better Rescue,1051 S Quitman Street,,,80219,Denver County,,
2015,,,Life Is Better Rescue,3535 South Allison Street,,,80235,Jefferson County,,
2014,,Pet Animal Large Rescue,Life is Better Rescue,1051 S Quintman St,Denver ,Co,80219,Denver County,39.652059,-105.086077
2014,,Pet Animal Large Rescue,Life is Better Rescue,3535 S Allison St,Lakewood ,Co,80235,Jefferson County,39.652059,-105.086077
2016,,Pet Animal Large Rescue,Life is Better Rescue,3535 S Allison St,Denver,Co,80219,Denver County,39.738453,-104.984853
2016,,Pet Animal Large Rescue,Life is Better Rescue,3535 S Allison St,Lakewood,Co,80235,Jefferson County,39.710997,-105.088872
2017,,Pet Animal Large Rescue,Life is Better Rescue,3535 S Allison St,Denver,Co,80219,Denver County,39.696096,-105.034969
2018,,Pet Animal Large Rescue,Life is Better Rescue,3535 S Allison St,Denver,Co,80219,Jefferson County,39.696096,-105.034969
2019,,Pet Animal Large Rescue,Life is Better Rescue,3535 S Allison St,Denver,Co,80219,Jefferson County,39.696096,-105.034969
2021,,Pet Animal Large Rescue,Life is Better Rescue,3535 S Allison St,Denver,Co,80219,Jefferson County,39.696096,-105.034969
2022,,Pet Animal Large Rescue,Life is Better Rescue,3535 S Allison St,Denver,Co,80219,Jefferson County,39.696096,-105.034969
2023,,Pet Animal Large Rescue,Life is Better Rescue,3535 S Allison St,Denver,Co,80219,Jefferson County,39.696096,-105.034969
Licensing,,Pet Animal Large Rescue,Life is Better Rescue,3535 S Allison St,Denver,Co,80219,Denver,39.696096,-105.034969
2020,,,Life is Better Rescue (Cat Shelter),,,,,,,
2022,,,Life is Better Rescue (Cat Shelter),,,,,,,
2020,,,Life is Better Rescue (Dog Shelter),,,,,,,
2021,,,Life is Better Rescue Cat Shelter,,,,,,,
2011,6604,,"Life is Better Rescue, Inc.",1051 S. Quitman St.,Denver,Co,80219.0,,,
2012,6604.0,,"Life is Better Rescue, Inc.",1051 S. Quitman St.,Denver,Co,80219.0,,,
2013,6604,,"Life is Better Rescue, Inc.",1051 S. Quitman St.,Denver,Co,80219.0,,,
2007,5791.0,,Lifeline Pet Rescue,15171 Riverdale Rd.,Brighton,Co,80602.0,Adams County,39.97182,-104.853019
2008,5791,,Lifeline Pet Rescue,15171 Riverdale Rd.,Brighton,Co,80602.0,Adams County,39.97182,-104.853019
2009,5791,,Lifeline Pet Rescue,15171 Riverdale Rd.,Brighton,Co,80602.0,Adams County,39.97182,-104.853019
2010,5791,,Lifeline Pet Rescue,1571 Riverdale Rd,Brighton,Co,80602.0,Adams County,39.97182,-104.853019
2011,5791,,Lifeline Pet Rescue,15171 Riverdale Rd.,Brighton,Co,80602.0,Adams County,39.97182,-104.853019
2012,5791.0,,Lifeline Pet Rescue,15171 Riverdale Rd.,Brighton,Co,80602.0,Adams County,39.97182,-104.853019
2013,5791,,Lifeline Pet Rescue,15171 Riverdale Rd.,Brighton,Co,80602.0,Adams County,39.97182,-104.853019
2014,5791,,Lifeline Pet Rescue,15171 Riverdale Road Unit B,Brighton ,Co,80602,Adams County,39.97182,-104.853019
2015,5791,,Lifeline Pet Rescue,15171 Riverdale Road Unit B,Brighton ,Co,80602,Adams County,39.97182,-104.853019
2016,5791,,Lifeline Pet Rescue,15171 Riverdale Road Unit B,Brighton,Co,80602,Adams County,39.986767,-104.812604
2017,5791,,Lifeline Pet Rescue,15171 Riverdale Road Unit B,Brighton,Co,80602,Adams County,39.960108,-104.914866
2018,5791,,Lifeline Pet Rescue,15171 Riverdale Road Unit B,Brighton,Co,80602,Adams County,39.960108,-104.914866
2019,5791,,Lifeline Pet Rescue,15171 Riverdale Road Unit B,Brighton,Co,80602,Adams County,39.960108,-104.914866
2020,5791,,Lifeline Pet Rescue,15171 Riverdale Road Unit B,Brighton,Co,80602,Adams County,39.960108,-104.914866
2007,1817.0,Pet Animal Small Shelter,Lifeline Puppy Rescue,15171 Riverdale Rd.,Brighton,Co,80602.0,Adams,,
2021,1817.0,Pet Animal Small Shelter,Lifeline Puppy Rescue,15171 Riverdale Rd.,Brighton,Co,80602.0,Adams,,
2022,1817.0,Pet Animal Small Shelter,Lifeline Puppy Rescue,15171 Riverdale Rd.,Brighton,Co,80602.0,Adams,,
2023,1817.0,Pet Animal Small Shelter,Lifeline Puppy Rescue,15171 Riverdale Rd.,Brighton,Co,80602.0,Adams,,
Licensing,1817.0,Pet Animal Small Shelter,Lifeline Puppy Rescue,15171 Riverdale Rd.,Brighton,Co,80602.0,Adams,,
Licensing,,Pet Animal Large Rescue,LightShine Canine: A Rez Dog Rescue,,Erie,Co,,Weld,,
2022,,,"Lightshine Canine, LLC",,,,,,,
2023,,,"Lightshine Canine, LLC",,,,,,,
2021,,,Lightshine Canine: A Rez Dog Rescue,,,,,,,
2015,,,Lions Head Pet Center,2047 Mt. Evans Blvd,,,80470,Park County,,
2019,,,Lisa Haas dba Western Australian Shepherd Rescue,,,,,,,
Licensing,,Pet Animal Small Shelter,Lisa K. Petri,,Elizabeth,Co,,Elbert,,
Licensing,,Pet Animal Small Shelter,Lisa Kavanaugh,,Yoder,Co,,El Paso,,
2017,,,Lisa Parker'S Puppies,,Durango,,81301,La Plata County,37.372686,-107.816795
2016,,,Lisa Parker's Puppies,,Durango,,81301,La Plata County,37.28225,-107.877762
2018,,,Lisa Parker's Puppies,,Durango,,81301,La Plata County,37.28225,-107.877762
2019,,,Lisa Parker's Puppies,,Durango,,81301,La Plata County,37.28225,-107.877762
2007,5152.0,,Little Brats,4227 Hunts Mills Terrace,Colorado Springs,Co,80910.0,,,
2008,5152,,Little Brats,4227 Hunts Mills Terrace,Colorado Springs,Co,80910.0,,,
2023,,,Little Paws Matter,,,,,,,
2021,,,Little Rescue On The Prairie,,,,,,,
2023,,,Little Rescue On The Prairie,,,,,,,
2019,,Pet Animal Small Shelter,Little Rescue on the Prairie,,Log Lane Village,Co,,Morgan,,
2020,,Pet Animal Small Shelter,Little Rescue on the Prairie,,Log Lane Village,Co,,Morgan,,
Licensing,,Pet Animal Small Shelter,Little Rescue on the Prairie,,Log Lane Village,Co,,Morgan,,
2022,,,Little rescue on the Prairie,,,,,,,
2021,,,Live Love Animal Rescue,,,,,,,
2023,,,Live Love Animal Rescue,,,,,,,
2020,,,Live Love Animal Services Incorporated,,,,,,,
2022,,,Live Love Animal Services Incorporated,,,,,,,
2007,5070.0,Pet Animal Small Shelter,Logan County Humane Society,13884 Cr 43,Sterling,Co,80751.0,Logan County,41.788839,-89.696515
2008,5070,Pet Animal Small Shelter,Logan County Humane Society,13884 Cr 43,Sterling,Co,80751.0,Logan County,41.788839,-89.696515
2009,5070,Pet Animal Small Shelter,Logan County Humane Society,13884 Cr 43,Sterling,Co,80751.0,Logan County,41.788839,-89.696515
2010,5070,Pet Animal Small Shelter,Logan County Humane Society,13884 Cr 43,Sterling,Co,80751.0,Logan County,41.788839,-89.696515
2011,5070,Pet Animal Small Shelter,Logan County Humane Society,13884 Cr 43,Sterling,Co,80751.0,Logan County,41.788839,-89.696515
2012,5070.0,Pet Animal Small Shelter,Logan County Humane Society,13884 Cr 43,Sterling,Co,80751.0,Logan County,41.788839,-89.696515
2013,5070,Pet Animal Small Shelter,Logan County Humane Society,13884 Cr 43,Sterling,Co,80751.0,Logan County,41.788839,-89.696515
2014,5070,Pet Animal Small Shelter,Logan County Humane Society,13884 Rd 43,Sterling ,Co,80751,Logan County,41.788839,-89.696515
2015,5070,Pet Animal Small Shelter,Logan County Humane Society,2250 Leisure Lane,Sterling ,Co,80751,Logan County,41.788839,-89.696515
2016,5070,Pet Animal Small Shelter,Logan County Humane Society,2250 Leisure Lane,Sterling,Co,80751,Logan County,41.788839,-89.696515
2017,5070,Pet Animal Small Shelter,Logan County Humane Society,2250 Leisure Lane,"Sterling,  800751",Co,800751,Logan County,41.788839,-89.696515
2018,5070,Pet Animal Small Shelter,Logan County Humane Society,2250 Leisure Lane,"Sterling,  800751",Co,800751,Logan County,41.788839,-89.696515
2019,5070,Pet Animal Small Shelter,Logan County Humane Society,2250 Leisure Lane,"Sterling,  800751",Co,800751,Logan County,41.788839,-89.696515
2020,5070,Pet Animal Small Shelter,Logan County Humane Society,2250 Leisure Lane,"Sterling,  800751",Co,800751,Logan County,41.788839,-89.696515
2021,5070,Pet Animal Small Shelter,Logan County Humane Society,2250 Leisure Lane,"Sterling,  800751",Co,800751,Logan County,41.788839,-89.696515
2022,5070,Pet Animal Small Shelter,Logan County Humane Society,2250 Leisure Lane,"Sterling,  800751",Co,800751,Logan County,41.788839,-89.696515
2023,5070,Pet Animal Small Shelter,Logan County Humane Society,2250 Leisure Lane,"Sterling,  800751",Co,800751,Logan County,41.788839,-89.696515
Licensing,5070,Pet Animal Small Shelter,Logan County Humane Society,2250 Leisure Lane,Sterling,Co,800751,Logan,41.788839,-89.696515
2007,5166.0,,Loma Cat House,1560 14 Rd.,Loma,Co,81524.0,Mesa County,39.116735,-108.626689
2008,5952,,Loma Cat House,774 23 Rd,Grand Junction,Co,81505.0,Mesa County,39.116735,-108.626689
2009,5952,,Loma Cat House,774 23 Rd,Grand Junction,Co,81505.0,Mesa County,39.116735,-108.626689
2010,5952,,Loma Cat House,774 23 Rd,Grand Junction,Co,81505.0,Mesa County,39.116735,-108.626689
2011,5952,,Loma Cat House,774 23 Rd,Grand Junction,Co,81505.0,Mesa County,39.116735,-108.626689
2012,5952.0,,Loma Cat House,774 23 Rd,Grand Junction,Co,81505.0,Mesa County,39.116735,-108.626689
2013,5952,,Loma Cat House,774 23 Rd,Grand Junction,Co,81505.0,Mesa County,39.116735,-108.626689
2014,5952,,Loma Cat House,774 23 Rd,Grand Junction ,Co,81505,Mesa County,39.116735,-108.626689
2016,5952,,Loma Cat House,774 23 Rd,Grand Junction,Co,81505,Mesa County,39.067379,-108.570816
2017,5952,,Loma Cat House,774 23 Rd,Grand Junction,Co,81505,Mesa County,39.127619,-108.611092
2018,5952,,Loma Cat House,774 23 Rd,Grand Junction,Co,81505,Mesa County,39.127619,-108.611092
2019,5952,,Loma Cat House,774 23 Rd,Grand Junction,Co,81505,Mesa County,39.127619,-108.611092
2020,5952,,Loma Cat House,774 23 Rd,Grand Junction,Co,81505,Mesa County,39.127619,-108.611092
2021,5952,,Loma Cat House,774 23 Rd,Grand Junction,Co,81505,Mesa County,39.127619,-108.611092
2022,5952,,Loma Cat House,774 23 Rd,Grand Junction,Co,81505,Mesa County,39.127619,-108.611092
2023,,Pet Animal Small Shelter,Loma Cat House Inc,,Grand Junction,Co,,Mesa,,
Licensing,,Pet Animal Small Shelter,Loma Cat House Inc,,Grand Junction,Co,,Mesa,,
2015,,,Loma Cat House inc,774 23 Rd,,,81505,Mesa County,,
2007,4205.0,,Lone Wolf Expenditures,34109 Lyttle Dowdle Dr.,Golden,Co,80403.0,,,
2008,4205,,Lone Wolf Expenditures,34109 Lyttle Dowdle Dr.,Golden,Co,80403.0,,,
2009,4205,,Lone Wolf Expenditures,34109 Lyttle Dowdle Dr.,Golden,Co,80403.0,,,
2016,,Pet Animal Small Shelter,Longmont Friends of Feral & Abandoned Cats,,Longmont,Co,80504,Boulder County,40.165729,-105.101194
2017,,Pet Animal Small Shelter,Longmont Friends of Feral & Abandoned Cats,,Longmont,Co,80504,Boulder County,40.162559,-105.022467
2018,,Pet Animal Small Shelter,Longmont Friends of Feral & Abandoned Cats,,Longmont,Co,80504,Boulder County,40.162559,-105.022467
2019,,Pet Animal Small Shelter,Longmont Friends of Feral & Abandoned Cats,,Longmont,Co,80504,Boulder County,40.162559,-105.022467
2020,,Pet Animal Small Shelter,Longmont Friends of Feral & Abandoned Cats,,Longmont,Co,80504,Boulder County,40.162559,-105.022467
2021,,Pet Animal Small Shelter,Longmont Friends of Feral & Abandoned Cats,,Longmont,Co,80504,Boulder County,40.162559,-105.022467
2022,,Pet Animal Small Shelter,Longmont Friends of Feral & Abandoned Cats,,Longmont,Co,80504,Boulder County,40.162559,-105.022467
2023,,Pet Animal Small Shelter,Longmont Friends of Feral & Abandoned Cats,,Longmont,Co,80504,Boulder County,40.162559,-105.022467
Licensing,,Pet Animal Small Shelter,Longmont Friends of Feral & Abandoned Cats,,Longmont,Co,80504,Weld,40.162559,-105.022467
2007,1108.0,Pet Animal Large Shelter,Longmont Humane Society,9595 Nelson Rd,Longmont,Co,80501.0,Boulder County,40.152404,-105.127827
2008,1108,Pet Animal Large Shelter,Longmont Humane Society,9595 Nelson Rd,Longmont,Co,80501.0,Boulder County,40.152404,-105.127827
2009,1108,Pet Animal Large Shelter,Longmont Humane Society,9595 Nelson Rd,Longmont,Co,80501.0,Boulder County,40.152404,-105.127827
2010,1108,Pet Animal Large Shelter,Longmont Humane Society,9595 Nelson Rd,Longmont,Co,80501.0,Boulder County,40.152404,-105.127827
2011,1108,Pet Animal Large Shelter,Longmont Humane Society,9595 Nelson Rd,Longmont,Co,80501.0,Boulder County,40.152404,-105.127827
2012,1108.0,Pet Animal Large Shelter,Longmont Humane Society,9595 Nelson Rd,Longmont,Co,80501.0,Boulder County,40.152404,-105.127827
2013,1108,Pet Animal Large Shelter,Longmont Humane Society,9595 Nelson Rd,Longmont,Co,80501.0,Boulder County,40.152404,-105.127827
2014,1108,Pet Animal Large Shelter,Longmont Humane Society,9595 Nelson Rd,Longmont ,Co,80501,Boulder County,40.152404,-105.127827
2015,1108,Pet Animal Large Shelter,Longmont Humane Society,9595 Nelson Road,Longmont ,Co,80501,Boulder County,40.152404,-105.127827
2016,1108,Pet Animal Large Shelter,Longmont Humane Society,9595 Nelson Road,Longmont,Co,80501,Boulder County,40.165729,-105.101194
2017,1108,Pet Animal Large Shelter,Longmont Humane Society,9595 Nelson Road,Longmont,Co,80501,Boulder County,40.170086,-105.107297
2018,1108,Pet Animal Large Shelter,Longmont Humane Society,9595 Nelson Road,Longmont,Co,80501,Boulder County,40.170086,-105.107297
2019,1108,Pet Animal Large Shelter,Longmont Humane Society,9595 Nelson Road,Longmont,Co,80501,Boulder County,40.170086,-105.107297
2020,1108,Pet Animal Large Shelter,Longmont Humane Society,9595 Nelson Road,Longmont,Co,80501,Boulder County,40.170086,-105.107297
2021,1108,Pet Animal Large Shelter,Longmont Humane Society,9595 Nelson Road,Longmont,Co,80501,Boulder County,40.170086,-105.107297
2022,1108,Pet Animal Large Shelter,Longmont Humane Society,9595 Nelson Road,Longmont,Co,80501,Boulder County,40.170086,-105.107297
2023,1108,Pet Animal Large Shelter,Longmont Humane Society,9595 Nelson Road,Longmont,Co,80501,Boulder County,40.170086,-105.107297
Licensing,1108,Pet Animal Large Shelter,Longmont Humane Society,9595 Nelson Road,Longmont,Co,80501,Boulder,40.170086,-105.107297
2010,6280,,Look What The Cat Brought In,424 W. Fillmore,Colorado Springs,Co,80907.0,,,
2014,,,Look What the Cat Brought In,2129 E Boulder,Colorado Springs ,,80909,El Paso County,38.838462,-104.789228
2015,,,Look what the cat brought in,2129 E Boulder,,,80909,El Paso County,,
2023,,,Lookwhatthecatbroughtin,,,,,,,
2020,,,Lost Our Home Pet Rescue of Western Colorado,,,,,,,
2019,,,"Lost Our Home Pet Rescue of Western Colorado, Inc.",,,,,,,
2018,,,Low Riders of the West,,,,,Denver County,,
2019,,,Low Riders of the West,,,,,Denver County,,
2020,,,Low Riders of the West,,,,,Denver County,,
2007,2476.0,,Luanne'S Animals,4001 N. Wolfcreek Mile Rd.,Strasburg,Co,80136.0,,,
2008,2476,,Luanne'S Animals,4001 N. Wolfcreek Mile Rd.,Strasburg,Co,80136.0,,,
2009,2476,,Luanne'S Animals,4001 N. Wolfcreek Mile Rd.,Strasburg,Co,80136.0,,,
2010,2476,,Luanne'S Animals,4001 N. Wolfcreek Mile Rd.,Strasburg,Co,80136.0,,,
2011,2476,,Luanne'S Animals,4001 N. Wolfcreek Mile Rd.,Strasburg,Co,80136.0,,,
2012,2476.0,,Luanne'S Animals,4001 N. Wolfcreek Mile Rd.,Strasburg,Co,80136.0,,,
2013,2476,,Luanne'S Animals,4001 N. Wolfcreek Mile Rd.,Strasburg,Co,80136.0,,,
2019,,,Lucille's Voice Animal Education and Emergency Rescue Center,,,,,,,
2018,,,Lucilles Voice Animal Education and Emergency Rescue Center,,,,,Fremont County,,
2011,6824,Pet Animal Large Rescue,Lucky Day Animal Rescue of Colorado,75 Bus Barn Lane,Aspen,Co,81611.0,Pitkin County,39.19194,-106.846288
2012,6824.0,Pet Animal Large Rescue,Lucky Day Animal Rescue of Colorado,75 Bus Barn Lane,Aspen,Co,81611.0,Pitkin County,39.19194,-106.846288
2013,6824,Pet Animal Large Rescue,Lucky Day Animal Rescue of Colorado,75 Bus Barn Lane,Aspen,Co,81611.0,Pitkin County,39.19194,-106.846288
2014,6824,Pet Animal Large Rescue,Lucky Day Animal Rescue of Colorado,75 Bus Barn Lane,Aspen ,Co,81612,Pitkin County,39.19194,-106.846288
2015,6824,Pet Animal Large Rescue,Lucky Day Animal Rescue of Colorado,75 Bus Barn Lane,Aspen ,Co,81611,Pitkin County,39.19194,-106.846288
2016,6824,Pet Animal Large Rescue,Lucky Day Animal Rescue of Colorado,75 Bus Barn Lane,Aspen,Co,81611,Pitkin County,39.190665,-106.819201
2017,6824,Pet Animal Large Rescue,Lucky Day Animal Rescue of Colorado,75 Bus Barn Lane,Aspen,Co,81611,Pitkin County,39.171024,-106.822652
2018,6824,Pet Animal Large Rescue,Lucky Day Animal Rescue of Colorado,75 Bus Barn Lane,Aspen,Co,81611,Pitkin County,39.171024,-106.822652
2019,6824,Pet Animal Large Rescue,Lucky Day Animal Rescue of Colorado,75 Bus Barn Lane,Aspen,Co,81611,Pitkin County,39.171024,-106.822652
2020,6824,Pet Animal Large Rescue,Lucky Day Animal Rescue of Colorado,75 Bus Barn Lane,Aspen,Co,81611,Pitkin County,39.171024,-106.822652
2021,6824,Pet Animal Large Rescue,Lucky Day Animal Rescue of Colorado,75 Bus Barn Lane,Aspen,Co,81611,Pitkin County,39.171024,-106.822652
2022,6824,Pet Animal Large Rescue,Lucky Day Animal Rescue of Colorado,75 Bus Barn Lane,Aspen,Co,81611,Pitkin County,39.171024,-106.822652
2023,6824,Pet Animal Large Rescue,Lucky Day Animal Rescue of Colorado,75 Bus Barn Lane,Aspen,Co,81611,Pitkin County,39.171024,-106.822652
Licensing,6824,Pet Animal Large Rescue,Lucky Day Animal Rescue of Colorado,75 Bus Barn Lane,Aspen,Co,81611,Pitkin,39.171024,-106.822652
2015,,,Lucky Dog Rescue,4401 Mark Dabling Blvd,,,80907,El Paso County,,
2014,,,"Lucky Dog Rescue, Inc",4401 Mark Dabling Blvd,Colo Spgs ,,80907,El Paso County,38.89563,-104.825474
2010,6515,,"Lucky Dog Rescue, Inc.","4401 Mark Dabling Blvd, Ste 10",Colorado Springs,Co,80907.0,,,
2011,6515,,"Lucky Dog Rescue, Inc.","4401 Mark Dabling Blvd., Ste. 10",Colorado Springs,Co,80907.0,,,
2012,6515.0,,"Lucky Dog Rescue, Inc.","4401 Mark Dabling Blvd., Ste. 10",Colorado Springs,Co,80907.0,,,
2013,6515,,"Lucky Dog Rescue, Inc.","4401 Mark Dabling Blvd., Ste. 10",Colorado Springs,Co,80907.0,,,
2007,4980.0,,Lucky Paws,8204 Swadley St.,Arvada,Co,80005.0,,,
2008,4980,,Lucky Paws,8204 Swadley St.,Arvada,Co,80005.0,,,
2009,6161,,Lucky Paws Rescue,12620 Buckley Road,Brighton,Co,80603.0,Jefferson County,39.777598,-105.161514
2010,6161,,Lucky Paws Rescue,12620 Buckley Road,Brighton,Co,80603.0,Jefferson County,39.777598,-105.161514
2011,6161,,Lucky Paws Rescue,12620 Buckley Road,Brighton,Co,80603.0,Jefferson County,39.777598,-105.161514
2012,6161.0,,Lucky Paws Rescue,12620 Buckley Road,Brighton,Co,80603.0,Jefferson County,39.777598,-105.161514
2013,6161,,Lucky Paws Rescue,12620 Buckley Road,Brighton,Co,80603.0,Jefferson County,39.777598,-105.161514
2014,6161,,Lucky Paws Rescue,4455 Gladiola St,Golden ,Co,80403,Jefferson County,39.777598,-105.161514
2015,6161,,Lucky Paws Rescue,4455 Gladiola Street,Golden ,Co,80403,Jefferson County,39.777598,-105.161514
2016,6161,,Lucky Paws Rescue,4455 Gladiola Street,Golden,Co,80403,Jefferson County,39.749672,-105.216019
2017,6161,,Lucky Paws Rescue,4455 Gladiola Street,Golden,Co,80403,Jefferson County,39.829062,-105.298581
Licensing,,Pet Animal Small Rescue,Lucy Peckham,,Broomfield,Co,,Broomfield,,
2007,5789.0,,Lucy's Feline Abode,4565 Garrison St.,Wheat Ridge,Co,80033.0,,,
2008,5789,,Lucy's Feline Abode,4565 Garrison St.,Wheat Ridge,Co,80033.0,,,
2009,5789,,Lucy's Feline Abode,4565 Garrison St.,Wheat Ridge,Co,80033.0,,,
2021,,,MO Min Pin Rescue Corp,,,,,,,
2010,6571,,Magestic Canine Rescue,35780 E Jones Road,Yoder,Co ,80864.0,,,
2011,6571,,Majestic Canine Rescue,35780 E. Jones Rd.,Yoder,Co,80864.0,El Paso County,45.129877,-122.681388
2012,6571.0,,Majestic Canine Rescue,35780 E. Jones Rd.,Yoder,Co,80864.0,El Paso County,45.129877,-122.681388
2013,6571,,Majestic Canine Rescue,35780 E. Jones Rd.,Yoder,Co,80864.0,El Paso County,45.129877,-122.681388
2015,6571,,Majestic Canine Rescue,35780 E Jones Rd,Yoder,Co,80864,El Paso County,45.129877,-122.681388
2016,6571,,Majestic Canine Rescue,35780 E Jones Rd,Yoder,Co,80864,El Paso County,45.129877,-122.681388
2017,6571,,Majestic Canine Rescue,35780 E Jones Rd,Yoder,Co,80864,El Paso County,38.73857,-104.191482
2018,6571,,Majestic Canine Rescue,35780 E Jones Rd,Yoder,Co,80864,El Paso County,38.73857,-104.191482
2019,6571,,Majestic Canine Rescue,35780 E Jones Rd,Yoder,Co,80864,El Paso County,38.73857,-104.191482
2020,6571,,Majestic Canine Rescue,35780 E Jones Rd,Yoder,Co,80864,El Paso County,38.73857,-104.191482
2021,6571,,Majestic Canine Rescue,35780 E Jones Rd,Yoder,Co,80864,El Paso County,38.73857,-104.191482
2022,6571,,Majestic Canine Rescue,35780 E Jones Rd,Yoder,Co,80864,El Paso County,38.73857,-104.191482
2023,6571,,Majestic Canine Rescue,35780 E Jones Rd,Yoder,Co,80864,El Paso County,38.73857,-104.191482
2014,,,"Majestic Canine Rescue, Inc",35780 E Jones Rd,Yoder ,,80864,El Paso County,38.897503,-104.17109
Licensing,,Pet Animal Sanctuary,"Majestic Canine Rescue, Inc.",,Yoder,Co,,El Paso,,
Licensing,,Pet Animal Small Rescue,Margaret A Shifflet,,Denver,Co,,Denver,,
2007,4637.0,,Mariah'S Promise/Rescue Animal Fund,4027 County Rd. 5,Divide,Co,80814.0,,,
2008,4637,,Mariah'S Promise/Rescue Animal Fund,4027 County Rd. 5,Divide,Co,80814.0,,,
2009,4637,,Mariah'S Promise/Rescue Animal Fund,4027 County Rd. 5,Divide,Co,80814.0,,,
2020,,,Maricopa County Animal Care and Control,,,,,,,
2020,,Pet Animal Small Rescue,Mattersville,,Sedalia,Co,,Douglas,,
2021,,Pet Animal Small Rescue,Mattersville,,Sedalia,Co,,Douglas,,
2022,,Pet Animal Small Rescue,Mattersville,,Sedalia,Co,,Douglas,,
2023,,Pet Animal Small Rescue,Mattersville,,Sedalia,Co,,Douglas,,
Licensing,,Pet Animal Small Rescue,Mattersville,,Sedalia,Co,,Douglas,,
Licensing,,Pet Animal Small Shelter,Mattersville,,Yoder,Co,,El Paso,,
2017,,,MaxFund Animal adoption Center,,Denver,,80204,Denver County,39.7345,-105.020783
2015,,,MaxFund Cat Adoption Center,720 W. 10th ave,,,80204,Denver County,,
2021,,,MaxFund Cat Shelter,,,,,,,
2022,,,MaxFund Cats,,,,,,,
2023,,,MaxFund Cats,,,,,,,
2015,,,MaxFund Dog Adoption Center,1005 N. Galapago St.,,,80204,Denver County,,
2021,,,MaxFund Dog Shelter,,,,,,,
2018,,,MaxFund Inc,,,,,Denver County,,
2022,,,MaxFund Inc,,,,,Denver County,,
2023,,,MaxFund Inc,,,,,Denver County,,
2019,,,MaxFund Inc Cat Shelter,,,,,,,
2019,,,MaxFund Inc Dog Shelter,,,,,,,
2011,6845,,MaxFund Inc.,720 W. 10th Ave.,Denver,Co,80204.0,Denver County,39.738453,-104.984853
2012,6845.0,,MaxFund Inc.,720 W. 10th Ave.,Denver,Co,80204.0,Denver County,39.738453,-104.984853
2013,6845,,MaxFund Inc.,720 W. 10th Ave.,Denver,Co,80204.0,Denver County,39.738453,-104.984853
2016,6845,,MaxFund Inc.,720 W. 10th Ave.,Denver,Co,80204,Denver County,39.738453,-104.984853
2016,6845,,MaxFund Inc.,720 W. 10th Ave.,Denver,Co,80204,Denver County,39.738453,-104.984853
2017,6845,,MaxFund Inc.,720 W. 10th Ave.,Denver,Co,80204,Denver County,39.7345,-105.020783
2020,,,MaxFund Inc. (dba Cat Shelter),,,,,,,
2020,,,MaxFund Inc. (dba MaxFund Animal Adoption Center - Dog Shelter),,,,,,,
2022,,,MaxFund Meow Manor,,,,,,,
2023,,,MaxFund Meow Manor,,,,,,,
Licensing,,Pet Animal Small Shelter,"MaxFund, Inc.",,Denver,Co,,Denver,,
2007,2487.0,,Maxfund Animal Adoption Center,1025 Galapago St,Denver,Co,80204.0,Denver County,39.732108,-104.996917
2008,2487,,Maxfund Animal Adoption Center,1025 Galapago St,Denver,Co,80204.0,Denver County,39.732108,-104.996917
2009,2487,,Maxfund Animal Adoption Center,1025 Galapago St,Denver,Co,80204.0,Denver County,39.732108,-104.996917
2010,2487,,Maxfund Animal Adoption Center,1025 Galapago St,Denver,Co,80204.0,Denver County,39.732108,-104.996917
2011,2487,,Maxfund Animal Adoption Center,1025 Galapago St,Denver,Co,80204.0,Denver County,39.732108,-104.996917
2012,2487.0,,Maxfund Animal Adoption Center,1025 Galapago St,Denver,Co,80204.0,Denver County,39.732108,-104.996917
2013,2487,,Maxfund Animal Adoption Center,1025 Galapago St,Denver,Co,80204.0,Denver County,39.732108,-104.996917
2014,2487,,Maxfund Animal Adoption Center,720 W 10th Ave ,Denver ,Co,80201,Denver County,39.732108,-104.996917
2018,,,"Maxfund, Inc",,,,,Denver County,,
Licensing,,Pet Animal Small Shelter,"Maxfund, Inc.",,Denver,Co,,Denver,,
2019,,,McKinley County Humane Society,,,,,,,
2021,,,Meow Manor,,,,,,,
Licensing,,Pet Animal Large Shelter,Mesa County Animal Service,,Whitewater,Co,,Mesa,,
2010,6429,,Mesa County Animal Services,362 28 Rd,Grand Junction,Co,81501.0,Mesa County,38.990557,-108.466756
2011,6429,,Mesa County Animal Services,971A Coffman Rd.,Whitewater,Co,81527.0,Mesa County,38.990557,-108.466756
2012,6429.0,,Mesa County Animal Services,971A Coffman Rd.,Whitewater,Co,81527.0,Mesa County,38.990557,-108.466756
2013,6429,,Mesa County Animal Services,971A Coffman Rd.,Whitewater,Co,81527.0,Mesa County,38.990557,-108.466756
2014,6429,,Mesa County Animal Services,971 Coffman Rd,Whitewater ,Co,81527,Mesa County,38.990557,-108.466756
2015,6429,,Mesa County Animal Services,971 Coffman Road #A,Whitewater ,Co,81527,Mesa County,38.990557,-108.466756
2016,6429,,Mesa County Animal Services,971 Coffman Road #A,Whitewater,Co,81527,Mesa County,42.850353,-88.72881
2017,6429,,Mesa County Animal Services,971 Coffman Road #A,Whitewater,Co,81527,Mesa County,38.917879,-108.434337
2018,6429,,Mesa County Animal Services,971 Coffman Road #A,Whitewater,Co,81527,Mesa County,38.917879,-108.434337
2019,6429,,Mesa County Animal Services,971 Coffman Road #A,Whitewater,Co,81527,Mesa County,38.917879,-108.434337
2020,6429,,Mesa County Animal Services,971 Coffman Road #A,Whitewater,Co,81527,Mesa County,38.917879,-108.434337
2021,6429,,Mesa County Animal Services,971 Coffman Road #A,Whitewater,Co,81527,Mesa County,38.917879,-108.434337
2022,6429,,Mesa County Animal Services,971 Coffman Road #A,Whitewater,Co,81527,Mesa County,38.917879,-108.434337
2013,,,Metro Denver Parrot Rescue,17840 Mimosa St,Parker,Co,80134.0,Douglas County,39.494832,-104.782532
2014,,,Metro Denver Parrot Rescue,17840 Mimosa St.,Parker ,Co,80134,Douglas County,39.494832,-104.782532
2015,,,Metro Denver Parrot Rescue,17840 Mimosa St.,Parker ,Co,80134,Douglas County,39.494832,-104.782532
2017,,,Metro Denver Parrot Rescue,17840 Mimosa St.,"Colorado Springs,  80905-1923",Co,80905-1923,El Paso County,38.81761,-104.832663
2016,,,Metro Denver Parrot Rescue - The Perch,,Colorado Springs,,80905-1923,El Paso County,38.835224,-104.819798
2018,,,Metro Denver Parrot Rescue -The Perch,,,,,El Paso County,,
2019,,,Miami Animal Alliance ,,,,,,,
2018,,,Miami Animal Alliance Inc,,,,,Weld County,,
2017,,,Miami Animal Alliance Inc.,,Denver,,80224,Denver County,39.690104,-104.912108
2022,,,Miami Animal Rescue Ranch,,,,,,,
2007,3739.0,,Michael Horan,65500 Cr Z,Moffat,Co,81143.0,,,
2008,3739,,Michael Horan,65500 Cr Z,Moffat,Co,81143.0,,,
2009,3739,,Michael Horan,65500 Cr Z,Moffat,Co,81143.0,,,
2010,3739,,Michael Horan,65500 Cr Z,Moffat,Co,81143.0,,,
2011,3739,,Michael Horan,65500 Cr Z,Moffat,Co,81143.0,,,
2012,3739.0,,Michael Horan,65500 Cr Z,Moffat,Co,81143.0,,,
2016,,Pet Animal Small Rescue,MidAmerica Boston Terrier Rescue,,Littleton,Co,80125,Arapahoe County,39.612653,-105.016198
2017,,Pet Animal Small Rescue,MidAmerica Boston Terrier Rescue,,Littleton,Co,80125,Arapahoe County,39.490292,-105.057171
2018,,Pet Animal Small Rescue,MidAmerica Boston Terrier Rescue,,Littleton,Co,80125,Arapahoe County,39.490292,-105.057171
2019,,Pet Animal Small Rescue,MidAmerica Boston Terrier Rescue,,Littleton,Co,80125,Arapahoe County,39.490292,-105.057171
2023,,Pet Animal Small Rescue,MidAmerica Boston Terrier Rescue,,Littleton,Co,80125,Arapahoe County,39.490292,-105.057171
Licensing,,Pet Animal Small Rescue,MidAmerica Boston Terrier Rescue,,Littleton,Co,80125,Arapahoe,39.490292,-105.057171
2022,,,MidAmerica boston Terrier rescue,,,,,,,
2020,,,Midamerica Boston Terrier Rescue,,,,,,,
2017,,,Mile HIgh Dachshunds Rescue Inc,,Engewood,,80111,Arapahoe County,39.612472,-104.881366
2018,,,Mile HIgh Dachshunds Rescue Inc,,Engewood,,80111,Arapahoe County,39.612472,-104.881366
2016,,,Mile Hgh German Shorthaired Pointer Rescue,,Centennial,,80121,Arapahoe County,39.597307,-104.853811
2007,1068.0,,Mile Hi Humane Society,11470 York St,Thornton,Co,80233.0,,,
2021,,,Mile High Canine Rescue,,,,,,,
2022,,,Mile High Canine Rescue,,,,,,,
2019,,Pet Animal Large Rescue,"Mile High Canine Rescue, Inc.",,Mead,Co,,Weld,,
2020,,Pet Animal Large Rescue,"Mile High Canine Rescue, Inc.",,Mead,Co,,Weld,,
2023,,Pet Animal Large Rescue,"Mile High Canine Rescue, Inc.",,Mead,Co,,Weld,,
Licensing,,Pet Animal Large Rescue,"Mile High Canine Rescue, Inc.",,Mead,Co,,Weld,,
2015,,,Mile High Dachshunds Rescue,5290 S Geneva Way,Englewood,,80111,Arapahoe County,39.649436,-104.98891
2016,,,Mile High Dachshunds Rescue,5290 S Geneva Way,Englewood,,80111,Arapahoe County,39.649436,-104.98891
2019,,,Mile High Dachshunds Rescue,5290 S Geneva Way,Englewood,,80111,Arapahoe County,39.649436,-104.98891
2021,,,Mile High Dachshunds Rescue,5290 S Geneva Way,Englewood,,80111,Arapahoe County,39.649436,-104.98891
2022,,,Mile High Dachshunds Rescue,5290 S Geneva Way,Englewood,,80111,Arapahoe County,39.649436,-104.98891
Licensing,,Pet Animal Small Rescue,Mile High Dachshunds Rescue Inc.,,Englewood,Co,,Arapahoe,,
2023,,,Mile High Dachshunds Rescue.org,,,,,,,
2015,,Pet Animal Small Rescue,Mile High German Shorthaired Pointer Rescue,1344 Euclid Avenue,Centennial,Co,80121,Arapahoe County,39.608742,-104.954882
2017,,Pet Animal Small Rescue,Mile High German Shorthaired Pointer Rescue,1344 Euclid Avenue,Centennial,Co,80121,Arapahoe County,39.608742,-104.954882
2019,,Pet Animal Small Rescue,Mile High German Shorthaired Pointer Rescue,1344 Euclid Avenue,Centennial,Co,80121,Arapahoe County,39.608742,-104.954882
2022,,Pet Animal Small Rescue,Mile High German Shorthaired Pointer Rescue,1344 Euclid Avenue,Centennial,Co,80121,Arapahoe County,39.608742,-104.954882
2023,,Pet Animal Small Rescue,Mile High German Shorthaired Pointer Rescue,1344 Euclid Avenue,Centennial,Co,80121,Arapahoe County,39.608742,-104.954882
Licensing,,Pet Animal Small Rescue,Mile High German Shorthaired Pointer Rescue,1344 Euclid Avenue,Centennial,Co,80121,Arapahoe,39.608742,-104.954882
2020,,,Mile High German Shorthaired Rescue,,,,,,,
2021,,,Mile High German Shorthaired Rescue,,,,,,,
2011,6710,,Mile High Husky Rescue,5523 S. Yakima St.,Aurora,Co,80015.0,,,
2012,6710.0,,Mile High Husky Rescue,5523 S. Yakima St.,Aurora,Co,80015.0,,,
2013,6710,,Mile High Husky Rescue,5523 S. Yakima St.,Aurora,Co,80015.0,,,
2010,6509,Pet Animal Large Rescue,Mile High Labrador Retriever Mission,4780 W. 125th Avenue,Broomfield,Co,80020.0,Broomfield County,39.921813,-105.048378
2011,6509,Pet Animal Large Rescue,Mile High Labrador Retriever Mission,4780 W. 125th Ave.,Broomfield,Co,80020.0,Broomfield County,39.921813,-105.048378
2012,6509.0,Pet Animal Large Rescue,Mile High Labrador Retriever Mission,4780 W. 125th Ave.,Broomfield,Co,80020.0,Broomfield County,39.921813,-105.048378
2013,6509,Pet Animal Large Rescue,Mile High Labrador Retriever Mission,4780 W. 125th Ave.,Broomfield,Co,80020.0,Broomfield County,39.921813,-105.048378
2014,6509,Pet Animal Large Rescue,Mile High Labrador Retriever Mission,4780 W 125th Ave,Broomfield ,Co,80020,Broomfield County,39.921813,-105.048378
2015,6509,Pet Animal Large Rescue,Mile High Labrador Retriever Mission,PO Box 1975,Broomfield ,Co,80038,Broomfield County,39.921813,-105.048378
2016,6509,Pet Animal Large Rescue,Mile High Labrador Retriever Mission,PO Box 1975,Broomfield,Co,80020,Broomfield County,39.923985,-105.081661
2017,6509,Pet Animal Large Rescue,Mile High Labrador Retriever Mission,PO Box 1975,Broomfield,Co,80020,Broomfield County,39.925616,-105.066301
2018,6509,Pet Animal Large Rescue,Mile High Labrador Retriever Mission,PO Box 1975,Broomfield,Co,80020,Broomfield County,39.925616,-105.066301
2019,6509,Pet Animal Large Rescue,Mile High Labrador Retriever Mission,PO Box 1975,Broomfield,Co,80020,Broomfield County,39.925616,-105.066301
2020,6509,Pet Animal Large Rescue,Mile High Labrador Retriever Mission,PO Box 1975,Broomfield,Co,80020,Broomfield County,39.925616,-105.066301
2021,6509,Pet Animal Large Rescue,Mile High Labrador Retriever Mission,PO Box 1975,Broomfield,Co,80020,Broomfield County,39.925616,-105.066301
2022,6509,Pet Animal Large Rescue,Mile High Labrador Retriever Mission,PO Box 1975,Broomfield,Co,80020,Broomfield County,39.925616,-105.066301
2023,6509,Pet Animal Large Rescue,Mile High Labrador Retriever Mission,PO Box 1975,Broomfield,Co,80020,Broomfield County,39.925616,-105.066301
Licensing,6509,Pet Animal Large Rescue,Mile High Labrador Retriever Mission,PO Box 1975,Broomfield,Co,80020,Broomfield,39.925616,-105.066301
2021,,,Mile High Meowies,,,,,,,
2023,,,Mile High Meowies Inc,,,,,,,
Licensing,,Pet Animal Small Shelter,"Mile High Parrot Supply, LLC",,Strasburg,Co,,Adams,,
2007,5785.0,Pet Animal Small Rescue,Mile High Weimaraner Rescue,17531 E. 104th Pl.,Commerce City,Co,80022.0,Adams County,39.886267,-104.783754
2008,5785,Pet Animal Small Rescue,Mile High Weimaraner Rescue,17531 E. 104th Pl.,Commerce City,Co,80022.0,Adams County,39.886267,-104.783754
2009,5785,Pet Animal Small Rescue,Mile High Weimaraner Rescue,17531 E. 104th Pl.,Commerce City,Co,80022.0,Adams County,39.886267,-104.783754
2010,5785,Pet Animal Small Rescue,Mile High Weimaraner Rescue,17531 E. 104th Pl.,Commerce City,Co,80022.0,Adams County,39.886267,-104.783754
2011,5785,Pet Animal Small Rescue,Mile High Weimaraner Rescue,17531 E. 104th Pl.,Commerce City,Co,80022.0,Adams County,39.886267,-104.783754
2012,5785.0,Pet Animal Small Rescue,Mile High Weimaraner Rescue,17531 E. 104th Pl.,Commerce City,Co,80022.0,Adams County,39.886267,-104.783754
2013,5785,Pet Animal Small Rescue,Mile High Weimaraner Rescue,17531 E. 104th Pl.,Commerce City,Co,80022.0,Adams County,39.886267,-104.783754
2014,5785,Pet Animal Small Rescue,Mile High Weimaraner Rescue,17531 E 104th Pl,Commerce City ,Co,80022,Adams County,39.886267,-104.783754
2014,5785,Pet Animal Small Rescue,Mile High Weimaraner Rescue,17531 E 104th Place,Commerce City ,Co,80022,Adams County,39.886267,-104.783754
2015,5785,Pet Animal Small Rescue,Mile High Weimaraner Rescue,17531 E. 104th Place,Commerce City ,Co,80022,Adams County,39.886267,-104.783754
2016,5785,Pet Animal Small Rescue,Mile High Weimaraner Rescue,17531 E. 104th Place,Commerce City,Co,80022,Adams County,39.812904,-104.912874
2017,5785,Pet Animal Small Rescue,Mile High Weimaraner Rescue,17531 E. 104th Place,Commerce City,Co,80022,Adams County,39.857514,-104.826095
2018,5785,Pet Animal Small Rescue,Mile High Weimaraner Rescue,17531 E. 104th Place,Commerce City,Co,80022,Adams County,39.857514,-104.826095
2020,5785,Pet Animal Small Rescue,Mile High Weimaraner Rescue,17531 E. 104th Place,Commerce City,Co,80022,Adams County,39.857514,-104.826095
2021,5785,Pet Animal Small Rescue,Mile High Weimaraner Rescue,17531 E. 104th Place,Commerce City,Co,80022,Adams County,39.857514,-104.826095
2022,5785,Pet Animal Small Rescue,Mile High Weimaraner Rescue,17531 E. 104th Place,Commerce City,Co,80022,Adams County,39.857514,-104.826095
2023,5785,Pet Animal Small Rescue,Mile High Weimaraner Rescue,17531 E. 104th Place,Commerce City,Co,80022,Adams County,39.857514,-104.826095
Licensing,5785,Pet Animal Small Rescue,Mile High Weimaraner Rescue,17531 E. 104th Place,Commerce City,Co,80022,Adams,39.857514,-104.826095
2018,,,Mile Higjh German Shorthaired Pointer Rescue,,,,,Arapahoe County,,
2020,,,Mile high Dachshunds Rescue,,,,,,,
2007,5777.0,,Mill Dog Rescue Network,13030 Herring Rd.,Colorado Springs,Co,80908.0,,,
2014,,,Misha May Foundation,120 S Kendall St,Lakewood ,,80226,Jefferson County,39.714292,-105.066206
2015,,,Misha May Foundation,120 S Kendall St,Lakewood ,,80226,Jefferson County,39.714292,-105.066206
2007,5579.0,,"Misha May Foundation, The",120 S. Kendall St.,Lakewood,Co,80226.0,,,
2008,5579,,"Misha May Foundation, The",120 S. Kendall St.,Lakewood,Co,80226.0,,,
2009,5579,,"Misha May Foundation, The",120 S. Kendall St.,Lakewood,Co,80226.0,,,
2011,5579,,"Misha May Foundation, The",120 S. Kendall St.,Lakewood,Co,80226.0,,,
2012,5579.0,,"Misha May Foundation, The",120 S. Kendall St.,Lakewood,Co,80226.0,,,
2013,5579,,"Misha May Foundation, The",120 S. Kendall St.,Lakewood,Co,80226.0,,,
2011,6783,,Misha Siberian Husky Rescue,8 Heather Pl.,Pagosa Springs,Co,81147.0,,,
2012,6783.0,,Misha Siberian Husky Rescue,8 Heather Pl.,Pagosa Springs,Co,81147.0,,,
2007,5397.0,,"Modesitt, Paula","7444 W. Chatfield Ave., Unit C",Littleton,Co,80128.0,,,
2008,5397,,"Modesitt, Paula","7444 W. Chatfield Ave., Unit C",Littleton,Co,80128.0,,,
2009,5397,,"Modesitt, Paula","7444 W. Chatfield Ave., Unit C",Littleton,Co,80128.0,,,
2010,5397,,"Modesitt, Paula",1146 Vaquero Way,Hartsel,Co,80456.0,,,
2011,5397,,"Modesitt, Paula","7444 W. Chatfield Ave., Unit C",Littleton,Co,80128.0,,,
2012,5397.0,,"Modesitt, Paula","7444 W. Chatfield Ave., Unit C",Littleton,Co,80128.0,,,
2013,5397,,"Modesitt, Paula",1146 Vaquero Way,Como,Co,80432.0,,,
2018,,,Moe Moe's Bulldog Rescue of the Rockies,,,,,Adams County,,
2022,,,Moe Moe's Rescue of the Rockies,,,,,,,
2020,,,Moe Moes Rescue of the Rockies,,,,,,,
2019,,,Moms and Mutts Colorado Rescue,,,,,,,
2023,,,Moms and Mutts Colorado Rescue,,,,,,,
2017,,,Moms and Mutts Colorado Rescue for Pregnant and Nursing Dogs,,Lakewood,,80227,Jefferson County,39.665737,-105.092647
2020,,,Moms and Mutts Colorado Rescue for Pregnant and Nursing Dogs,,Lakewood,,80227,Jefferson County,39.665737,-105.092647
2021,,,Moms and Mutts Colorado Rescue for Pregnant and Nursing Dogs,,Lakewood,,80227,Jefferson County,39.665737,-105.092647
2022,,,Moms and Mutts Colorado Rescue for Pregnant and Nursing Dogs,,Lakewood,,80227,Jefferson County,39.665737,-105.092647
2018,,,"Moms and Mutts Colorado Rescue for Pregnant and Nursing Dogs, LLC.",,,,,Jefferson County,,
2022,,,Montrose Animal Services,,,,,,,
2021,,,Montrose Animal Shelter,,,,,,,
2009,6141,,Morgan Humane Society,900 E. Railroad Avenue,Ft Morgan,Co,80701.0,,,
2010,6141,,Morgan Humane Society,900 E. Railroad Avenue,Ft Morgan,Co,80701.0,,,
2011,6141,,Morgan Humane Society,900 E. Railroad Avenue,Ft Morgan,Co,80701.0,,,
2012,6141.0,,Morgan Humane Society,900 E. Railroad Avenue,Ft Morgan,Co,80701.0,,,
2018,,Pet Animal Large Rescue,Mother Gaia Animal Rescue,,Lafayette,Co,,Boulder County,,
2019,,Pet Animal Large Rescue,Mother Gaia Animal Rescue,,Lafayette,Co,,Boulder County,,
2020,,Pet Animal Large Rescue,Mother Gaia Animal Rescue,,Lafayette,Co,,Boulder County,,
2021,,Pet Animal Large Rescue,Mother Gaia Animal Rescue,,Lafayette,Co,,Boulder County,,
2022,,Pet Animal Large Rescue,Mother Gaia Animal Rescue,,Lafayette,Co,,Boulder County,,
2023,,Pet Animal Large Rescue,Mother Gaia Animal Rescue,,Lafayette,Co,,Boulder County,,
Licensing,,Pet Animal Large Rescue,Mother Gaia Animal Rescue,,Lafayette,Co,,Boulder,,
2017,,,Mother Gaia Animal Rescue ,,Lafayette,,80026,Boulder County,40.003145,-105.101742
2016,,,Mother Gaia Rescue,,Lafayette,,80026,Boulder County,30.22126,-92.018773
2017,,,Mounatin High Service Dogs Inc,,Monument,,80132,El Paso County,39.09592,-104.847227
2007,4909.0,,Mountain Aire Reptile Rescue & Sanctuary,1647 N. Park St.,Castle Rock,Co,80109.0,,,
2015,,,Mountain High Collie & Sheltie Rescue,1875 South Ammons St.,,,80232,Jefferson County,,
2019,,,Mountain High Collie & Sheltie Rescue,1875 South Ammons St.,,,80232,Jefferson County,,
2014,,,"Mountain High Collie & Sheltie Rescue, Inc",1875 South Ammons St,Lakewood ,,80232,Jefferson County,39.682885,-105.087241
2018,,,"Mountain High Collie & Sheltie Rescue, Inc",1875 South Ammons St,Lakewood ,,80232,Jefferson County,39.682885,-105.087241
2017,,,Mountain High Collie &Ssheltie Rescue,,Lakewood,,80232,Jefferson County,39.689141,-105.088412
2013,,,Mountain High Collie and Sheltie Rescue,5327 S Cody St,Littleton,Co,80123.0,,,
2019,,,Mountain High Service Dogs Inc,,,,,,,
2020,,,Mountain High Service Dogs Inc,,,,,,,
2022,,,Mountain High Service Dogs Inc,,,,,,,
2011,6283,,Mountain Mutts & More,811 N. Main St.,Gunnison,Co ,81230.0,Gunnison County,38.552427,-106.926872
2012,6283.0,,Mountain Mutts & More,811 N. Main St.,Gunnison,Co ,81230.0,Gunnison County,38.552427,-106.926872
2013,6283,,Mountain Mutts & More,811 N. Main St.,Gunnison,Co ,81230.0,Gunnison County,38.552427,-106.926872
2014,6283,,Mountain Mutts & More,811 N Main St,Gunnison ,Co ,81230,Gunnison County,38.552427,-106.926872
2012,6871.0,Pet Animal Large Rescue,Mountain Pet Rescue,36 County road 8591,Grandby,Co,80446.0,Grand County,41.951103,-72.786055
2013,6871,Pet Animal Large Rescue,Mountain Pet Rescue,36 County road 8591,Grandby,Co,80446.0,Grand County,41.951103,-72.786055
2014,6871,Pet Animal Large Rescue,Mountain Pet Rescue,36 Cr8591,Granby ,Co,80446,Grand County,41.951103,-72.786055
2015,6871,Pet Animal Large Rescue,Mountain Pet Rescue,36 County Road 8591,Granby ,Co,80446,Grand County,41.951103,-72.786055
2016,6871,Pet Animal Large Rescue,Mountain Pet Rescue,36 County Road 8591,Granby,Co,80446,Grand County,41.951103,-72.786055
2017,6871,Pet Animal Large Rescue,Mountain Pet Rescue,36 County Road 8591,Granby,Co,80446,Grand County,40.037288,-105.887053
2018,6871,Pet Animal Large Rescue,Mountain Pet Rescue,36 County Road 8591,Granby,Co,80446,Grand County,40.037288,-105.887053
2019,6871,Pet Animal Large Rescue,Mountain Pet Rescue,36 County Road 8591,Granby,Co,80446,Grand County,40.037288,-105.887053
2020,6871,Pet Animal Large Rescue,Mountain Pet Rescue,36 County Road 8591,Granby,Co,80446,Grand County,40.037288,-105.887053
2021,6871,Pet Animal Large Rescue,Mountain Pet Rescue,36 County Road 8591,Granby,Co,80446,Grand County,40.037288,-105.887053
2022,6871,Pet Animal Large Rescue,Mountain Pet Rescue,36 County Road 8591,Granby,Co,80446,Grand County,40.037288,-105.887053
2023,6871,Pet Animal Large Rescue,Mountain Pet Rescue,36 County Road 8591,Granby,Co,80446,Grand County,40.037288,-105.887053
Licensing,6871,Pet Animal Large Rescue,Mountain Pet Rescue,36 County Road 8591,Granby,Co,80446,Grand,40.037288,-105.887053
2007,316.0,,Mountain Shadows Animal Hospital,9171 U.S. Hwy 50,Salida,Co,81201.0,,,
2008,316,,Mountain Shadows Animal Hospital,9171 U.S. Hwy 50,Salida,Co,81201.0,,,
2009,316,,Mountain Shadows Animal Hospital,9171 U.S. Hwy 50,Salida,Co,81201.0,,,
2010,316,,Mountain Shadows Animal Hospital,9171 U.S. Hwy 50,Saida,Co,80701.0,,,
2011,316,,Mountain Shadows Animal Hospital,9171 U.S. Hwy 50,Salida,Co,81201.0,,,
2012,316.0,,Mountain Shadows Animal Hospital,9171 U.S. Hwy 50,Salida,Co,81201.0,,,
2013,316,,Mountain Shadows Animal Hospital,9171 U.S. Hwy 50,Salida,Co,81201.0,,,
2018,,,Mountian High Service Dogs Inc,,,,,El Paso County,,
2016,,,Mountian High collie & sheltie Rescue,,Lakewood,,80232,Jefferson County,39.710997,-105.088872
2007,3333.0,,Moyer Farm Animal Rescue,5000 Tabor St.,Wheat Ridge,Co,80033.0,,,
2020,,,Must Love Pups formerly New Wave Pups,,,,,,,
2013,7073,,Mutt Haven Pet Rescue,10507 Salida St,Commerce City,Co,80022.0,,,
2007,4951.0,,"Mutt Hutt Inc., The",32614 Wcr 23,Windsor,Co,80550.0,,,
2013,,,"Mutt Hutt, Inc",32614 Cr 23,Windsor,Co,80550.0,,,
2011,6599,,"MuttSavers Rescue, Inc.",9970 W. 81st Dr.,Arvada,Co,80005.0,,,
2012,6599.0,,"MuttSavers Rescue, Inc.",9970 W. 81st Dr.,Arvada,Co,80005.0,,,
2013,6599,,"MuttSavers Rescue, Inc.",9970 W. 81st Dr.,Arvada,Co,80005.0,,,
2023,,Pet Animal Small Rescue,Mutts N Such Rescue,,Laporte,Co,,Larimer,,
Licensing,,Pet Animal Small Rescue,Mutts N Such Rescue,,Laporte,Co,,Larimer,,
2014,,,"Muttsavers Rescue, Inc",9970 W. 81st Dr,Arvada ,,80005,Jefferson County,39.846688,-105.109267
Licensing,,Pet Animal Large Rescue,"My Fairy Dawg MOther Rescue, Inc.",,Aurora,Co,,Arapahoe,,
2020,,,My Fairy Dawg Mother,,,,,,,
2021,,,My Fairy Dawg Mother,,,,,,,
2017,,,My Fairy Dawg Mother Rescue,,Aurora,,80011,Arapahoe County,39.74187,-104.799113
2018,,,My Fairy Dawg Mother Rescue,,Aurora,,80011,Arapahoe County,39.74187,-104.799113
2019,,,My Fairy Dawg Mother Rescue,,Aurora,,80011,Arapahoe County,39.74187,-104.799113
2022,,,My Fairy Dawg Mother Rescue,,Aurora,,80011,Arapahoe County,39.74187,-104.799113
2023,,,My Fairy Dawg Mother Rescue,,Aurora,,80011,Arapahoe County,39.74187,-104.799113
2014,,,My Fairy Dawg Mother Rescue ,545 Ursula St,Aurora ,,80011,Adams County,39.724238,-104.834161
2012,7074.0,,My Fairy Dawg Mother Rescue Inc,545 Ursula St,Aurora,Co,80011.0,Arapahoe County,,
2013,7074,,My Fairy Dawg Mother Rescue Inc,545 Ursula St,Aurora,Co,80011.0,Arapahoe County,,
2015,7074,,My Fairy Dawg Mother Rescue Inc,545 Ursula Street,Aurora,Co,80011,Arapahoe County,,
2016,,,My Fairy Dawg Mother Rescue Inc ,,Aurora,,80011,Arapahoe County,41.75527,-88.309507
2011,6860,,My Second Home Rescue,13433 Cr 108,Carr,Co,80612.0,Weld County,40.896099,-104.874397
2012,6860.0,,My Second Home Rescue,13433 Cr 108,Carr,Co,80612.0,Weld County,40.896099,-104.874397
2013,6860,,My Second Home Rescue,13433 Cr 108,Carr,Co,80612.0,Weld County,40.896099,-104.874397
2014,6860,,My Second Home Rescue,13433 County Road 108,Carr ,Co,80612,Weld County,40.896099,-104.874397
2015,6860,,My Second Home Rescue,13433 County Road 108,Carr ,Co,80612,Weld County,40.896099,-104.874397
2016,6860,,My Second Home Rescue,13433 County Road 108,Carr,Co,80612,Weld County,40.896099,-104.874397
2017,6860,,My Second Home Rescue,13433 County Road 108,Carr,Co,80612,Weld County,40.858005,-104.88483
2019,6860,,My Second Home Rescue,13433 County Road 108,Carr,Co,80612,Weld County,40.858005,-104.88483
2020,6860,,My Second Home Rescue,13433 County Road 108,Carr,Co,80612,Weld County,40.858005,-104.88483
2021,6860,,My Second Home Rescue,13433 County Road 108,Carr,Co,80612,Weld County,40.858005,-104.88483
2022,6860,,My Second Home Rescue,13433 County Road 108,Carr,Co,80612,Weld County,40.858005,-104.88483
2023,6860,,My Second Home Rescue,13433 County Road 108,Carr,Co,80612,Weld County,40.858005,-104.88483
2018,,Pet Animal Large Rescue,"My Second Home Rescue, Inc.",,Carr,Co,,Weld County,,
Licensing,,Pet Animal Large Rescue,"My Second Home Rescue, Inc.",,Carr,Co,,Weld,,
2023,,Pet Animal Large Shelter,NOCO Humane,,Loveland,Co,,Larimer,,
Licensing,,Pet Animal Large Shelter,NOCO Humane,,Loveland,Co,,Larimer,,
Licensing,,Pet Animal Large Shelter,NOCO Humane,,Evans,Co,,Weld,,
Licensing,,Pet Animal Small Shelter,NOCO Humane,,Greeley,Co,,Weld,,
2019,,,Natalia Kelley dba Colorado Animal Care Foundation - CACF,,,,,,,
2020,,,Natalia Kelly dba Colorado Animal Care Foundation,,,,,,,
2017,,,National Brittany Rescue And Adoption Network,,Aurora,,80017,Arapahoe County,39.694963,-104.787056
2018,,,National Brittany Rescue and Adoption Network,,,,,Arapahoe County,,
2022,,,"National Canine Advocacy Group, Inc.",,,,,,,
2009,6122,Pet Animal Small Shelter,National Mill Dog Rescue,5335 JD Johnson Rd,Peyton,Co,80831.0,El Paso County,38.904264,-104.442489
2010,6122,Pet Animal Small Shelter,National Mill Dog Rescue,5335 Jd Johnson Rd,Peyton,Co,80831.0,El Paso County,38.904264,-104.442489
2011,6122,Pet Animal Small Shelter,National Mill Dog Rescue,5335 JD Johnson Rd,Peyton,Co,80831.0,El Paso County,38.904264,-104.442489
2012,6122.0,Pet Animal Small Shelter,National Mill Dog Rescue,5335 JD Johnson Rd,Peyton,Co,80831.0,El Paso County,38.904264,-104.442489
2013,6122,Pet Animal Small Shelter,National Mill Dog Rescue,5335 JD Johnson Rd,Peyton,Co,80831.0,El Paso County,38.904264,-104.442489
2014,6122,Pet Animal Small Shelter,National Mill Dog Rescue,5335 JD Johnson Rd,Peyton ,Co,80831,El Paso County,38.904264,-104.442489
2015,6122,Pet Animal Small Shelter,National Mill Dog Rescue,5335 JD Johnson Road,Peyton ,Co,80831,El Paso County,38.904264,-104.442489
2016,6122,Pet Animal Small Shelter,National Mill Dog Rescue,5335 JD Johnson Road,Peyton,Co,80831,El Paso County,46.650299,-92.021103
2017,6122,Pet Animal Small Shelter,National Mill Dog Rescue,5335 JD Johnson Road,Peyton,Co,80831,El Paso County,38.974291,-104.539816
2018,6122,Pet Animal Small Shelter,National Mill Dog Rescue,5335 JD Johnson Road,Peyton,Co,80831,El Paso County,38.974291,-104.539816
2019,6122,Pet Animal Small Shelter,National Mill Dog Rescue,5335 JD Johnson Road,Peyton,Co,80831,El Paso County,38.974291,-104.539816
2020,6122,Pet Animal Small Shelter,National Mill Dog Rescue,5335 JD Johnson Road,Peyton,Co,80831,El Paso County,38.974291,-104.539816
2021,6122,Pet Animal Small Shelter,National Mill Dog Rescue,5335 JD Johnson Road,Peyton,Co,80831,El Paso County,38.974291,-104.539816
2022,6122,Pet Animal Small Shelter,National Mill Dog Rescue,5335 JD Johnson Road,Peyton,Co,80831,El Paso County,38.974291,-104.539816
2023,6122,Pet Animal Small Shelter,National Mill Dog Rescue,5335 JD Johnson Road,Peyton,Co,80831,El Paso County,38.974291,-104.539816
Licensing,6122,Pet Animal Small Shelter,National Mill Dog Rescue,5335 JD Johnson Road,Peyton,Co,80831,El Paso,38.974291,-104.539816
2019,,,Nebraska Humane Society,,,,,,,
2023,,,New Favorite Day,,,,,,,
2007,5659.0,,New Hope Cattle Dogs Rescue & Rehoming,47073 Silver Fir,Parker,Co,80138.0,Elbert County,39.551073,-104.644921
2008,5659,,New Hope Cattle Dogs Rescue & Rehoming,47073 Silver Fir,Parker,Co,80138.0,Elbert County,39.551073,-104.644921
2009,5659,,New Hope Cattle Dogs Rescue & Rehoming,47073 Silver Fir,Parker,Co,80138.0,Elbert County,39.551073,-104.644921
2010,5659,,New Hope Cattle Dogs Rescue & Rehoming,Po Box 460064 ,Aurora,Co,80046.0,Elbert County,39.551073,-104.644921
2011,5659,,New Hope Cattle Dogs Rescue & Rehoming,47073 Silver Fir,Parker,Co,80138.0,Elbert County,39.551073,-104.644921
2012,5659.0,,New Hope Cattle Dogs Rescue & Rehoming,47073 Silver Fir,Parker,Co,80138.0,Elbert County,39.551073,-104.644921
2013,5659,,New Hope Cattle Dogs Rescue & Rehoming,47073 Silver Fir,Parker,Co,80138.0,Elbert County,39.551073,-104.644921
2014,5659,,New Hope Cattle Dogs Rescue & Rehoming,47073 Silver Fir St.,Parker ,Co,80138,Elbert County,39.551073,-104.644921
2015,5659,,New Hope Cattle Dogs Rescue & Rehoming,47073 Silver Fir St.,Parker ,Co,Co,Elbert County,39.551073,-104.644921
2016,5659,,New Hope Cattle Dogs Rescue & Rehoming,47073 Silver Fir St.,Parker,Co,80138,Elbert County,39.518515,-104.762773
2017,5659,,New Hope Cattle Dogs Rescue & Rehoming,47073 Silver Fir St.,Parker,Co,80138,Elbert County,39.518092,-104.688882
2018,5659,,New Hope Cattle Dogs Rescue & Rehoming,47073 Silver Fir St.,Parker,Co,80138,Elbert County,39.518092,-104.688882
2019,5659,,New Hope Cattle Dogs Rescue & Rehoming,47073 Silver Fir St.,Parker,Co,80138,Elbert County,39.518092,-104.688882
2020,5659,,New Hope Cattle Dogs Rescue & Rehoming,47073 Silver Fir St.,Parker,Co,80138,Elbert County,39.518092,-104.688882
2021,,Pet Animal Large Rescue,"New Hope Cattle Dogs, Rescue & Rehoming",,Parker,Co,,Elbert,,
2022,,Pet Animal Large Rescue,"New Hope Cattle Dogs, Rescue & Rehoming",,Parker,Co,,Elbert,,
2023,,Pet Animal Large Rescue,"New Hope Cattle Dogs, Rescue & Rehoming",,Parker,Co,,Elbert,,
Licensing,,Pet Animal Large Rescue,"New Hope Cattle Dogs, Rescue & Rehoming",,Parker,Co,,Elbert,,
2013,,,New Hope Rescue Inc,2219 Sonoma Dr,Colorado Springs,Co,80910.0,Teller County,38.924671,-104.715926
2017,,,New Hope Rescue Inc,2219 Sonoma Dr,Colorado Springs,Co,80923,Teller County,38.924671,-104.715926
2014,,,New Hope Rescue Inc.,651 Gold Dust Creek Rd,Florissant ,,80816,Teller County,39.003256,-105.267669
2018,,,New Hope Rescue Inc.,651 Gold Dust Creek Rd,Florissant ,,80816,El Paso County,39.003256,-105.267669
2019,,,New Hope Rescue Inc.,651 Gold Dust Creek Rd,Florissant ,,80816,El Paso County,39.003256,-105.267669
2020,,,New Hope Rescue Inc.,651 Gold Dust Creek Rd,Florissant ,,80816,El Paso County,39.003256,-105.267669
2010,2649,,Nikeno'S Second Chances/ Charwater Dog Traning,5555 W. Evans,Denver,Co,80227.0,,,
2016,,,Nikeno's Second Chances,,Denver,,80227,Denver County,39.738453,-104.984853
2019,,,Nikenos Second Chances,,,,,,,
2023,,,Nikenos Second Chances,,,,,,,
2018,,,No Feline Left Behind,,,,,Denver County,,
2016,,,No Hound Unhomed,,Colorado Springs,,80907,El Paso County,38.835224,-104.819798
2018,,,No Hound Unhomed,,Colorado Springs,,80907,El Paso County,38.835224,-104.819798
2019,,,No Hound Unhomed,,Colorado Springs,,80907,El Paso County,38.835224,-104.819798
2021,,,No Hound Unhomed,,Colorado Springs,,80907,El Paso County,38.835224,-104.819798
2022,,,No Hound Unhomed,,Colorado Springs,,80907,El Paso County,38.835224,-104.819798
2017,,,No Hound Unhomed Inc,,Colorado Springs,,80907,El Paso County,38.87773,-104.821147
2023,,,No Hound Unhomed LLC,,,,,,,
2020,,,"No Hound Unhomed, Inc.",,,,,,,
2007,4572.0,,No Pine Ranch & Racing Stable,12330 Ramah Hwy.,Calhan,Co,80808.0,,,
2008,4572,,No Pine Ranch & Racing Stable,12330 Ramah Hwy.,Calhan,Co,80808.0,,,
2009,4572,,No Pine Ranch & Racing Stable,12330 Ramah Hwy.,Calhan,Co,80808.0,,,
2010,4572,,No Pine Ranch & Racing Stable,12330 Ramah Hwy.,Calhan,Co,80808.0,,,
2011,4572,,No Pine Ranch & Racing Stable,12330 Ramah Hwy.,Calhan,Co,80808.0,,,
2012,4572.0,,No Pine Ranch & Racing Stable,12330 Ramah Hwy.,Calhan,Co,80808.0,,,
2022,,,NoCo Cat Cafe,,,,,,,
2023,,,NoCo Cat Cafe,,,,,,,
2020,,,NoCoKitties,,,,,,,
2021,,,NoCoKitties,,,,,,,
Licensing,,Pet Animal Large Rescue,NoCoKitties.org,,Loveland,Co,,Larimer,,
2007,4695.0,,Noah'S Ark Animal Welfare Association,224 N. Chestnut,Trinidad,Co,81082.0,,,
2008,4695,,Noah'S Ark Animal Welfare Association,224 N. Chestnut,Trinidad,Co,81082.0,,,
2009,4695,,Noah'S Ark Animal Welfare Association,224 N. Chestnut,Trinidad,Co,81082.0,,,
2010,4695,,Noah'S Ark Animal Welfare Association,224 N. Chestnut,Trinidad,Co,81082.0,,,
2011,4695,,Noah'S Ark Animal Welfare Association,224 N. Chestnut,Trinidad,Co,81082.0,,,
2012,4695.0,,Noah'S Ark Animal Welfare Association,224 N. Chestnut,Trinidad,Co,81082.0,,,
2013,4695,,Noah'S Ark Animal Welfare Association,224 N. Chestnut,Trinidad,Co,81082.0,,,
2017,,,Noah's Ark Animal Welfare,,Trinidad,,81082,Las Animas County,37.186718,-104.515244
2023,,,Noah's Ark Animal Welfare Assn,,,,,,,
2022,,,Noah's Ark Animal Welfare Assoc.,,,,,,,
2014,,,Noah's Ark Animal Welfare Association,224 North Chestnut,Trinidad ,,81082,Las Animas County,37.170571,-104.503782
2015,,,Noah's Ark Animal Welfare Association,224 North Chestnut,Trinidad ,,81082,Las Animas County,37.170571,-104.503782
2016,,,Noah's Ark Animal Welfare Association,224 North Chestnut,Trinidad,,81082,Las Animas County,37.168118,-104.506515
2018,,,Noah's Ark Animal Welfare Association,224 North Chestnut,Trinidad,,81082,Las Animas County,37.168118,-104.506515
2019,,,Noah's Ark Animal Welfare Association,224 North Chestnut,Trinidad,,81082,Las Animas County,37.168118,-104.506515
2020,,,Noah's Ark Animal Welfare Association,224 North Chestnut,Trinidad,,81082,Las Animas County,37.168118,-104.506515
2021,,,Noah's Ark Animal Welfare Association,224 North Chestnut,Trinidad,,81082,Las Animas County,37.168118,-104.506515
2023,,,Nocokitties,,,,,,,
2007,639.0,,North Fork Veterinary Clinic,14926 Bethlehem Rd.,Paonia,Co,81428.0,,,
2008,639,,North Fork Veterinary Clinic,14926 Bethlehem Rd.,Paonia,Co,81428.0,,,
2009,639,,North Fork Veterinary Clinic,14926 Bethlehem Rd.,Paonia,Co,81428.0,,,
2010,639,,North Fork Veterinary Clinic,14926 Bethlehem Rd.,Paonia,Co,81428.0,,,
2011,639,,North Fork Veterinary Clinic,14926 Bethlehem Rd.,Paonia,Co,81428.0,,,
2012,639.0,,North Fork Veterinary Clinic,14926 Bethlehem Rd.,Paonia,Co,81428.0,,,
2013,639,,North Fork Veterinary Clinic,14926 Bethlehem Rd.,Paonia,Co,81428.0,,,
2011,6823,,North Star Siberian Husky Rescue,18725 Saint Andrews Dr.,Monument,Co,80132.0,El Paso County,39.103374,-104.839713
2012,6823.0,,North Star Siberian Husky Rescue,18725 Saint Andrews Dr.,Monument,Co,80132.0,El Paso County,39.103374,-104.839713
2013,6823,,North Star Siberian Husky Rescue,18725 Saint Andrews Dr.,Monument,Co,80132.0,El Paso County,39.103374,-104.839713
2014,6823,,North Star Siberian Husky Rescue,18725 Saint Andrews Dr,Monument ,Co,80132,El Paso County,39.103374,-104.839713
2015,6823,,North Star Siberian Husky Rescue,18725 Saint Andrews Drive,Monument ,Co,80132,El Paso County,39.103374,-104.839713
2016,6823,,North Star Siberian Husky Rescue,18725 Saint Andrews Drive,Monument,Co,80132,El Paso County,39.09158,-104.868237
2017,6823,,North Star Siberian Husky Rescue,18725 Saint Andrews Drive,Monument,Co,80132,El Paso County,39.09592,-104.847227
2007,5420.0,,Northern Colorado Dog House,1009 31St St.,Evans,Co,80620.0,,,
2020,,Pet Animal Small Shelter,Northern Colorado Herpetological Society,,Laporte,Co,,Larimer,,
2021,,Pet Animal Small Shelter,Northern Colorado Herpetological Society,,Laporte,Co,,Larimer,,
2023,,Pet Animal Small Shelter,Northern Colorado Herpetological Society,,Laporte,Co,,Larimer,,
Licensing,,Pet Animal Small Shelter,Northern Colorado Herpetological Society,,Laporte,Co,,Larimer,,
2022,,,Northern Colorado Herpetological Society (Fort Collins),,,,,,,
2022,,,Northern Colorado Herpetological Society (Loveland),,,,,,,
2007,4703.0,,Northern Colorado Parrot Rescue,363 Hunter'S Ridge Dr.,Mead,Co,80542.0,,,
2008,4703,,Northern Colorado Parrot Rescue,363 Hunter'S Ridge Dr.,Mead,Co,80542.0,,,
2009,4703,,Northern Colorado Parrot Rescue,363 Hunter'S Ridge Dr.,Mead,Co,80542.0,,,
2014,,,"Northwest Animal Hospital, PC",4575 N Chestnut St ,Colo Spgs ,,80907,El Paso County,38.897845,-104.835768
2007,1183.0,,"Northwest Animal Hospital, Pc",4575 N Chestnut St,Colorado Springs,Co,80907.0,,,
2008,1183,,"Northwest Animal Hospital, Pc",4575 N Chestnut St,Colorado Springs,Co,80907.0,,,
2009,1183,,"Northwest Animal Hospital, Pc",4575 N Chestnut St,Colorado Springs,Co,80907.0,,,
2010,1183,,"Northwest Animal Hospital, Pc",4575 N Chestnut St,Colorado Springs,Co,80907.0,,,
2011,1183,,"Northwest Animal Hospital, Pc",4575 N Chestnut St,Colorado Springs,Co,80907.0,,,
2012,1183.0,,"Northwest Animal Hospital, Pc",4575 N Chestnut St,Colorado Springs,Co,80907.0,,,
2013,1183,,"Northwest Animal Hospital, Pc",4575 N Chestnut St,Colorado Springs,Co,80907.0,,,
2007,5085.0,,Oakley'S Kennel,59117 Cr 39,Arriba,Co,80804.0,,,
2019,,Pet Animal Small Rescue,Obe's Angels Rescue,,Cortez,Co,,Montezuma,,
2020,,Pet Animal Small Rescue,Obe's Angels Rescue,,Cortez,Co,,Montezuma,,
2021,,Pet Animal Small Rescue,Obe's Angels Rescue,,Cortez,Co,,Montezuma,,
2022,,Pet Animal Small Rescue,Obe's Angels Rescue,,Cortez,Co,,Montezuma,,
2023,,Pet Animal Small Rescue,Obe's Angels Rescue,,Cortez,Co,,Montezuma,,
Licensing,,Pet Animal Small Rescue,Obe's Angels Rescue,,Cortez,Co,,Montezuma,,
2022,,,Oh Be Dogful,,,,,,,
2023,,,Oh Be Dogful,,,,,,,
2016,,,Oh Be Dogful Pet Ranch,,Crested Butte,,81224,Gunnison County,38.870681,-106.980937
2018,,,Oh Be Dogful Pet Ranch,,Crested Butte,,81224,Gunnison County,38.870681,-106.980937
2020,,,Oh Be Dogful Pet Ranch,,Crested Butte,,81224,Gunnison County,38.870681,-106.980937
2021,,,Oh Be Dogful Pet Ranch,,Crested Butte,,81224,Gunnison County,38.870681,-106.980937
2019,,,Oh Be Dogful Pet Ranch Inc. dba Oh Be Dogful Rescue,,,,,,,
2017,,,"Oh Be Dogful Pet Ranch, Inc",,Crested Butte,,81224,Gunnison County,38.874336,-106.91678
Licensing,,Pet Animal Sanctuary,"Oh Be Dogful Pet Ranch, Inc.",,Crested Butte,Co,,Gunnison,,
2015,,,Oh Be Dogful Rescue,336B Buckley Dr,,,81224,Gunnison County,,
2021,,Pet Animal Small Rescue,Old Dogs New Digs,,Boulder,Co,,Boulder,,
2022,,Pet Animal Small Rescue,Old Dogs New Digs,,Boulder,Co,,Boulder,,
2023,,Pet Animal Small Rescue,Old Dogs New Digs,,Boulder,Co,,Boulder,,
Licensing,,Pet Animal Small Rescue,Old Dogs New Digs,,Boulder,Co,,Boulder,,
Licensing,,Pet Animal Small Rescue,Old Soul Canine Rescue,,Golden,Co,,Gilpin,,
2019,,,Once Upon A Dog,,,,,,,
2019,,Pet Animal Small Rescue,One Dog at a Time,,Colorado Springs,Co,,El Paso,,
Licensing,,Pet Animal Small Rescue,One Dog at a Time,,Colorado Springs,Co,,El Paso,,
2020,,,One Dog at a Time Colorado,,,,,,,
2021,,,One Dog at a Time Colorado,,,,,,,
2022,,,One Dog at a Time Colorado,,,,,,,
2023,,,One Dog at a Time Colorado,,,,,,,
2020,,,Operation Pets Alive,,,,,,,
2020,,,Operation Secondhand Paws,,,,,,,
2019,,,Opposable Thumb Marekting LLC,,,,,,,
2014,,,OutPaws,8341 Sangre de Cristo Rd Ste 106,Littleton ,,80127,Jefferson County,39.568805,-105.113574
2015,,,OutPaws,8341 Sangre de Cristo Rd Ste 106,Littleton ,,80127,Jefferson County,39.568805,-105.113574
2016,,,OutPaws,8341 Sangre de Cristo Rd Ste 106,Littleton,,Co,Jefferson County,39.612653,-105.016198
2017,,,OutPaws,8341 Sangre de Cristo Rd Ste 106,Littleton,,80127,Jefferson County,39.572458,-105.141992
2018,,,OutPaws,8341 Sangre de Cristo Rd Ste 106,Littleton,,80127,Jefferson County,39.572458,-105.141992
2019,,,OutPaws,8341 Sangre de Cristo Rd Ste 106,Littleton,,80127,Jefferson County,39.572458,-105.141992
2013,,,Outpaws,8341 Sangre De Cristo Rd Ste 106,Littleton,Co,80127.0,,,
2023,,,Overturf Animal Sanctuary,,,,,,,
2017,,,"PAR Group, LLC",,Aurora,,80014,Arapahoe County,39.664168,-104.836279
2018,,,"PAR Group, LLC",,Aurora,,80014,Arapahoe County,39.664168,-104.836279
2017,,,PAWS ON THE GROUND Colorado ,,Centennial,,80112,Arapahoe County,39.575448,-104.870487
Licensing,,Pet Animal Small Shelter,PAWSecond Chance Rescue,,Log Lane Village,Co,,Morgan,,
2019,,,PAWSitive Reaction,,,,,,,
2021,,,PAWSitive Reaction,,,,,,,
2022,,,PAWSitive Reaction,,,,,,,
2023,,,PAWSitive Reaction,,,,,,,
2018,,,"PAWSitive Reaction, Inc",,,,,Custer County,,
2007,5523.0,,"PAWSitive Reaction, Inc.",110 N. Mill St.,Westcliffe,Co,81252.0,,,
2015,,,PETCO / Dumb Friends League,4100 E. Mexico Ave,,,80222,Denver County,,
2017,,,POLARIS Alaskan Malamute Rescue,,Golden,,80403,Jefferson County,39.829062,-105.298581
2018,,,POLARIS Alaskan Malamute Rescue,,Golden,,80403,Jefferson County,39.829062,-105.298581
2020,,,POLARIS Alaskan Malamute Rescue,,Golden,,80403,Jefferson County,39.829062,-105.298581
2021,,,POLARIS Alaskan Malamute Rescue,,Golden,,80403,Jefferson County,39.829062,-105.298581
2023,,,POLARIS Alaskan Malamute Rescue,,Golden,,80403,Jefferson County,39.829062,-105.298581
Licensing,,Pet Animal Large Rescue,POS Owner Dog Rescue,,Boulder,Co,,Boulder,,
2021,,,POSO Dog Rescue,,,,,,,
2022,,,POSO Dog Rescue,,,,,,,
2023,,,POSO Dog Rescue,,,,,,,
2019,,,PTSD/TBI Dogs and Tags of Wyoming,,,,,,,
2010,6363,,Pagosa Animal Advocates,1501 W Hwy 160,Pagosa Springs,Co,81147.0,,,
2011,6363,,"Pagosa Animal Advocates, Inc.",1501 W. Hwy 160,Pagosa Springs,Co,81147.0,,,
2012,6363.0,,"Pagosa Animal Advocates, Inc.",1501 W. Hwy 160,Pagosa Springs,Co,81147.0,,,
2015,,,Painted Paws for Veterans,839 Deer Run Dr,Peyton,,81223,Fremont County,46.650299,-92.021103
2016,,,Painted Paws for Veterans,839 Deer Run Dr,Peyton,,80831,El Paso County,46.650299,-92.021103
2017,,,Painted Paws for Veterans,839 Deer Run Dr,Peyton,,80831,El Paso County,38.974291,-104.539816
2018,,,Painted Paws for Veterans,839 Deer Run Dr,Peyton,,80831,El Paso County,38.974291,-104.539816
2019,,,Painted Paws for Veterans,839 Deer Run Dr,Peyton,,80831,El Paso County,38.974291,-104.539816
2020,,,Painted Paws for Veterans,839 Deer Run Dr,Peyton,,80831,El Paso County,38.974291,-104.539816
2021,,,Painted Paws for Veterans,839 Deer Run Dr,Peyton,,80831,El Paso County,38.974291,-104.539816
2022,,,Painted Paws for Veterans,839 Deer Run Dr,Peyton,,80831,El Paso County,38.974291,-104.539816
2023,,,Painted Paws for Veterans,839 Deer Run Dr,Peyton,,80831,El Paso County,38.974291,-104.539816
2022,,,Paired Souls Animal Rescue and Rehab,,,,,,,
2023,,,Paired Souls Animal Rescue and Rehabilitation,,,,,,,
2016,,,Pals Animal Rescue,,Colorado Springs,,80911,El Paso County,38.835224,-104.819798
2017,,,Pals Animal Rescue,,Colorado Springs,,80911,El Paso County,38.752199,-104.722458
2009,6345,,Pals Forever Animal Rescue,5333 Copper Avenue,Colorado Springs,Co,80918.0,El Paso County,,
2010,6345,,Pals Forever Animal Rescue,5333 Copper Avenue,Colorado Springs,Co,80918.0,El Paso County,,
2011,6345,,Pals Forever Animal Rescue,5333 Copper Avenue,Colorado Springs,Co,80918.0,El Paso County,,
2012,6345.0,,Pals Forever Animal Rescue,5333 Copper Avenue,Colorado Springs,Co,80918.0,El Paso County,,
2013,6345,,Pals Forever Animal Rescue,5333 Copper Avenue,Colorado Springs,Co,80918.0,El Paso County,,
2014,6345,,Pals Forever Animal Rescue,PO Box 15602,Colorado Springs ,Co,80935,El Paso County,,
2015,6345,,Pals Forever Animal Rescue,P.O. Box 15602,Colorado Springs ,Co,80935,El Paso County,,
2018,6345,,Pals Forever Animal Rescue,P.O. Box 15602,Colorado Springs ,Co,80935,El Paso County,,
2020,6345,,Pals Forever Animal Rescue,P.O. Box 15602,Colorado Springs ,Co,80935,El Paso County,,
2021,6345,,Pals Forever Animal Rescue,P.O. Box 15602,Colorado Springs ,Co,80935,El Paso County,,
2019,,,Pals forever Animal Rescue,,,,,,,
2019,,,Pampa Animal Welfare Society,,,,,,,
2007,5193.0,Pet Animal Small Shelter,Paradise Animal Welfare Society,201 Maroon Ave.,Crested Butte,Co,81224.0,Gunnison County,38.870681,-106.980937
2008,5925,Pet Animal Small Shelter,Paradise Animal Welfare Society,3 Copper Lane,Crested Butte,Co,81224.0,Gunnison County,38.870681,-106.980937
2009,5925,Pet Animal Small Shelter,Paradise Animal Welfare Society,3 Copper Lane,Crested Butte,Co,81224.0,Gunnison County,38.870681,-106.980937
2010,5925,Pet Animal Small Shelter,Paradise Animal Welfare Society,3 Copper Lane,Crested Butte,Co,81224.0,Gunnison County,38.870681,-106.980937
2011,5925,Pet Animal Small Shelter,Paradise Animal Welfare Society,3 Copper Lane,Crested Butte,Co,81224.0,Gunnison County,38.870681,-106.980937
2012,5925.0,Pet Animal Small Shelter,Paradise Animal Welfare Society,3 Copper Lane,Crested Butte,Co,81224.0,Gunnison County,38.870681,-106.980937
2013,5925,Pet Animal Small Shelter,Paradise Animal Welfare Society,3 Copper Lane,Crested Butte,Co,81224.0,Gunnison County,38.870681,-106.980937
2014,5925,Pet Animal Small Shelter,Paradise Animal Welfare Society,PO Box 531,Crested Butte ,Co,81224,Gunnison County,38.870681,-106.980937
2015,5925,Pet Animal Small Shelter,Paradise Animal Welfare Society,26651 Hwy 135 (POB 531),Crested Butte ,Co,81224,Gunnison County,38.870681,-106.980937
2016,5925,Pet Animal Small Shelter,Paradise Animal Welfare Society,26651 Hwy 135 (POB 531),Crested Butte,Co,81224,Gunnison County,38.870681,-106.980937
2017,5925,Pet Animal Small Shelter,Paradise Animal Welfare Society,26651 Hwy 135 (POB 531),Crested Butte,Co,81225,Gunnison County,38.903302,-106.968258
2018,5925,Pet Animal Small Shelter,Paradise Animal Welfare Society,26651 Hwy 135 (POB 531),Crested Butte,Co,81225,Gunnison County,38.903302,-106.968258
2019,5925,Pet Animal Small Shelter,Paradise Animal Welfare Society,26651 Hwy 135 (POB 531),Crested Butte,Co,81225,Gunnison County,38.903302,-106.968258
2020,5925,Pet Animal Small Shelter,Paradise Animal Welfare Society,26651 Hwy 135 (POB 531),Crested Butte,Co,81225,Gunnison County,38.903302,-106.968258
2021,5925,Pet Animal Small Shelter,Paradise Animal Welfare Society,26651 Hwy 135 (POB 531),Crested Butte,Co,81225,Gunnison County,38.903302,-106.968258
2022,5925,Pet Animal Small Shelter,Paradise Animal Welfare Society,26651 Hwy 135 (POB 531),Crested Butte,Co,81225,Gunnison County,38.903302,-106.968258
2023,5925,Pet Animal Small Shelter,Paradise Animal Welfare Society,26651 Hwy 135 (POB 531),Crested Butte,Co,81225,Gunnison County,38.903302,-106.968258
Licensing,5925,Pet Animal Small Shelter,Paradise Animal Welfare Society,26651 Hwy 135 (POB 531),Crested Butte,Co,81225,Gunnison,38.903302,-106.968258
Licensing,,Pet Animal Small Shelter,Paragon Service Dogs,,Longmont,Co,,Weld,,
2010,2345,,Park County Animal Shelter ,Po Box 604,Fairplay,Co,80440.0,,,
2020,,Pet Animal Small Rescue,Parker's Animal Rescue,,Durango,Co,,La Plata,,
2021,,Pet Animal Small Rescue,Parker's Animal Rescue,,Durango,Co,,La Plata,,
2022,,Pet Animal Small Rescue,Parker's Animal Rescue,,Durango,Co,,La Plata,,
2023,,Pet Animal Small Rescue,Parker's Animal Rescue,,Durango,Co,,La Plata,,
Licensing,,Pet Animal Small Rescue,Parker's Animal Rescue,,Durango,Co,,La Plata,,
2010,4791,,Patrica Vice,82 Kunkle St.,Genoa,Co,80818.0,,,
Licensing,,Pet Animal Small Shelter,Patricia A. Gwinn,,Paonia,Co,,Delta,,
2014,,,Patricia Vice,82 Kunkle St,Genoa ,,80818,Lincoln County,39.278625,-103.502371
2011,6524,,"Paw Spa, LLC",8865 W. 116th Cir.,Broomfield,Co,80021.0,,,
2012,6524.0,,"Paw Spa, LLC",8865 W. 116th Cir.,Broomfield,Co,80021.0,,,
2013,6524,,"Paw Spa, LLC",8865 W. 116th Cir.,Broomfield,Co,80021.0,,,
Licensing,,Pet Animal Small Rescue,Pawprints Pet Rescue,,Keenesburg,Co,,Adams,,
2010,5532,Pet Animal Small Rescue,Paws And People,1224 E. 20th St.,Greeley,Co,80631.0,Weld,,
2020,5532,Pet Animal Small Rescue,Paws And People,1224 E. 20th St.,Greeley,Co,80631.0,Weld,,
2021,5532,Pet Animal Small Rescue,Paws And People,1224 E. 20th St.,Greeley,Co,80631.0,Weld,,
2022,5532,Pet Animal Small Rescue,Paws And People,1224 E. 20th St.,Greeley,Co,80631.0,Weld,,
Licensing,5532,Pet Animal Small Rescue,Paws And People,1224 E. 20th St.,Greeley,Co,80631.0,Weld,,
2015,,,Paws For Life,800 N Pueblo Blvd,,,81003,Pueblo County,,
2019,,,Paws For Life Animal Welfare and Protection Society,,,,,,,
2020,,Pet Animal Large Rescue,Paws N Hooves,,Monument,Co,,El Paso,,
2021,,Pet Animal Large Rescue,Paws N Hooves,,Monument,Co,,El Paso,,
2022,,Pet Animal Large Rescue,Paws N Hooves,,Monument,Co,,El Paso,,
2023,,Pet Animal Large Rescue,Paws N Hooves,,Monument,Co,,El Paso,,
Licensing,,Pet Animal Large Rescue,Paws N Hooves,,Monument,Co,,El Paso,,
2019,,,Paws N Hooves & Black Forest Animal Sanctuary BFAS,,,,,,,
2018,,,"Paws N Hooves, DBA Black Forest Animal Sanctuary,",,,,,El Paso County,,
2019,,,Paws and Effect Canine Rescue of CO,,,,,,,
2018,,,Paws and Effect Canine Rescue of Colorado,,,,,Adams County,,
2020,,,Paws and Effect Canine Rescue of Colorado,,,,,Adams County,,
2021,,,Paws and Effect Canine Rescue of Colorado,,,,,Adams County,,
2007,5532.0,,Paws and People,1224 E. 20th St.,Greeley,Co,80631.0,Weld County,40.31389,-104.734953
2008,5532,,Paws and People,1224 E. 20th St.,Greeley,Co,80631.0,Weld County,40.31389,-104.734953
2009,5532,,Paws and People,1224 E. 20th St.,Greeley,Co,80631.0,Weld County,40.31389,-104.734953
2011,5532,,Paws and People,1224 E. 20th St.,Greeley,Co,80631.0,Weld County,40.31389,-104.734953
2012,5532.0,,Paws and People,1224 E. 20th St.,Greeley,Co,80631.0,Weld County,40.31389,-104.734953
2013,5532,,Paws and People,1224 E. 20th St.,Greeley,Co,80631.0,Weld County,40.31389,-104.734953
2014,5532,,Paws and People,21642 County Rd 35,La Salle ,Co,80645,Weld County,40.31389,-104.734953
2015,5532,,Paws and People,1101 Harrison St,La Salle ,Co,80206,Denver County,40.31389,-104.734953
2023,5532,,Paws and People,1101 Harrison St,La Salle ,Co,80206,Denver County,40.31389,-104.734953
2016,,,Paws and People ,,Denver,,80206,Denver County,39.738453,-104.984853
2017,,,Paws and People ,,Denver,,80206,Denver County,39.730238,-104.952049
2018,,,Paws and People ,,Denver,,80206,Denver County,39.730238,-104.952049
2019,,,Paws and People ,,Denver,,80206,Denver County,39.730238,-104.952049
2014,,,Paws for Life,800 N Pueblo Blvd,Pueblo ,,81003,Pueblo County,38.274084,-104.662478
2016,,Pet Animal Small Rescue,Paws on the Ground Colorado,,Centennial,Co,80112,Arapahoe County,39.597307,-104.853811
2020,,Pet Animal Small Rescue,Paws on the Ground Colorado,,Centennial,Co,80112,Arapahoe County,39.597307,-104.853811
2021,,Pet Animal Small Rescue,Paws on the Ground Colorado,,Centennial,Co,80112,Arapahoe County,39.597307,-104.853811
2022,,Pet Animal Small Rescue,Paws on the Ground Colorado,,Centennial,Co,80112,Arapahoe County,39.597307,-104.853811
2023,,Pet Animal Small Rescue,Paws on the Ground Colorado,,Centennial,Co,80112,Arapahoe County,39.597307,-104.853811
Licensing,,Pet Animal Small Rescue,Paws on the Ground Colorado,,Highlands Ranch,Co,80112,Douglas,39.597307,-104.853811
2019,,,Paws on the Ground Colorado ,,,,,,,
2014,,Pet Animal Large Rescue,PawsCo,3035 Marion St.,Denver ,Co,80205,Denver County,39.760202,-104.972126
2016,,Pet Animal Large Rescue,PawsCo,3035 Marion St.,Denver,Co,80231,Denver County,39.738453,-104.984853
2017,,Pet Animal Large Rescue,PawsCo,3035 Marion St.,Denver,Co,80231,Denver County,39.670026,-104.888991
2018,,Pet Animal Large Rescue,PawsCo,3035 Marion St.,Denver,Co,80231,Denver County,39.670026,-104.888991
2019,,Pet Animal Large Rescue,PawsCo,3035 Marion St.,Denver,Co,80231,Denver County,39.670026,-104.888991
2020,,Pet Animal Large Rescue,PawsCo,3035 Marion St.,Denver,Co,80231,Denver County,39.670026,-104.888991
2021,,Pet Animal Large Rescue,PawsCo,3035 Marion St.,Denver,Co,80231,Denver County,39.670026,-104.888991
2022,,Pet Animal Large Rescue,PawsCo,3035 Marion St.,Denver,Co,80231,Denver County,39.670026,-104.888991
2023,,Pet Animal Large Rescue,PawsCo,3035 Marion St.,Denver,Co,80231,Denver County,39.670026,-104.888991
Licensing,,Pet Animal Large Rescue,PawsCo,3035 Marion St.,Denver,Co,80231,Denver,39.670026,-104.888991
2015,,,PawsCo Adoptions,PO Box 6261,,,80206,Denver County,,
2020,,,Pawsecond Chance Rescue,,,,,,,
2022,,,Pawsecond Chance Rescue,,,,,,,
2023,,,Pawsecond Chance Rescue,,,,,,,
2019,,,Pawsecond chance rescue,,,,,,,
2021,,,Pawsecond chance rescue,,,,,,,
2018,,,Pawsecond chance rescue and thrift,,,,,Morgan County,,
Licensing,,Pet Animal Small Shelter,Pawsitive Pathways Inc,,Kim,Co,,Las Animas,,
2017,,Pet Animal Large Rescue,Pawsitive Restorations Animal Rescue,,Aurora,Co,80016,Arapahoe County,39.592658,-104.731172
2018,,Pet Animal Large Rescue,Pawsitive Restorations Animal Rescue,,Aurora,Co,80016,Arapahoe County,39.592658,-104.731172
2019,,Pet Animal Large Rescue,Pawsitive Restorations Animal Rescue,,Aurora,Co,80016,Arapahoe County,39.592658,-104.731172
2020,,Pet Animal Large Rescue,Pawsitive Restorations Animal Rescue,,Aurora,Co,80016,Arapahoe County,39.592658,-104.731172
2021,,Pet Animal Large Rescue,Pawsitive Restorations Animal Rescue,,Aurora,Co,80016,Arapahoe County,39.592658,-104.731172
2022,,Pet Animal Large Rescue,Pawsitive Restorations Animal Rescue,,Aurora,Co,80016,Arapahoe County,39.592658,-104.731172
2023,,Pet Animal Large Rescue,Pawsitive Restorations Animal Rescue,,Aurora,Co,80016,Arapahoe County,39.592658,-104.731172
Licensing,,Pet Animal Large Rescue,Pawsitive Restorations Animal Rescue,,Aurora,Co,80016,Arapahoe,39.592658,-104.731172
2018,,,Peaceful Animal Adoption Shelter,,,,,My County is not listed,,
2017,,,Peaceful Animal Adoption Shelter (PAAS),,"Vinita, OK",,74301,-,36.660071,-95.181344
2019,,,Peaceful Animal Adoption Shelter dba PAAS,,,,,,,
2014,,,Peak View Animal Hospital,1050 County Rd JJ,Fowler ,,81039,Otero County,38.092853,-104.055626
2015,,,Peak View Animal Hospital,1050 Cr Jj,Fowler ,,81039,Otero County,38.092853,-104.055626
2016,,,Peak View Animal Hospital,1050 Cr Jj,Fowler,,81039,Otero County,36.629974,-119.67467
2018,,,Peak View Animal Hospital,1050 Cr Jj,Fowler,,81039,Otero County,36.629974,-119.67467
2020,,,Peak View Animal Hospital,1050 Cr Jj,Fowler,,81039,Otero County,36.629974,-119.67467
2021,,,Peak View Animal Hospital,1050 Cr Jj,Fowler,,81039,Otero County,36.629974,-119.67467
2022,,,Peak View Animal Hospital,1050 Cr Jj,Fowler,,81039,Otero County,36.629974,-119.67467
2023,,,Peak View Animal Hospital,1050 Cr Jj,Fowler,,81039,Otero County,36.629974,-119.67467
2017,,,Peak View Animal Hospital ,,Fowler,,81039,Otero County,38.004158,-104.109745
2019,,,Peak View Animal Hospital ,,Fowler,,81039,Otero County,38.004158,-104.109745
2010,4191,,Peak View Animal Hospital Inc.,1050 Rd Jo Funler,Funler,Co,81039.0,,,
2011,4191,Pet Animal Small Shelter,"Peak View Animal Hospital, Inc.",1050 Cr Jj,Fowler,Co,81039.0,Otero,,
2012,4191.0,Pet Animal Small Shelter,"Peak View Animal Hospital, Inc.",1050 Cr Jj,Fowler,Co,81039.0,Otero,,
2013,4191,Pet Animal Small Shelter,"Peak View Animal Hospital, Inc.",1050 Cr Jj,Fowler,Co,81039.0,Otero,,
Licensing,4191,Pet Animal Small Shelter,"Peak View Animal Hospital, Inc.",1050 Cr Jj,Fowler,Co,81039.0,Otero,,
2010,5980,,Peak View Kennels,11845 Sand Place,"Peyton, Co",Co,80831.0,,,
2010,5827,,Peanut'S Place Bully Rescue,33815 Torrence Rd.,Yoder,Co,80864.0,,,
2011,5827,,Peanut's Place Bully Rescue,33815 Torrence Rd.,Yoder,Co,80864.0,El Paso County,38.767223,-104.202059
2012,5827.0,,Peanut's Place Bully Rescue,33815 Torrence Rd.,Yoder,Co,80864.0,El Paso County,38.767223,-104.202059
2013,5827,,Peanut's Place Bully Rescue,33815 Torrence Rd.,Yoder,Co,80864.0,El Paso County,38.767223,-104.202059
2014,5827,,Peanut's Place Bully Rescue,33815 Torrence Rd,Yoder ,Co,80864,El Paso County,38.767223,-104.202059
2015,5827,,Peanut's Place Bully Rescue,33815 Torrence Rd,Yoder ,Co,80864,El Paso County,38.767223,-104.202059
2016,5827,,Peanut's Place Bully Rescue,33815 Torrence Rd,Yoder,Co,Co,El Paso County,45.129877,-122.681388
2017,5827,,Peanut's Place Bully Rescue,33815 Torrence Rd,Yoder,Co,80864,El Paso County,38.73857,-104.191482
2019,5827,,Peanut's Place Bully Rescue,33815 Torrence Rd,Yoder,Co,80864,El Paso County,38.73857,-104.191482
2020,5827,,Peanut's Place Bully Rescue,33815 Torrence Rd,Yoder,Co,80864,El Paso County,38.73857,-104.191482
2021,5827,,Peanut's Place Bully Rescue,33815 Torrence Rd,Yoder,Co,80864,El Paso County,38.73857,-104.191482
2022,5827,,Peanut's Place Bully Rescue,33815 Torrence Rd,Yoder,Co,80864,El Paso County,38.73857,-104.191482
2023,5827,,Peanut's Place Bully Rescue,33815 Torrence Rd,Yoder,Co,80864,El Paso County,38.73857,-104.191482
2018,,,Peanut's Place Bully Rescue Inc,,,,,El Paso County,,
2018,,,Pearl'S Sunrize Sanctuary,,,,,Chaffee County,,
2017,,,Pearl's Sunrize Sanctuary,,Salida,,81201,Chaffee County,38.549874,-106.075804
2019,,,Pearl's Sunrize Sanctuary,,Salida,,81201,Chaffee County,38.549874,-106.075804
2021,,,Pearl's Sunrize Sanctuary,,Salida,,81201,Chaffee County,38.549874,-106.075804
2020,,,Pearls Sunrize Sanctuary,,,,,,,
2022,,,Pearl’s Sunrize Sanctuary,,,,,,,
Licensing,,Pet Animal Small Rescue,Pei People Shar Pei Rescue Inc.,,Fort Collins,Co,,Larimer,,
2020,,,"Pei People Shar Pei Rescue, Inc",,,,,,,
2021,,,"Pei People Shar Pei Rescue, Inc",,,,,,,
2022,,,"Pei People Shar Pei Rescue, Inc",,,,,,,
2023,,,"Pei People Shar Pei Rescue, Inc",,,,,,,
2014,,,Pembroke Welsh Corgi Club of the Rockies,1 Glenridge Dr,Littleton ,,80123,Jefferson County,39.595557,-105.049591
2015,,,Pembroke Welsh Corgi Club of the Rockies,1 Glenridge Dr.,Littleton ,,80123,Arapahoe County,39.595557,-105.049591
2016,,,Pembroke Welsh Corgi Club of the Rockies Inc.,,Littleton,,80123,Arapahoe County,39.612653,-105.016198
2017,,,Pembroke Welsh Corgi Club of the Rockies Rescue,,Littleton,,80123,Arapahoe County,39.614202,-105.070564
2020,,,Pembroke Welsh Corgi Club of the Rockies Rescue,,Littleton,,80123,Arapahoe County,39.614202,-105.070564
2021,,,Pembroke Welsh Corgi Club of the Rockies Rescue,,Littleton,,80123,Arapahoe County,39.614202,-105.070564
2022,,,Pembroke Welsh Corgi Club of the Rockies Rescue,,Littleton,,80123,Arapahoe County,39.614202,-105.070564
Licensing,,Pet Animal Small Rescue,Pembroke Welsh Corgi Club of the Rockies Rescue Inc.,,Denver,Co,,Denver,,
2023,,,"Pembroke Welsh Corgi Club of the Rockies Rescue, Inc.",,,,,,,
2008,5861,,Pembroke Welsh Corgi Rescue,9464 E. Caley Ave.,Englewood,Co,80111.0,,,
2009,5861,,Pembroke Welsh Corgi Rescue,9464 E. Caley Ave.,Englewood,Co,80111.0,,,
2010,5861,,Pembroke Welsh Corgi Rescue,9464 E. Caley Ave.,Englewood,Co,80111.0,,,
2011,5861,,Pembroke Welsh Corgi Rescue,9464 E. Caley Ave.,Englewood,Co,80111.0,,,
2012,5861.0,,Pembroke Welsh Corgi Rescue,9464 E. Caley Ave.,Englewood,Co,80111.0,,,
2013,5861,,Pembroke Welsh Corgi Rescue,9464 E. Caley Ave.,Englewood,Co,80111.0,,,
2019,,,Pembroke Welsh Corgi of the Rockes Rescue,,,,,,,
2023,,,Pepper's Senior Dog Sacntuary,,,,,,,
Licensing,,Pet Animal Sanctuary,Pepper's Senior Dog Sanctuary,,Littleton,Co,,Douglas,,
Licensing,,Pet Animal Small Rescue,Peppy Pet Rescue,,Longmont,Co,,Boulder,,
2007,5753.0,,Perfect Match Dog Rescue,7010 S. Boulder Rd.,Boulder,Co,80303.0,,,
2016,,,Perfect Pets,,Centennial,,80122,Arapahoe County,39.597307,-104.853811
2020,,,Perfect Pets,,Centennial,,80122,Arapahoe County,39.597307,-104.853811
2021,,,Perfect Pets,,Centennial,,80122,Arapahoe County,39.597307,-104.853811
2022,,,Perfect Pets,,Centennial,,80122,Arapahoe County,39.597307,-104.853811
2023,,,Perfect Pets,,Centennial,,80122,Arapahoe County,39.597307,-104.853811
2015,,,Perfect Unions Animal Rescue Foundation,726 Burning Mtn. Ave.,,,81647,Garfield County,,
2018,,,Perfect Unions Animal Rescue Foundation,726 Burning Mtn. Ave.,,,81647,Garfield County,,
2010,6543,,Perfect Unions Animal Rescue Foundation Inc.,726 Burning Mtn. Ave,New Castle,Co,81647.0,,,
2014,,,"Perfect Unions Animal Rescue Foundation, Inc",726 Burning Mountain Ave,New Castle ,,81647,Garfield County,39.569549,-107.522628
2011,6543,,"Perfect Unions Animal Rescue Foundation, Inc.",726 Burning Mountain Ave.,New Castle,Co,81647.0,,,
2012,6543.0,,"Perfect Unions Animal Rescue Foundation, Inc.",726 Burning Mountain Ave.,New Castle,Co,81647.0,,,
2013,6543,,"Perfect Unions Animal Rescue Foundation, Inc.",726 Burning Mountain Ave.,New Castle,Co,81647.0,,,
2023,,,Pet Association Of Estes Park,,,,,,,
2017,,,Pet Association Of Estes Park Inc,,Estes Park,,80517,Larimer County,40.36816,-105.542948
2007,4153.0,,Pet Association Of Estes Park Inc.,1260 Manford Ave,Estes Park,Co,80517.0,,,
2008,4153,,Pet Association Of Estes Park Inc.,1260 Manford Ave,Estes Park,Co,80517.0,,,
2009,4153,,Pet Association Of Estes Park Inc.,1260 Manford Ave,Estes Park,Co,80517.0,,,
2010,4153,,Pet Association Of Estes Park Inc.,"1260 Manford Ave,",Estes Park,Co,80517.0,,,
2011,4153,,Pet Association Of Estes Park Inc.,1260 Manford Ave,Estes Park,Co,80517.0,,,
2012,4153.0,,Pet Association Of Estes Park Inc.,1260 Manford Ave,Estes Park,Co,80517.0,,,
2013,4153,,Pet Association Of Estes Park Inc.,1260 Manford Ave,Estes Park,Co,80517.0,,,
2018,,,Pet Association of Estes Park,,,,,Larimer County,,
2015,,Pet Animal Small Shelter,Pet Association of Estes Park Inc,PO Box 4342,Estes Park,Co,80517,Larimer County,,
Licensing,,Pet Animal Small Shelter,Pet Association of Estes Park Inc,PO Box 4342,Estes Park,Co,80517,Larimer,,
2014,,,"Pet Association of Estes Park, Inc",1260 Manford Ave,Estes Park ,,80517,Larimer County,40.37076,-105.50104
2020,,,"Pet Association of Estes Park, Inc",1260 Manford Ave,Estes Park ,,80517,Larimer County,40.37076,-105.50104
2019,,,"Pet Association of Estes Park, Inc.",,,,,,,
2022,,,"Pet Association of Estes Park, Inc.",,,,,,,
2019,,,Pet Care Specialties LLC,,,,,,,
2007,5615.0,,Pet Crazy,139 Washington St.,Monte Vista,Co,81144.0,,,
2008,5615,,Pet Crazy,139 Washington St.,Monte Vista,Co,81144.0,,,
2007,4575.0,,Pet Empawrium,12393 W. 64Th Ave.,Arvada,Co,80004.0,,,
2007,3050.0,,Pet Palace Veterinary Clinic,4082 S. Parker Rd.,Aurora,Co,80014.0,,,
2008,3050,,Pet Palace Veterinary Clinic,4082 S. Parker Rd.,Aurora,Co,80014.0,,,
2009,3050,,Pet Palace Veterinary Clinic,4082 S. Parker Rd.,Aurora,Co,80014.0,,,
Licensing,,Pet Animal Small Shelter,Pet Paradise,,Pueblo,Co,,Pueblo,,
2022,,,Pet Paradise Inc,,,,,,,
2023,,,Pet Paradise Inc,,,,,,,
2007,4315.0,,Pet Project,489 S. Ferncliff Dr.,Pueblo West,Co,81007.0,Pueblo County,38.326903,-104.806432
2008,4315,,Pet Project,489 S. Ferncliff Dr.,Pueblo West,Co,81007.0,Pueblo County,38.326903,-104.806432
2009,4315,,Pet Project,489 S. Ferncliff Dr.,Pueblo West,Co,81007.0,Pueblo County,38.326903,-104.806432
2010,4315,,Pet Project,Po Box 7312,Pueblo West,Co,81007.0,Pueblo County,38.326903,-104.806432
2011,4315,,Pet Project,489 S. Ferncliff Dr.,Pueblo West,Co,81007.0,Pueblo County,38.326903,-104.806432
2012,4315.0,,Pet Project,489 S. Ferncliff Dr.,Pueblo West,Co,81007.0,Pueblo County,38.326903,-104.806432
2013,4315,,Pet Project,489 S. Ferncliff Dr.,Pueblo West,Co,81007.0,Pueblo County,38.326903,-104.806432
2014,4315,,Pet Project,489 S Ferncliff Dr,Pueblo West ,Co,81007,Pueblo County,38.326903,-104.806432
2015,4315,,Pet Project,489 S Ferncliff Dr,Pueblo West ,Co,81007,Pueblo County,38.326903,-104.806432
2016,4315,,Pet Project,489 S Ferncliff Dr,Pueblo West,Co,81007,Pueblo County,38.322234,-104.739288
2017,4315,,Pet Project,489 S Ferncliff Dr,Pueblo West,Co,81007,Pueblo County,38.341733,-104.749697
2018,4315,,Pet Project,489 S Ferncliff Dr,Pueblo West,Co,81007,Pueblo County,38.341733,-104.749697
2020,4315,,Pet Project,489 S Ferncliff Dr,Pueblo West,Co,81007,Pueblo County,38.341733,-104.749697
2023,,,Pet World,,,,,,,
2022,,Pet Animal Small Shelter,Pet World Inc.,,Lakewood,Co,,Jefferson,,
Licensing,,Pet Animal Small Shelter,Pet World Inc.,,Lakewood,Co,,Jefferson,,
2019,,,Pet project,,,,,,,
2020,,,PetSmart Aurora Animal Shelter,,,,,,,
2021,,,PetSmart Aurora Animal Shelter,,,,,,,
2018,,,PetSmart-Aurora Animal Shelter,,,,,Jefferson County,,
2019,,,PetSmart-Aurora Animal Shelter,,,,,Jefferson County,,
2017,,,Pets First Animal Hospital,,Colorado Springs,,80922,El Paso County,38.891441,-104.701368
2018,,,Pets First Animal Hospital,,Colorado Springs,,80922,El Paso County,38.891441,-104.701368
2019,,,Pets First Animal Hospital,,Colorado Springs,,80922,El Paso County,38.891441,-104.701368
2007,5412.0,,Pets Plus / Project R.E.X.,400 E. Eisenhower Blvd.,Loveland,Co,80537.0,,,
2023,,Pet Animal Small Shelter,Pets Plus LLC,,Denver,Co,,Arapahoe,,
Licensing,,Pet Animal Small Shelter,Pets Plus LLC,,Denver,Co,,Arapahoe,,
2022,,,Pets R People Too,,,,,,,
2023,,,Pets R People Too,,,,,,,
2021,,,Pets r people too,,,,,,,
2008,4191,,"Piak View Animal Hospital, Inc.",1050 Cr Jj,Fowler,Co,81039.0,,,
2009,4191,,"Piak View Animal Hospital, Inc.",1050 Cr Jj,Fowler,Co,81039.0,,,
2020,,,Pikes Peak Parrot Rescue,,,,,,,
2021,,,Pikes Peak Parrot Rescue,,,,,,,
2020,,,Placing Paws,,,,,,,
2018,,,Planned Pethood,,,,,Jefferson County,,
2021,,,Planned Pethood,,,,,Jefferson County,,
2019,,,Planned Pethood International,,,,,,,
2020,,,Planned Pethood International,,,,,,,
2017,,,"Planned Pethood Plus, Inc",,Wheat Ridge,,80033,Jefferson County,39.77425,-105.100584
2014,,,Plateville Police Dept,400 Grand Ave,Platteville ,,80651,Weld County,40.217287,-104.823677
2023,,,Platte Valley Veterinary,,,,,,,
Licensing,,Pet Animal Small Shelter,"Platte Valley Veterinary,LLC",,Severance,Co,,Weld,,
2015,,,Platteville Police Department,400 Grand Avenue,,,80651,Weld County,,
2018,,,Platteville Police Department,400 Grand Avenue,,,80651,Weld County,,
2019,,,Platteville Police Department,400 Grand Avenue,,,80651,Weld County,,
2020,,,Platteville Police Department,400 Grand Avenue,,,80651,Weld County,,
2022,,,Platteville Police Department,400 Grand Avenue,,,80651,Weld County,,
2011,6659,,"Plummer, Sharon",240 Hunt St,Salida,Co,81201.0,,,
2012,6659.0,,"Plummer, Sharon",240 Hunt St,Salida,Co,81201.0,,,
2013,6659,,"Plummer, Sharon",240 Hunt St,Salida,Co,81201.0,,,
2019,,,Pointerrescue,,,,,,,
2020,,,Pointerrescue,,,,,,,
2021,,,Pointerrescue,,,,,,,
2022,,,Pointerrescue,,,,,,,
2023,,,Pointerrescue,,,,,,,
2017,,Pet Animal Small Rescue,Pointerrescue Org,,Ault,Co,80610,Weld County,40.657041,-104.602026
2018,,Pet Animal Small Rescue,Pointerrescue Org,,Ault,Co,80610,Weld County,40.657041,-104.602026
Licensing,,Pet Animal Small Rescue,Pointerrescue Org,,Ault,Co,80610,Weld,40.657041,-104.602026
2020,,,Polar Opposite Kennels llc,,,,,,,
2019,,Pet Animal Small Rescue,Polaris Alaskan Malamute Rescue,,Golden,Co,,Jefferson,,
2022,,Pet Animal Small Rescue,Polaris Alaskan Malamute Rescue,,Golden,Co,,Jefferson,,
Licensing,,Pet Animal Small Rescue,Polaris Alaskan Malamute Rescue,,Golden,Co,,Jefferson,,
2007,3162.0,,Polaris Siberian Husky Rescue,2912 Terry Lake Rd.,Fort Collins,Co,80524.0,,,
2008,3162,,Polaris Siberian Husky Rescue,2912 Terry Lake Rd.,Fort Collins,Co,80524.0,,,
2009,3162,,Polaris Siberian Husky Rescue,2912 Terry Lake Rd.,Fort Collins,Co,80524.0,,,
2010,3162,,Polaris Siberian Husky Rescue,305 E Dumpit View Dr #13,Fort Collins,Co,80524.0,,,
2007,2560.0,,"Poodle Rescue Of The Rockies, Inc.",13221 W. Dakota Ave,Lakewood,Co,80228.0,,,
2008,2560,,"Poodle Rescue Of The Rockies, Inc.",13221 W. Dakota Ave,Lakewood,Co,80228.0,,,
2009,2560,,"Poodle Rescue Of The Rockies, Inc.",13221 W. Dakota Ave,Lakewood,Co,80228.0,,,
2010,2560,,"Poodle Rescue Of The Rockies, Inc.",13221 W. Dakota Ave,Lakewood,Co,80228.0,,,
2011,2560,,"Poodle Rescue Of The Rockies, Inc.",13221 W. Dakota Ave,Lakewood,Co,80228.0,,,
2012,2560.0,,"Poodle Rescue Of The Rockies, Inc.",13221 W. Dakota Ave,Lakewood,Co,80228.0,,,
2013,2560,,"Poodle Rescue Of The Rockies, Inc.",13221 W. Dakota Ave,Lakewood,Co,80228.0,,,
2014,,,"Poodle Rescue of the Rockies, Inc",13221 W Dakota Ave,Lakewood ,,80228,Jefferson County,39.709598,-105.148136
2008,6000,,Poudre Puppy Rescue,4546 Graham Ct.,Loveland,Co,80538.0,,,
2009,6000,,Poudre Puppy Rescue,4546 Graham Ct.,Loveland,Co,80538.0,,,
2010,6000,,Poudre Puppy Rescue,4546 Graham Ct.,Loveland,Co,80538.0,,,
2011,6000,,Poudre Puppy Rescue,4546 Graham Ct.,Loveland,Co,80538.0,,,
2012,6000.0,,Poudre Puppy Rescue,4546 Graham Ct.,Loveland,Co,80538.0,,,
2023,,Pet Animal Small Rescue,Pound Pitties Dog Rescue,,Littleton,Co,,Douglas,,
Licensing,,Pet Animal Small Rescue,Pound Pitties Dog Rescue,,Littleton,Co,,Douglas,,
2022,,,Pound Pitties dog rescue,,,,,,,
2016,,,Prickly Paws Hedgehogs ,,Rush,,80833,Lincoln County,41.786087,-76.070983
2007,5471.0,,Prison Trained K-9 Companion Prog. - Arrowhead,P.O. Box 300,Canon City,Co,81215.0,,,
2008,5471,,Prison Trained K-9 Companion Prog. - Arrowhead,P.O. Box 300,Canon City,Co,81215.0,,,
2009,5471,,Prison Trained K-9 Companion Prog. - Arrowhead,P.O. Box 300,Canon City,Co,81215.0,,,
2010,5471,,Prison Trained K-9 Companion Prog. - Arrowhead,P.O. Box 300,Canon City,Co,81215.0,,,
2011,5472,,Prison Trained K-9 Companion Prog. - Arrowhead,P.O. Box 300,Canon City,Co,81215.0,,,
2012,5471.0,,Prison Trained K-9 Companion Prog. - Arrowhead,P.O. Box 1600,Canon City,Co,81215.0,,,
2013,5471,,Prison Trained K-9 Companion Prog. - Arrowhead,P.O. Box 1600,Canon City,Co,81215.0,,,
2007,4289.0,,Prison Trained K-9 Companion Prog. - Canon,3800 Grandview,Canon City,Co,81212.0,,,
2014,,,Prison Trained K-9 Companion Program,PO Box 1600 ,Canon City ,,81215,Fremont County,,
2020,,,Prison Trained K-9 Companion Program,PO Box 1600 ,Canon City ,,81215,Fremont County,,
2021,,,Prison Trained K-9 Companion Program,PO Box 1600 ,Canon City ,,81215,Fremont County,,
2022,,,Prison Trained K-9 Companion Program,PO Box 1600 ,Canon City ,,81215,Fremont County,,
2023,,,Prison Trained K-9 Companion Program,PO Box 1600 ,Canon City ,,81215,Fremont County,,
2019,,,Prison Trained K9 Companion Program - Denver,,,,,,,
Licensing,,Pet Animal Small Shelter,Prison Trained K9 Companion Program Arrowhead,,Canon City,Co,,Fremont,,
2007,4180.0,,Pueblo Animal Services,1595 Stockyard Rd.,Pueblo,Co,81001.0,Pueblo County,38.319524,-104.621694
2007,5727.0,,Pueblo Animal Services,4600 Eagleridge Pl.,Pueblo,Co,81006.0,Pueblo County,38.319524,-104.621694
2008,5727,,Pueblo Animal Services,4600 Eagleridge Pl.,Pueblo,Co,81006.0,Pueblo County,38.319524,-104.621694
2009,5727,,Pueblo Animal Services,4600 Eagleridge Pl.,Pueblo,Co,81006.0,Pueblo County,38.319524,-104.621694
2010,5727,,Pueblo Animal Services,4600 Eagleridge Pl.,Pueblo,Co,81008.0,Pueblo County,38.319524,-104.621694
2011,5727,,Pueblo Animal Services,4600 Eagleridge Pl.,Pueblo,Co,81006.0,Pueblo County,38.319524,-104.621694
2012,5727.0,,Pueblo Animal Services,4600 Eagleridge Pl.,Pueblo,Co,81006.0,Pueblo County,38.319524,-104.621694
2013,5727,,Pueblo Animal Services,4600 Eagleridge Pl.,Pueblo,Co,81006.0,Pueblo County,38.319524,-104.621694
2014,5727,,Pueblo Animal Services,4600 Eagleridge Pl,Pueblo ,Co,81008,Pueblo County,38.319524,-104.621694
2015,5727,,Pueblo Animal Services,4600 Eagleridge Place,Pueblo ,Co,81008,Pueblo County,38.319524,-104.621694
2016,5727,,Pueblo Animal Services,4600 Eagleridge Place,Pueblo,Co,Co,Pueblo County,38.265425,-104.610415
2017,5727,,Pueblo Animal Services,4600 Eagleridge Place,Pueblo,Co,81008,Pueblo County,38.367097,-104.617325
2018,5727,,Pueblo Animal Services,4600 Eagleridge Place,Pueblo,Co,81008,Pueblo County,38.367097,-104.617325
2007,4577.0,,Pueblo Collie/Sheltie Rescue,234 S. Hacienda Del Sol Dr.,Pueblo,Co,81007.0,,,
2008,4577,,Pueblo Collie/Sheltie Rescue,234 S. Hacienda Del Sol Dr.,Pueblo,Co,81007.0,,,
2009,4577,,Pueblo Collie/Sheltie Rescue,234 S. Hacienda Del Sol Dr.,Pueblo,Co,81007.0,,,
2010,4577,,Pueblo Collie/Sheltie Rescue,234 S. Hacienda Del Sol Dr.,Pueblo,Co,81007.0,,,
2011,4577,,Pueblo Collie/Sheltie Rescue,234 S. Hacienda Del Sol Dr.,Pueblo,Co,81007.0,,,
2012,4577.0,,Pueblo Collie/Sheltie Rescue,234 S. Hacienda Del Sol Dr.,Pueblo,Co,81007.0,,,
2013,4577,,Pueblo Collie/Sheltie Rescue,234 S. Hacienda Del Sol Dr.,Pueblo,Co,81007.0,,,
Licensing,,Pet Animal Small Rescue,"Pugs and Hugs Rescue, Inc",,Westminster,Co,,Jefferson,,
2008,6051,,Pup Savers North,9048 W. 101st Ave.,Westminster,Co,80021.0,,,
2009,6051,,Pup Savers North,9048 W. 101st Ave.,Westminster,Co,80021.0,,,
2011,6051,,Pup Savers North,9048 W. 101st Ave.,Westminster,Co,80021.0,,,
2018,,,Puppies N Stuff llc,,,,,Adams County,,
2017,,,Puppies n Stuff,,Westminster,,80234,Adams County,39.91066,-105.006741
2019,,,Puppy Kisses Ranch,,,,,,,
2008,6037,,Pupsavers,16541 Elbert Ct,Broomfield,Co,80023.0,,,
2009,6037,,Pupsavers,16541 Elbert Ct,Broomfield,Co,80023.0,,,
2010,6369,,Pure Hearts Animal Rescue,1935 Whitelbis Ct.,Loveland,Co,80537.0,Larimer County,40.425587,-105.021934
2011,6369,,Pure Hearts Animal Rescue,1935 White Ibis Ct.,Loveland,Co,80537.0,Larimer County,40.425587,-105.021934
2012,6369.0,,Pure Hearts Animal Rescue,1935 White Ibis Ct.,Loveland,Co,80537.0,Larimer County,40.425587,-105.021934
2013,6369,,Pure Hearts Animal Rescue,1935 White Ibis Ct.,Loveland,Co,80537.0,Larimer County,40.425587,-105.021934
2014,6369,,Pure Hearts Animal Rescue,3344  Valley Oak Dr,Longmont ,Co,80538,Larimer County,40.425587,-105.021934
2020,,,Purrendipity,,,,,,,
2021,,,Purrendipity,,,,,,,
2022,,,Purrendipity,,,,,,,
2023,,,Purrendipity,,,,,,,
2019,,,Purrendipity ,,,,,,,
2022,,,Purrfect Pause Cat Cafe,,,,,,,
Licensing,,Pet Animal Small Shelter,Purrfect Pause LLC,,Boulder,Co,,Boulder,,
2011,6362,,QP Wildcats,46 Broadway Ave.,Denver,Co,80203.0,,,
2012,6362.0,,QP Wildcats,46 Broadway Ave.,Denver,Co,80203.0,,,
2013,6362,,QP Wildcats,46 Broadway Ave.,Denver,Co,80203.0,,,
2015,,,RUFF Rescue,1424 Dayton Street,Aurora,,80010,Arapahoe County,41.75527,-88.309507
2016,,,RUFF Rescue,1424 Dayton Street,Aurora,,80010,Arapahoe County,41.75527,-88.309507
Licensing,,Pet Animal Small Rescue,Rachel?s Forgotten Felines Rescue,,Cortez,Co,,Montezuma,,
2016,,,Rangely Animal Shelter,,Rangely,,81648,Rio Blanco County,40.087511,-108.803932
2007,2499.0,,Recycled Critter Rescue,11822 Gilpin St,Northglenn,Co,80233.0,,,
2008,2499,,Recycled Critter Rescue,11822 Gilpin St,Northglenn,Co,80233.0,,,
2009,2499,,Recycled Critter Rescue,11822 Gilpin St,Northglenn,Co,80233.0,,,
2010,2499,,Recycled Critter Rescue,11822 Gilpin St,Northglenn,Co,80233.0,,,
2011,2499,,Recycled Critter Rescue,11822 Gilpin St,Northglenn,Co,80233.0,,,
2012,2499.0,,Recycled Critter Rescue,11822 Gilpin St,Northglenn,Co,80233.0,,,
2007,3526.0,,"Recycled Racers, Inc.",8720 Verbena,Commerce City,Co,80022.0,,,
2008,3526,,"Recycled Racers, Inc.",8720 Verbena,Commerce City,Co,80022.0,,,
2009,3526,,"Recycled Racers, Inc.",8720 Verbena,Commerce City,Co,80022.0,,,
2010,3526,,"Recycled Racers, Inc.",6200 Dahlia St,Commerce City,Co,80022.0,,,
2012,6905.0,,"Recycled Racers, Inc./ Closed at the end of 2011",3126 S Idalia St,Aurora,Co,80013.0,,,
2013,6905,,"Recycled Racers, Inc./ Closed at the end of 2011",3126 S Idalia St,Aurora,Co,80013.0,,,
2020,,Pet Animal Large Rescue,Red Fern Animal Rescue,,Denver,Co,,Denver,,
2021,,Pet Animal Large Rescue,Red Fern Animal Rescue,,Denver,Co,,Denver,,
2022,,Pet Animal Large Rescue,Red Fern Animal Rescue,,Denver,Co,,Denver,,
2023,,Pet Animal Large Rescue,Red Fern Animal Rescue,,Denver,Co,,Denver,,
Licensing,,Pet Animal Large Rescue,Red Fern Animal Rescue,,Denver,Co,,Denver,,
2007,3166.0,,Red Hill Animal Health Center,955 Cowen Drive,Carbondale,Co,81623.0,Garfield County,,
2008,3166,,Red Hill Animal Health Center,955 Cowen Drive,Carbondale,Co,81623.0,Garfield County,,
2009,3166,,Red Hill Animal Health Center,955 Cowen Drive,Carbondale,Co,81623.0,Garfield County,,
2010,3166,,Red Hill Animal Health Center,955 Cowen Drive,Carbondale,Co,81623.0,Garfield County,,
2011,3166,,Red Hill Animal Health Center,955 Cowen Drive,Carbondale,Co,81623.0,Garfield County,,
2012,3166.0,,Red Hill Animal Health Center,955 Cowen Drive,Carbondale,Co,81623.0,Garfield County,,
2013,3166,,Red Hill Animal Health Center,955 Cowen Drive,Carbondale,Co,81623.0,Garfield County,,
2015,3166,,Red Hill Animal Health Center,955 Cowen Drive,Carbondale,Co,81623,Garfield County,,
2018,3166,,Red Hill Animal Health Center,955 Cowen Drive,Carbondale,Co,81623,Garfield County,,
2019,3166,,Red Hill Animal Health Center,955 Cowen Drive,Carbondale,Co,81623,Garfield County,,
2020,3166,,Red Hill Animal Health Center,955 Cowen Drive,Carbondale,Co,81623,Garfield County,,
2021,3166,,Red Hill Animal Health Center,955 Cowen Drive,Carbondale,Co,81623,Garfield County,,
2022,3166,,Red Hill Animal Health Center,955 Cowen Drive,Carbondale,Co,81623,Garfield County,,
2017,,,Red Hill Animal Health Center ,,Carbondale,,81623,Garfield County,39.287018,-107.174534
2016,,,Red Hill animal Health Center,,Carbondale,,81623,Garfield County,37.725277,-89.21672
2007,5700.0,,Red River County Humane Society,11183A S. Parker Rd.,Parker,Co,80134.0,Arapahoe County,,
2008,5700,,Red River County Humane Society,11183A S. Parker Rd.,Parker,Co,80134.0,Arapahoe County,,
2009,5700,,Red River County Humane Society,11183A S. Parker Rd.,Parker,Co,80134.0,Arapahoe County,,
2010,5700,,Red River County Humane Society,11183a S. Parker Rd.,Parker,Co,80134.0,Arapahoe County,,
2011,5700,,Red River County Humane Society,11183A S. Parker Rd.,Parker,Co,80134.0,Arapahoe County,,
2012,5700.0,,Red River County Humane Society,11183A S. Parker Rd.,Parker,Co,80134.0,Arapahoe County,,
2013,5700,,Red River County Humane Society,11183A S. Parker Rd.,Parker,Co,80134.0,Arapahoe County,,
2014,5700,,Red River County Humane Society,Petsmart #1421 @ 7350 S Gartrell Road,Aurora ,Co,80016,Arapahoe County,,
2008,6127,,"Redfern, Nelda",2530 Cottonwood Dr.,Denver,Co,80221.0,,,
Licensing,,Pet Animal Small Shelter,Reptile & Amphibian Center of the Rockies,,Fort Collins,Co,,Larimer,,
2019,,,Rescued Pets Movement Inc.,,,,,,,
2011,6787,,Rescued for Life,16604 E. Kent Dr.,Aurora,Co,80013.0,,,
2012,6787.0,,Rescued for Life,16604 E. Kent Dr.,Aurora,Co,80013.0,,,
2013,6787,,Rescued for Life,16604 E. Kent Dr.,Aurora,Co,80013.0,,,
2023,6787,,Rescued for Life,16604 E. Kent Dr.,Aurora,Co,80013.0,,,
2014,,,"Rescued for Life, Inc",16604 E Kent Dr,Aurora ,,80013,Arapahoe County,39.647549,-104.795121
Licensing,,Pet Animal Small Rescue,"Rescued for Life, Inc.",,Aurora,Co,,Arapahoe,,
2015,,,Rescuing Unwanted Furry Friends Sanctuary,626 Livvy Ct,Grand Junction,,81520,Mesa County,39.067379,-108.570816
2016,,,Rescuing Unwanted Furry Friends Sanctuary,626 Livvy Ct,Grand Junction,,81504,Mesa County,39.067379,-108.570816
2010,5566,,"Retriever Rescue Of Colorado, Inc.",Po Box 221495,Denver,Co,80222.0,,,
2014,,Pet Animal Large Rescue,Retriever Rescue of Colorado,30616 Bryant Dr.,Evergreen ,Co,80439,Jefferson County,39.650673,-105.347491
2018,,Pet Animal Large Rescue,Retriever Rescue of Colorado,30616 Bryant Dr.,Evergreen ,Co,80439,Arapahoe County,39.650673,-105.347491
2019,,Pet Animal Large Rescue,Retriever Rescue of Colorado,30616 Bryant Dr.,Evergreen ,Co,80439,Arapahoe County,39.650673,-105.347491
2020,,Pet Animal Large Rescue,Retriever Rescue of Colorado,30616 Bryant Dr.,Evergreen ,Co,80439,Arapahoe County,39.650673,-105.347491
2021,,Pet Animal Large Rescue,Retriever Rescue of Colorado,30616 Bryant Dr.,Evergreen ,Co,80439,Arapahoe County,39.650673,-105.347491
2022,,Pet Animal Large Rescue,Retriever Rescue of Colorado,30616 Bryant Dr.,Evergreen ,Co,80439,Arapahoe County,39.650673,-105.347491
2023,,Pet Animal Large Rescue,Retriever Rescue of Colorado,30616 Bryant Dr.,Evergreen ,Co,80439,Arapahoe County,39.650673,-105.347491
Licensing,,Pet Animal Large Rescue,Retriever Rescue of Colorado,30616 Bryant Dr.,Evergreen,Co,80439,Jefferson,39.650673,-105.347491
2007,5566.0,,"Retriever Rescue of Colorado, Inc.",P.O. Box 221495,Denver,Co,80222.0,Jefferson County,39.633517,-105.328888
2008,5566,,"Retriever Rescue of Colorado, Inc.",P.O. Box 221495,Denver,Co,80222.0,Jefferson County,39.633517,-105.328888
2009,5566,,"Retriever Rescue of Colorado, Inc.",P.O. Box 221495,Denver,Co,80222.0,Jefferson County,39.633517,-105.328888
2011,5566,,"Retriever Rescue of Colorado, Inc.",P.O. Box 221495,Denver,Co,80222.0,Jefferson County,39.633517,-105.328888
2012,5566.0,,"Retriever Rescue of Colorado, Inc.",P.O. Box 221495,Denver,Co,80222.0,Jefferson County,39.633517,-105.328888
2013,5566,,"Retriever Rescue of Colorado, Inc.",P.O. Box 416,Evergreen,Co,80437.0,Jefferson County,39.633517,-105.328888
2015,5566,,"Retriever Rescue of Colorado, Inc.",30616 Bryant Dr.,Evergreen,Co,80439,Jefferson County,39.633517,-105.328888
2016,5566,,"Retriever Rescue of Colorado, Inc.",30616 Bryant Dr.,Evergreen,Co,80439,Jefferson County,39.633517,-105.328888
2017,5566,,"Retriever Rescue of Colorado, Inc.",30616 Bryant Dr.,Aurora,Co,80015,Arapahoe County,39.622871,-104.772908
2014,,,Rez Dawg Rescue,14138 Burgess Lane,Paonia ,,81428,Delta County,38.859229,-107.618002
2015,,,RezDawg Rescue,14138 Burgess Lane,Littleton,,81428,Delta County,39.612653,-105.016198
2016,,,RezDawg Rescue,14138 Burgess Lane,Littleton,,80135,Arapahoe County,39.612653,-105.016198
2017,,,RezDawg Rescue,14138 Burgess Lane,Littleton,,80120,Arapahoe County,39.596439,-105.007179
2020,,,RezDawg Rescue,14138 Burgess Lane,Littleton,,80120,Arapahoe County,39.596439,-105.007179
2021,,,RezDawg Rescue,14138 Burgess Lane,Littleton,,80120,Arapahoe County,39.596439,-105.007179
2022,,,RezDawg Rescue,14138 Burgess Lane,Littleton,,80120,Arapahoe County,39.596439,-105.007179
2023,,,RezDawg Rescue,14138 Burgess Lane,Littleton,,80120,Arapahoe County,39.596439,-105.007179
Licensing,,Pet Animal Large Rescue,RezDawg Rescue Inc,,Centennial,Co,,Arapahoe,,
2018,,,Rezdawg Rescue,,,,,Boulder County,,
2019,,,Rezdawg Rescue,,,,,Boulder County,,
2014,,,Rifle Animal Shelter,0569 County Rd 265,Rifle ,,81650,Garfield County,39.537826,-107.794895
2015,,,Rifle Animal Shelter,0569 Cord 265,Rifle ,,81650,Garfield County,39.537826,-107.794895
2021,,,Rifle Animal Shelter,0569 Cord 265,Rifle ,,81650,Garfield County,39.537826,-107.794895
2020,,,Riverdale Animal Shelter,,,,,,,
2021,,,Riverdale Animal Shelter,,,,,,,
2022,,,Riverdale Animal Shelter,,,,,,,
2023,,,Riverdale Animal Shelter,,,,,,,
2018,,,Rmyr,,,,,Douglas County,,
2020,,,Rmyr,,,,,Douglas County,,
2010,6474,,Rockie Mountain Yorkie Rescue,10285 Tracery Court,Parker,Co,80134.0,,,
2016,,,Rocky Ford Animal Shelter,,Rocky Ford,,81067,Otero County,38.047784,-103.718116
2020,,,Rocky Ford Animal Shelter,,Rocky Ford,,81067,Otero County,38.047784,-103.718116
2021,,,Rocky Ford Animal Shelter,,Rocky Ford,,81067,Otero County,38.047784,-103.718116
2019,,,Rocky Ford Police Department,,,,,,,
2020,,,Rocky MTN German Shorthaired Pointer Rescue,,,,,,,
2007,2374.0,,Rocky Mountain Alley Cat Alliance,2600 W. 2nd Ave.,Denver,Co,80219.0,,,
2008,2374,,Rocky Mountain Alley Cat Alliance,2600 W. 2nd Ave.,Denver,Co,80219.0,,,
2009,2374,,Rocky Mountain Alley Cat Alliance,2600 W. 2nd Ave.,Denver,Co,80219.0,,,
Licensing,,Pet Animal Small Rescue,Rocky Mountain Battle Buddies,,Fountain,Co,,El Paso,,
2015,,Pet Animal Large Rescue,Rocky Mountain Cocker Rescue,6680 S Abilene Way,Pueblo,Co,80111,Arapahoe County,,
2020,,Pet Animal Large Rescue,Rocky Mountain Cocker Rescue,6680 S Abilene Way,Pueblo,Co,80111,Arapahoe County,,
2021,,Pet Animal Large Rescue,Rocky Mountain Cocker Rescue,6680 S Abilene Way,Pueblo,Co,80111,Arapahoe County,,
Licensing,,Pet Animal Large Rescue,Rocky Mountain Cocker Rescue,6680 S Abilene Way,Pueblo,Co,80111,Pueblo,,
2014,,,Rocky Mountain Cocker Rescue Inc,6680 S Abilene Way,Centennial ,,80111,Arapahoe County,39.596054,-104.828554
2017,,,"Rocky Mountain Cocker Rescue, Inc",,Colorado Springs,,80922,El Paso County,38.891441,-104.701368
2009,6198,,"Rocky Mountain Cocker Rescue, Inc.",6680 S. Abilene Way,Centennial,Co,80111.0,El Paso County,,
2010,6198,,"Rocky Mountain Cocker Rescue, Inc.",6680 S. Abilene Way,Centennial,Co,80111.0,El Paso County,,
2011,6198,,"Rocky Mountain Cocker Rescue, Inc.",6680 S. Abilene Way,Centennial,Co,80111.0,El Paso County,,
2012,6198.0,,"Rocky Mountain Cocker Rescue, Inc.",6680 S. Abilene Way,Centennial,Co,80111.0,El Paso County,,
2013,6198,,"Rocky Mountain Cocker Rescue, Inc.",6680 S. Abilene Way,Centennial,Co,80111.0,El Paso County,,
2018,6198,,"Rocky Mountain Cocker Rescue, Inc.",6680 S. Abilene Way,Centennial,Co,80111.0,El Paso County,,
2022,6198,,"Rocky Mountain Cocker Rescue, Inc.",6680 S. Abilene Way,Centennial,Co,80111.0,El Paso County,,
2023,6198,,"Rocky Mountain Cocker Rescue, Inc.",6680 S. Abilene Way,Centennial,Co,80111.0,El Paso County,,
2019,,,"Rocky Mountain Cocker Rescue, Inc.  (RMCR)",,,,,,,
2014,,,"Rocky Mountain Collie & Sheltie Rescue, Inc",234 S Hacienda Del Sol Dr,Pueblo West ,,81007,Pueblo County,38.332791,-104.779968
2015,,,Rocky Mountain Collie and Sheltie Rescue Inc.,234 S. Hacienda Del Sol Dr.,Pueblo West,,81007,Pueblo County,38.322234,-104.739288
2016,,,Rocky Mountain Collie and Sheltie Rescue Inc.,234 S. Hacienda Del Sol Dr.,Pueblo West,,81007,Pueblo County,38.322234,-104.739288
2023,,,"Rocky Mountain Collie and Sheltie Rescue, INC.",,,,,,,
2020,,,"Rocky Mountain Collie and Sheltie Rescue, Inc",,,,,,,
2018,,Pet Animal Small Rescue,"Rocky Mountain Collie and Sheltie Rescue, Inc.",,Pueblo West,Co,,Pueblo County,,
2021,,Pet Animal Small Rescue,"Rocky Mountain Collie and Sheltie Rescue, Inc.",,Pueblo West,Co,,Pueblo County,,
2022,,Pet Animal Small Rescue,"Rocky Mountain Collie and Sheltie Rescue, Inc.",,Pueblo West,Co,,Pueblo County,,
Licensing,,Pet Animal Small Rescue,"Rocky Mountain Collie and Sheltie Rescue, Inc.",,Pueblo West,Co,,Pueblo,,
Licensing,,Pet Animal Small Rescue,Rocky Mountain Dachshund Rescue,,Denver,Co,,Denver,,
2016,,,Rocky Mountain Feline Recue,,Denver,,80223,Denver County,39.738453,-104.984853
2014,,,Rocky Mountain Feline Rescue,2390 S Delaware,Denver ,,80223,Denver County,39.673217,-104.992252
2015,,,Rocky Mountain Feline Rescue,2390 S Delaware St,Denver ,,80223,Denver County,39.673217,-104.992252
2018,,,Rocky Mountain Feline Rescue,2390 S Delaware St,Denver ,,80223,Denver County,39.673217,-104.992252
2019,,,Rocky Mountain Feline Rescue,2390 S Delaware St,Denver ,,80223,Denver County,39.673217,-104.992252
2020,,,Rocky Mountain Feline Rescue,2390 S Delaware St,Denver ,,80223,Denver County,39.673217,-104.992252
2021,,,Rocky Mountain Feline Rescue,2390 S Delaware St,Denver ,,80223,Denver County,39.673217,-104.992252
2022,,,Rocky Mountain Feline Rescue,2390 S Delaware St,Denver ,,80223,Denver County,39.673217,-104.992252
2023,,,Rocky Mountain Feline Rescue,2390 S Delaware St,Denver ,,80223,Denver County,39.673217,-104.992252
2017,,Pet Animal Small Shelter,"Rocky Mountain Feline Rescue, Inc.",,Denver,Co,80113,Denver County,39.644251,-104.966455
Licensing,,Pet Animal Small Shelter,"Rocky Mountain Feline Rescue, Inc.",,Denver,Co,80113,Denver,39.644251,-104.966455
2018,,Pet Animal Small Rescue,Rocky Mountain French Bulldog Rescue,,Boulder,Co,,Boulder County,,
2019,,Pet Animal Small Rescue,Rocky Mountain French Bulldog Rescue,,Boulder,Co,,Boulder County,,
2020,,Pet Animal Small Rescue,Rocky Mountain French Bulldog Rescue,,Boulder,Co,,Boulder County,,
2021,,Pet Animal Small Rescue,Rocky Mountain French Bulldog Rescue,,Boulder,Co,,Boulder County,,
2022,,Pet Animal Small Rescue,Rocky Mountain French Bulldog Rescue,,Boulder,Co,,Boulder County,,
2023,,Pet Animal Small Rescue,Rocky Mountain French Bulldog Rescue,,Boulder,Co,,Boulder County,,
Licensing,,Pet Animal Small Rescue,Rocky Mountain French Bulldog Rescue,,Boulder,Co,,Boulder,,
2020,,Pet Animal Small Rescue,Rocky Mountain Great Dane Rescue,,Lakewood,Co,,Jefferson,,
2021,,Pet Animal Small Rescue,Rocky Mountain Great Dane Rescue,,Lakewood,Co,,Jefferson,,
2022,,Pet Animal Small Rescue,Rocky Mountain Great Dane Rescue,,Lakewood,Co,,Jefferson,,
Licensing,,Pet Animal Small Rescue,Rocky Mountain Great Dane Rescue,,Lakewood,Co,,Jefferson,,
2014,,,"Rocky Mountain Great Dane Rescue, Inc",PO Box 280368,Lakewood ,,80228,Jefferson County,39.710997,-105.088872
2016,,,"Rocky Mountain Great Dane Rescue, Inc",PO Box 280368,Lakewood,,80228,Jefferson County,39.710997,-105.088872
2017,,,"Rocky Mountain Great Dane Rescue, Inc",PO Box 280368,Lakewood,,80228,Jefferson County,39.690219,-105.14615
2023,,,"Rocky Mountain Great Dane Rescue, Inc",PO Box 280368,Lakewood,,80228,Jefferson County,39.690219,-105.14615
2007,4129.0,,"Rocky Mountain Great Dane Rescue, Inc.",17756 E. Ida Ave.,Centennial,Co,80015.0,Jefferson County,,
2008,4129,,"Rocky Mountain Great Dane Rescue, Inc.",17756 E. Ida Ave.,Centennial,Co,80015.0,Jefferson County,,
2009,4129,,"Rocky Mountain Great Dane Rescue, Inc.",17756 E. Ida Ave.,Centennial,Co,80015.0,Jefferson County,,
2010,4129,,"Rocky Mountain Great Dane Rescue, Inc.",17756 E. Ida Ave.,Centennial,Co,80015.0,Jefferson County,,
2011,4129,,"Rocky Mountain Great Dane Rescue, Inc.",17756 E. Ida Ave.,Centennial,Co,80015.0,Jefferson County,,
2012,4129.0,,"Rocky Mountain Great Dane Rescue, Inc.",17756 E. Ida Ave.,Centennial,Co,80015.0,Jefferson County,,
2013,4129,,"Rocky Mountain Great Dane Rescue, Inc.",17756 E. Ida Ave.,Centennial,Co,80015.0,Jefferson County,,
2015,4129,,"Rocky Mountain Great Dane Rescue, Inc.",12277 W Tennessee Ave,Centennial,Co,80228,Jefferson County,,
2018,4129,,"Rocky Mountain Great Dane Rescue, Inc.",12277 W Tennessee Ave,Centennial,Co,80228,Jefferson County,,
2019,4129,,"Rocky Mountain Great Dane Rescue, Inc.",12277 W Tennessee Ave,Centennial,Co,80228,Jefferson County,,
2007,2026.0,,"Rocky Mountain Greyhound Adoption, Inc",25675 160Th Ave.,Brighton,Co,80601.0,,,
2008,2026,,"Rocky Mountain Greyhound Adoption, Inc",25675 160Th Ave.,Brighton,Co,80601.0,,,
2009,2026,,"Rocky Mountain Greyhound Adoption, Inc",25675 160Th Ave.,Brighton,Co,80601.0,,,
2011,2026,,"Rocky Mountain Greyhound Adoption, Inc",25675 160Th Ave.,Brighton,Co,80601.0,,,
2012,2026.0,,"Rocky Mountain Greyhound Adoption, Inc",25675 160Th Ave.,Brighton,Co,80601.0,,,
2013,2026,,"Rocky Mountain Greyhound Adoption, Inc",25675 160Th Ave.,Brighton,Co,80601.0,,,
2020,,Pet Animal Small Shelter,Rocky Mountain House Rabbit Rescue,,Erie,Co,,Weld,,
2021,,Pet Animal Small Shelter,Rocky Mountain House Rabbit Rescue,,Erie,Co,,Weld,,
2023,,Pet Animal Small Shelter,Rocky Mountain House Rabbit Rescue,,Erie,Co,,Weld,,
Licensing,,Pet Animal Small Shelter,Rocky Mountain House Rabbit Rescue,,Erie,Co,,Weld,,
2008,5905,Pet Animal Large Rescue,Rocky Mountain Lab Rescue,13288 Lost Lake Way,Broomfield,Co,80020.0,Jefferson County,39.640305,-105.083464
2009,5905,Pet Animal Large Rescue,Rocky Mountain Lab Rescue,13288 Lost Lake Way,Broomfield,Co,80020.0,Jefferson County,39.640305,-105.083464
2010,5905,Pet Animal Large Rescue,Rocky Mountain Lab Rescue,13288 Lost Lake Way,Broomfield,Co,80020.0,Jefferson County,39.640305,-105.083464
2011,5905,Pet Animal Large Rescue,Rocky Mountain Lab Rescue,13288 Lost Lake Way,Broomfield,Co,80020.0,Jefferson County,39.640305,-105.083464
2012,5905.0,Pet Animal Large Rescue,Rocky Mountain Lab Rescue,13288 Lost Lake Way,Broomfield,Co,80020.0,Jefferson County,39.640305,-105.083464
2013,5905,Pet Animal Large Rescue,Rocky Mountain Lab Rescue,13288 Lost Lake Way,Broomfield,Co,80020.0,Jefferson County,39.640305,-105.083464
2014,5905,Pet Animal Large Rescue,Rocky Mountain Lab Rescue,4230 S Yarrow Court,Lakewood ,Co,80235,Jefferson County,39.640305,-105.083464
2015,5905,Pet Animal Large Rescue,Rocky Mountain Lab Rescue,280 E. 1st Ave. #1623,Lakewood ,Co,80038,Broomfield County,39.640305,-105.083464
2016,5905,Pet Animal Large Rescue,Rocky Mountain Lab Rescue,280 E. 1st Ave. #1623,Broomfield,Co,80038,Broomfield County,39.923985,-105.081661
2017,5905,Pet Animal Large Rescue,Rocky Mountain Lab Rescue,280 E. 1st Ave. #1623,Broomfield,Co,80038,Broomfield County,39.923985,-105.081661
2018,5905,Pet Animal Large Rescue,Rocky Mountain Lab Rescue,280 E. 1st Ave. #1623,Broomfield,Co,80038,Broomfield County,39.923985,-105.081661
2019,5905,Pet Animal Large Rescue,Rocky Mountain Lab Rescue,280 E. 1st Ave. #1623,Broomfield,Co,80038,Broomfield County,39.923985,-105.081661
2020,5905,Pet Animal Large Rescue,Rocky Mountain Lab Rescue,280 E. 1st Ave. #1623,Broomfield,Co,80038,Broomfield County,39.923985,-105.081661
2021,5905,Pet Animal Large Rescue,Rocky Mountain Lab Rescue,280 E. 1st Ave. #1623,Broomfield,Co,80038,Broomfield County,39.923985,-105.081661
2022,5905,Pet Animal Large Rescue,Rocky Mountain Lab Rescue,280 E. 1st Ave. #1623,Broomfield,Co,80038,Broomfield County,39.923985,-105.081661
2023,5905,Pet Animal Large Rescue,Rocky Mountain Lab Rescue,280 E. 1st Ave. #1623,Broomfield,Co,80038,Broomfield County,39.923985,-105.081661
Licensing,5905,Pet Animal Large Rescue,Rocky Mountain Lab Rescue,280 E. 1st Ave. #1623,Parker,Co,80038,Douglas,39.923985,-105.081661
2023,,,Rocky Mountain Leos/ Michelle A Thompson,,,,,,,
Licensing,,Pet Animal Small Rescue,Rocky Mountain Old English Sheepdog Rescue,,Elizabeth,Co,,Elbert,,
2010,6503,Pet Animal Large Rescue,Rocky Mountain Puppy Rescue,12245 Sunflower Street,Broomfield,Co,80020.0,Weld County,40.029502,-104.765702
2011,6503,Pet Animal Large Rescue,Rocky Mountain Puppy Rescue,12245 Sunflower St.,Broomfield,Co,80020.0,Weld County,40.029502,-104.765702
2012,6503.0,Pet Animal Large Rescue,Rocky Mountain Puppy Rescue,12245 Sunflower St.,Broomfield,Co,80020.0,Weld County,40.029502,-104.765702
2013,6503,Pet Animal Large Rescue,Rocky Mountain Puppy Rescue,12245 Sunflower St.,Broomfield,Co,80020.0,Weld County,40.029502,-104.765702
2014,6503,Pet Animal Large Rescue,Rocky Mountain Puppy Rescue,15492 County Rd 6,Ft Lupton ,Co,80621,Weld County,40.029502,-104.765702
2015,6503,Pet Animal Large Rescue,Rocky Mountain Puppy Rescue,15492 County Road 6,Ft Lupton ,Co,80621,Weld County,40.029502,-104.765702
2016,6503,Pet Animal Large Rescue,Rocky Mountain Puppy Rescue,15492 County Road 6,Thornton,Co,80241,Adams County,39.868977,-104.984149
2018,6503,Pet Animal Large Rescue,Rocky Mountain Puppy Rescue,15492 County Road 6,Thornton,Co,80241,Adams County,39.868977,-104.984149
2019,6503,Pet Animal Large Rescue,Rocky Mountain Puppy Rescue,15492 County Road 6,Thornton,Co,80241,Adams County,39.868977,-104.984149
2020,6503,Pet Animal Large Rescue,Rocky Mountain Puppy Rescue,15492 County Road 6,Thornton,Co,80241,Adams County,39.868977,-104.984149
2021,6503,Pet Animal Large Rescue,Rocky Mountain Puppy Rescue,15492 County Road 6,Thornton,Co,80241,Adams County,39.868977,-104.984149
2022,6503,Pet Animal Large Rescue,Rocky Mountain Puppy Rescue,15492 County Road 6,Thornton,Co,80241,Adams County,39.868977,-104.984149
2023,6503,Pet Animal Large Rescue,Rocky Mountain Puppy Rescue,15492 County Road 6,Thornton,Co,80241,Adams County,39.868977,-104.984149
Licensing,6503,Pet Animal Large Rescue,Rocky Mountain Puppy Rescue,15492 County Road 6,Thornton,Co,80241,Adams,39.868977,-104.984149
2020,,,Rocky Mountain Scottie Rescue,,,,,,,
2021,,,Rocky Mountain Scottie Rescue,,,,,,,
2022,,,Rocky Mountain Scottie Rescue,,,,,,,
2023,,,Rocky Mountain Scottie Rescue,,,,,,,
2019,,,Rocky Mountain Scottie Rescue Inc,,,,,,,
Licensing,,Pet Animal Small Rescue,"Rocky Mountain Scottie Rescue, inc",,Aurora,Co,,Arapahoe,,
2007,5052.0,,Rocky Mountain Siamese Rescue,1837 24Th Avenue Court,Greeley,Co,80634.0,Weld County,40.410092,-104.718872
2008,5052,,Rocky Mountain Siamese Rescue,1837 24Th Avenue Court,Greeley,Co,80634.0,Weld County,40.410092,-104.718872
2009,5052,,Rocky Mountain Siamese Rescue,1837 24Th Avenue Court,Greeley,Co,80634.0,Weld County,40.410092,-104.718872
2010,5052,,Rocky Mountain Siamese Rescue,1837 24th Avenue Court,Greeley,Co,80634.0,Weld County,40.410092,-104.718872
2011,5052,,Rocky Mountain Siamese Rescue,1837 24Th Avenue Court,Greeley,Co,80634.0,Weld County,40.410092,-104.718872
2012,5052.0,,Rocky Mountain Siamese Rescue,1837 24Th Avenue Court,Greeley,Co,80634.0,Weld County,40.410092,-104.718872
2013,5052,,Rocky Mountain Siamese Rescue,1837 24Th Avenue Court,Greeley,Co,80634.0,Weld County,40.410092,-104.718872
2014,5052,,Rocky Mountain Siamese Rescue,1837 24th Ave Ct,Greeley ,Co,80634,Weld County,40.410092,-104.718872
2015,5052,,Rocky Mountain Siamese Rescue,1837 24th Avenue Court,Greeley ,Co,80634,Weld County,40.410092,-104.718872
2016,5052,,Rocky Mountain Siamese Rescue,1837 24th Avenue Court,Greeley,Co,80634,Weld County,40.422554,-104.694445
2017,5052,,Rocky Mountain Siamese Rescue,1837 24th Avenue Court,Greeley,Co,80634,Weld County,40.405755,-104.769112
2018,5052,,Rocky Mountain Siamese Rescue,1837 24th Avenue Court,Greeley,Co,80634,Weld County,40.405755,-104.769112
2007,2024.0,,Rocky Mountain Society Of Aviculture,4655 Humboldt St.,Denver,Co,80216.0,,,
2009,2024,,Rocky Mountain Society Of Aviculture,4655 Humboldt Street,Denver,Co,80216.0,,,
2008,6187,,Rocky Mountain Society of Aviculture,4755 Fox St.,Denver,Co,80216.0,Denver County,39.738453,-104.984853
2009,6187,,Rocky Mountain Society of Aviculture,4755 Fox St.,Denver,Co,80216.0,Denver County,39.738453,-104.984853
2016,6187,,Rocky Mountain Society of Aviculture,4755 Fox St.,Denver,Co,80216,Denver County,39.738453,-104.984853
2017,6187,,Rocky Mountain Society of Aviculture,4755 Fox St.,Denver,Co,80216,Denver County,39.784024,-104.95763
2018,6187,,Rocky Mountain Society of Aviculture,4755 Fox St.,Denver,Co,80216,Denver County,39.784024,-104.95763
2020,,,Rocky Mountain WildHeart,,,,,,,
2021,,,Rocky Mountain WildHeart,,,,,,,
2022,,,Rocky Mountain Wildheart,,,,,,,
2011,6474,Pet Animal Small Rescue,Rocky Mountain Yorkie Rescue,10285 Tracery Ct.,Parker,Co,80134.0,Douglas County,39.530047,-104.810596
2012,6474.0,Pet Animal Small Rescue,Rocky Mountain Yorkie Rescue,10285 Tracery Ct.,Parker,Co,80134.0,Douglas County,39.530047,-104.810596
2013,6474,Pet Animal Small Rescue,Rocky Mountain Yorkie Rescue,10285 Tracery Ct.,Parker,Co,80134.0,Douglas County,39.530047,-104.810596
2014,6474,Pet Animal Small Rescue,Rocky Mountain Yorkie Rescue,10285 Tracery Ct,Parker ,Co,80134,Douglas County,39.530047,-104.810596
2015,6474,Pet Animal Small Rescue,Rocky Mountain Yorkie Rescue,10285 Tracery Ct.,Parker ,Co,80134,Douglas County,39.530047,-104.810596
2016,6474,Pet Animal Small Rescue,Rocky Mountain Yorkie Rescue,10285 Tracery Ct.,Parker,Co,80134,Douglas County,39.518515,-104.762773
2017,6474,Pet Animal Small Rescue,Rocky Mountain Yorkie Rescue,10285 Tracery Ct.,Parker,Co,80134,Douglas County,39.497019,-104.777755
2019,6474,Pet Animal Small Rescue,Rocky Mountain Yorkie Rescue,10285 Tracery Ct.,Parker,Co,80134,Douglas County,39.497019,-104.777755
2021,6474,Pet Animal Small Rescue,Rocky Mountain Yorkie Rescue,10285 Tracery Ct.,Parker,Co,80134,Douglas County,39.497019,-104.777755
2022,6474,Pet Animal Small Rescue,Rocky Mountain Yorkie Rescue,10285 Tracery Ct.,Parker,Co,80134,Douglas County,39.497019,-104.777755
2023,6474,Pet Animal Small Rescue,Rocky Mountain Yorkie Rescue,10285 Tracery Ct.,Parker,Co,80134,Douglas County,39.497019,-104.777755
Licensing,6474,Pet Animal Small Rescue,Rocky Mountain Yorkie Rescue,10285 Tracery Ct.,Parker,Co,80134,Douglas,39.497019,-104.777755
2017,,,Rocky Mountian Collie and Sheltie Rescue Inc.,,Pueblo West,,81007,Pueblo County,38.341733,-104.749697
2019,,,"Rocky Mountian Collie and Sheltie Rescue, Inc.",,,,,,,
2022,,,Rocky Mountian House Rabbit Rescue,,,,,,,
2010,2026,,Rocky Moutain Grey Hound Adoption,25675 106Th Ave,Brighton,Co,80601.0,,,
2016,,,Rocky Mtn CockerRescue,,Parker,,80922,El Paso County,39.518515,-104.762773
2018,,,Rocky Mtn German Shorthaired Pointer Rescue,,,,,Fremont County,,
2008,5946,,Rocky Mtn. Cattle Dog Rescue,1680 Syracuse St.,Denver,Co,80220.0,,,
2009,5946,,Rocky Mtn. Cattle Dog Rescue,1680 Syracuse St.,Denver,Co,80220.0,,,
2014,,,Roice Hurst Humane Society,362 28 Road,Grand Junction ,,81501,Mesa County,39.05725,-108.533694
2015,,,Roice Hurst Humane Society,362 28 Rd.,Grand Junction ,,81501,Mesa County,39.05725,-108.533694
Licensing,,Pet Animal Small Shelter,"Roice Hurst Humane Society, Inc",,Delta,Co,,Delta,,
Licensing,,Pet Animal Small Shelter,"Roice Hurst Humane Society, Inc",,Grand Junction,Co,,Mesa,,
2007,19.0,,Roice-Hurst Humane Society,3320 D 1/2 Rd.,Clifton,Co,81520.0,Mesa County,39.073978,-108.549864
2008,19,,Roice-Hurst Humane Society,3320 D 1/2 Rd.,Clifton,Co,81520.0,Mesa County,39.073978,-108.549864
2009,19,,Roice-Hurst Humane Society,3320 D 1/2 Rd.,Clifton,Co,81520.0,Mesa County,39.073978,-108.549864
2010,19,,Roice-Hurst Humane Society,3320 D 1/2 Rd.,Clifton,Co,81520.0,Mesa County,39.073978,-108.549864
2011,6756,,Roice-Hurst Humane Society,362 28 Rd,Grand Junction,Co,81501.0,Mesa County,39.073978,-108.549864
2012,6756.0,,Roice-Hurst Humane Society,362 28 Rd,Grand Junction,Co,81501.0,Mesa County,39.073978,-108.549864
2013,6756,,Roice-Hurst Humane Society,362 28 Rd,Grand Junction,Co,81501.0,Mesa County,39.073978,-108.549864
2017,6756,,Roice-Hurst Humane Society,362 28 Rd,Grand Junction,Co,81501,Mesa County,39.073978,-108.549864
2018,6756,,Roice-Hurst Humane Society,362 28 Rd,Grand Junction,Co,81501,Mesa County,39.073978,-108.549864
2019,6756,,Roice-Hurst Humane Society,362 28 Rd,Grand Junction,Co,81501,Mesa County,39.073978,-108.549864
2020,6756,,Roice-Hurst Humane Society,362 28 Rd,Grand Junction,Co,81501,Mesa County,39.073978,-108.549864
2021,6756,,Roice-Hurst Humane Society,362 28 Rd,Grand Junction,Co,81501,Mesa County,39.073978,-108.549864
2022,6756,,Roice-Hurst Humane Society,362 28 Rd,Grand Junction,Co,81501,Mesa County,39.073978,-108.549864
2023,6756,,Roice-Hurst Humane Society,362 28 Rd,Grand Junction,Co,81501,Mesa County,39.073978,-108.549864
2016,,,Roice-Hurst Humane Society ,,Grand Junction,,81501,Mesa County,39.067379,-108.570816
2023,,,Roice-Hurst Humane Society Delta,,,,,,,
2021,,,Roice-Hurst Humane Society at Delta,,,,,,,
2022,,,Roice-Hurst Humane Society-Delta,,,,,,,
2007,5599.0,,Rottie Aid,555 Madison St.,Denver,Co,80206.0,Jefferson County,39.589314,-105.087233
2008,5599,,Rottie Aid,555 Madison St.,Denver,Co,80206.0,Jefferson County,39.589314,-105.087233
2009,5599,,Rottie Aid,555 Madison St.,Denver,Co,80206.0,Jefferson County,39.589314,-105.087233
2010,5599,,Rottie Aid,555 Madison St.,Denver,Co,80206.0,Jefferson County,39.589314,-105.087233
2011,5599,,Rottie Aid,555 Madison St.,Denver,Co,80206.0,Jefferson County,39.589314,-105.087233
2012,5599.0,,Rottie Aid,555 Madison St.,Denver,Co,80206.0,Jefferson County,39.589314,-105.087233
2013,5599,,Rottie Aid,555 Madison St.,Denver,Co,80206.0,Jefferson County,39.589314,-105.087233
2014,5599,,Rottie Aid,7049 S Allison Way,Littleton ,Co,80128,Jefferson County,39.589314,-105.087233
2015,5599,,Rottie Aid,7049 South Allison Way,Littleton ,Co,80128,Jefferson County,39.589314,-105.087233
2016,5599,,Rottie Aid,7049 South Allison Way,Littleton,Co,80128,Jefferson County,39.612653,-105.016198
2017,5599,,Rottie Aid,7049 South Allison Way,Littleton,Co,80128,Jefferson County,39.575718,-105.080337
2018,5599,,Rottie Aid,7049 South Allison Way,Littleton,Co,80128,Jefferson County,39.575718,-105.080337
2020,5599,,Rottie Aid,7049 South Allison Way,Littleton,Co,80128,Jefferson County,39.575718,-105.080337
2021,5599,,Rottie Aid,7049 South Allison Way,Littleton,Co,80128,Jefferson County,39.575718,-105.080337
2022,5599,,Rottie Aid,7049 South Allison Way,Littleton,Co,80128,Jefferson County,39.575718,-105.080337
2019,,,Rottie Aid ,,,,,,,
2009,6195,,"Rouse, Denise",4300 Lisbon Court,Denver,Co,80249.0,,,
2015,,,Routt County Humane Society,760 Critter Ct.,Steamboat Springs,,80477,Routt County,40.485489,-106.833557
2016,,,Routt County Humane Society,760 Critter Ct.,Steamboat Springs,,80487,Routt County,40.485489,-106.833557
2017,,,Routt County Humane Society,760 Critter Ct.,Steamboat Springs,,80487,Routt County,40.476926,-106.898411
2018,,,Routt County Humane Society,760 Critter Ct.,Steamboat Springs,,80487,Routt County,40.476926,-106.898411
2019,,,Routt County Humane Society,760 Critter Ct.,Steamboat Springs,,80487,Routt County,40.476926,-106.898411
2020,,,Routt County Humane Society,760 Critter Ct.,Steamboat Springs,,80487,Routt County,40.476926,-106.898411
2021,,,Routt County Humane Society,760 Critter Ct.,Steamboat Springs,,80487,Routt County,40.476926,-106.898411
2022,,,Routt County Humane Society,760 Critter Ct.,Steamboat Springs,,80487,Routt County,40.476926,-106.898411
2023,,,Routt County Humane Society,760 Critter Ct.,Steamboat Springs,,80487,Routt County,40.476926,-106.898411
Licensing,,Pet Animal Small Shelter,Routt County Humane Society Inc.,,Steamboat Springs,Co,,Routt,,
2007,4858.0,,Rowdy Mountain Brittanys,49566 County Rd. 17,Nunn,Co,80648.0,,,
2008,4858,,Rowdy Mountain Brittanys,49566 County Rd. 17,Nunn,Co,80648.0,,,
2009,4858,,Rowdy Mountain Brittanys,49566 County Rd. 17,Nunn,Co,80648.0,,,
2012,6883.0,,Royal Rescue ,300 E Miller Ct #1286,Castle Rock,Co,80104.0,,,
2013,6883,,Royal Rescue ,300 E Miller Ct #1286,Castle Rock,Co,80104.0,,,
2022,,,Ruff Around the Edges,,,,,,,
Licensing,,Pet Animal Large Rescue,Ruff Around the Edges Ltd.,,Grand Junction,Co,,Mesa,,
2012,7079.0,,Ruff Rescue,2290 S King St,Denver,Co,80226.0,Arapahoe County,39.738898,-104.875233
2013,7079,,Ruff Rescue,2290 S King St,Denver,Co,80226.0,Arapahoe County,39.738898,-104.875233
2014,7079,,Ruff Rescue,1424 Dayton St,Aurora ,Co,80010,Arapahoe County,39.738898,-104.875233
2013,,,Ruff Start Rescue & Training,1001 Cragmore Dr,Ft Collins,Co,80521.0,Larimer County,,
2014,,,Ruff Start Rescue & Training,1001 Cragmore Dr,Berthoud ,Co,80513,Larimer County,,
2020,,Pet Animal Large Rescue,Rugby's Rescue House,,Pagosa Springs,Co,,Archuleta,,
2021,,Pet Animal Large Rescue,Rugby's Rescue House,,Pagosa Springs,Co,,Archuleta,,
2022,,Pet Animal Large Rescue,Rugby's Rescue House,,Pagosa Springs,Co,,Archuleta,,
2023,,Pet Animal Large Rescue,Rugby's Rescue House,,Pagosa Springs,Co,,Archuleta,,
Licensing,,Pet Animal Large Rescue,Rugby's Rescue House,,Pagosa Springs,Co,,Archuleta,,
2010,6465,,Running Dog Ranch,15304 cr 3D,Dolores,Co,81323.0,Montezuma County,37.432199,-108.50112
2011,6465,,Running Dog Ranch,15304 Cr 30,Dolores,Co,81323.0,Montezuma County,37.432199,-108.50112
2012,6465.0,,Running Dog Ranch,15304 Cr 30,Dolores,Co,81323.0,Montezuma County,37.432199,-108.50112
2013,6465,,Running Dog Ranch,15304 Cr 30,Dolores,Co,81323.0,Montezuma County,37.432199,-108.50112
2014,6465,,Running Dog Ranch,15304 County Rd 30,Dolores ,Co,81323,Montezuma County,37.432199,-108.50112
2015,6465,,Running Dog Ranch,15304 Road 30,Dolores ,Co,81323,Montezuma County,37.432199,-108.50112
2017,6465,,Running Dog Ranch,15304 Road 30,Dolores,Co,81323,Montezuma County,37.516492,-108.403135
2018,6465,,Running Dog Ranch,15304 Road 30,Dolores,Co,81323,Montezuma County,37.516492,-108.403135
2019,6465,,Running Dog Ranch,15304 Road 30,Dolores,Co,81323,Montezuma County,37.516492,-108.403135
2020,6465,,Running Dog Ranch,15304 Road 30,Dolores,Co,81323,Montezuma County,37.516492,-108.403135
2016,,,Running Dog Ranch Animal Rescue,,Dolores,,81323,Montezuma County,37.47333,-108.503062
Licensing,,Pet Animal Small Shelter,Running Dog Rescue,,Fort Collins,Co,,Larimer,,
Licensing,,Pet Animal Small Shelter,S T Boulder LLC,,Boulder,Co,,Boulder,,
Licensing,,Pet Animal Large Shelter,S T East LLC,,Colorado Springs,Co,,El Paso,,
Licensing,,Pet Animal Large Shelter,S T North LLC,,Colorado Springs,Co,,El Paso,,
2023,,,SLV Spay and Neuter Alliance,,,,,,,
2022,,,ST Boulder,,,,,,,
2020,,,ST East & ST North,,,,,,,
2022,,,ST East & ST North,,,,,,,
Licensing,,Pet Animal Small Shelter,"Sachson, Inc",,Aspen,Co,,Pitkin,,
2023,,,Safe Habrbor Lab Rescue,,,,,,,
2007,5666.0,Pet Animal Large Rescue,Safe Harbor Lab Rescue,"601 16Th St., #C-322",Golden,Co,80401.0,Jefferson County,39.753169,-105.216441
2008,5666,Pet Animal Large Rescue,Safe Harbor Lab Rescue,"601 16Th St., #C-322",Golden,Co,80401.0,Jefferson County,39.753169,-105.216441
2009,5666,Pet Animal Large Rescue,Safe Harbor Lab Rescue,"601 16Th St., #C-322",Golden,Co,80401.0,Jefferson County,39.753169,-105.216441
2010,5666,Pet Animal Large Rescue,Safe Harbor Lab Rescue,"601 16th St., #C-322",Golden,Co,80401.0,Jefferson County,39.753169,-105.216441
2011,5666,Pet Animal Large Rescue,Safe Harbor Lab Rescue,"601 16Th St., #C-322",Golden,Co,80401.0,Jefferson County,39.753169,-105.216441
2012,5666.0,Pet Animal Large Rescue,Safe Harbor Lab Rescue,"601 16Th St., #C-322",Golden,Co,80401.0,Jefferson County,39.753169,-105.216441
2013,5666,Pet Animal Large Rescue,Safe Harbor Lab Rescue,"601 16Th St., #C-322",Golden,Co,80401.0,Jefferson County,39.753169,-105.216441
2014,5666,Pet Animal Large Rescue,Safe Harbor Lab Rescue,601 16th Street #C322,Golden ,Co,80401,Jefferson County,39.753169,-105.216441
2015,5666,Pet Animal Large Rescue,Safe Harbor Lab Rescue,601 16th Street #C322,Golden ,Co,80401,Jefferson County,39.753169,-105.216441
2016,5666,Pet Animal Large Rescue,Safe Harbor Lab Rescue,601 16th Street #C322,Evergreen,Co,80439,Jefferson County,39.633517,-105.328888
2017,5666,Pet Animal Large Rescue,Safe Harbor Lab Rescue,601 16th Street #C322,Evergreen,Co,80439,Jefferson County,39.647716,-105.362296
2018,5666,Pet Animal Large Rescue,Safe Harbor Lab Rescue,601 16th Street #C322,Evergreen,Co,80439,Jefferson County,39.647716,-105.362296
2019,5666,Pet Animal Large Rescue,Safe Harbor Lab Rescue,601 16th Street #C322,Evergreen,Co,80439,Jefferson County,39.647716,-105.362296
2020,5666,Pet Animal Large Rescue,Safe Harbor Lab Rescue,601 16th Street #C322,Evergreen,Co,80439,Jefferson County,39.647716,-105.362296
2021,5666,Pet Animal Large Rescue,Safe Harbor Lab Rescue,601 16th Street #C322,Evergreen,Co,80439,Jefferson County,39.647716,-105.362296
2022,5666,Pet Animal Large Rescue,Safe Harbor Lab Rescue,601 16th Street #C322,Evergreen,Co,80439,Jefferson County,39.647716,-105.362296
Licensing,5666,Pet Animal Large Rescue,Safe Harbor Lab Rescue,601 16th Street #C322,Evergreen,Co,80439,Jefferson,39.647716,-105.362296
2014,,,Safe Place,1141 Manitou Ave,Manitou Springs ,,80829,El Paso County,38.861331,-104.92112
2023,,,Safe Place Inc,,,,,,,
2016,,,Safe Place for Pets,,Manitou Springs,,80829,El Paso County,38.857568,-104.912311
2017,,,Safe Place for Pets,,Manitou Springs,,80829,El Paso County,38.848802,-104.914931
2019,,,Safe Place for Pets,,Manitou Springs,,80829,El Paso County,38.848802,-104.914931
2020,,,Safe Place for Pets,,Manitou Springs,,80829,El Paso County,38.848802,-104.914931
2021,,,Safe Place for Pets,,Manitou Springs,,80829,El Paso County,38.848802,-104.914931
2022,,,Safe Place for Pets,,Manitou Springs,,80829,El Paso County,38.848802,-104.914931
Licensing,,Pet Animal Small Shelter,"Safe Place for Pets, Inc.",,Colorado Springs,Co,,El Paso,,
2015,,,"Safe Place, Inc",1141 Manitou Ave,,,80829,El Paso County,,
2007,4627.0,,"Safe Place, Inc.",605 Red Cliff Rd.,Colorado Springs,Co,80906.0,,,
2008,4627,,"Safe Place, Inc.",605 Red Cliff Rd.,Colorado Springs,Co,80906.0,,,
2009,4627,,"Safe Place, Inc.",605 Red Cliff Rd.,Colorado Springs,Co,80906.0,,,
2010,4627,,"Safe Place, Inc.",605 Red Cliff Rd.,Colorado Springs,Co,80906.0,,,
2011,4627,,"Safe Place, Inc.",605 Red Cliff Rd.,Colorado Springs,Co,80906.0,,,
2012,4627.0,,"Safe Place, Inc.",605 Red Cliff Rd.,Colorado Springs,Co,80906.0,,,
2013,4627.0,,"Safe Place, Inc.",1141 Manitou Ave,Manitou Springs,Co,80829.0,,,
2018,,,"Safe Place, Inc. ",,,,,El Paso County,,
2007,5676.0,,Saint Animal Rescue,35355 Funk Rd.,Calhan,Co,80808.0,,,
2008,5676,,Saint Animal Rescue,35355 Funk Rd.,Calhan,Co,80808.0,,,
2009,5676,,Saint Animal Rescue,35355 Funk Rd.,Calhan,Co,80808.0,,,
2010,5676,,Saint Animal Rescue,35355 Funk Rd.,Colhos,Co,80808.0,,,
2011,5676,,Saint Animal Rescue,35355 Funk Rd.,Calhan,Co,80808.0,,,
2012,5676.0,,Saint Animal Rescue,35355 Funk Rd.,Calhan,Co,80808.0,,,
2013,5676,,Saint Animal Rescue,35355 Funk Rd.,Calhan,Co,80808.0,,,
2010,3777,,Samaritan Pes Adoption Center,Po Box 202005,Denver,Co,80220.0,,,
2007,3746.0,Pet Animal Small Shelter,San Luis Valley Animal Welfare Society,"529 Main St., Suite 2",Alamosa,Co,81101.0,Costilla County,32.080299,-111.954399
2007,5814.0,Pet Animal Small Shelter,San Luis Valley Animal Welfare Society,23700 Rito Seco Rd.,San Luis,Co,81152.0,Costilla County,32.080299,-111.954399
2008,5814,Pet Animal Small Shelter,San Luis Valley Animal Welfare Society,23700 Rito Seco Rd.,San Luis,Co,81152.0,Costilla County,32.080299,-111.954399
2009,5814,Pet Animal Small Shelter,San Luis Valley Animal Welfare Society,23700 Rito Seco Rd.,San Luis,Co,81152.0,Costilla County,32.080299,-111.954399
2010,5814,Pet Animal Small Shelter,San Luis Valley Animal Welfare Society,23700 Rito Seco Rd.,San Luis,Co,81152.0,Costilla County,32.080299,-111.954399
2011,5814,Pet Animal Small Shelter,San Luis Valley Animal Welfare Society,23700 Rito Seco Rd.,San Luis,Co,81152.0,Costilla County,32.080299,-111.954399
2012,5814.0,Pet Animal Small Shelter,San Luis Valley Animal Welfare Society,23700 Rito Seco Rd.,San Luis,Co,81152.0,Costilla County,32.080299,-111.954399
2013,5814,Pet Animal Small Shelter,San Luis Valley Animal Welfare Society,23700 Rito Seco Rd.,San Luis,Co,81152.0,Costilla County,32.080299,-111.954399
2014,5814,Pet Animal Small Shelter,San Luis Valley Animal Welfare Society,23700 Rito Seco Rd,San Luis ,Co,81152,Costilla County,32.080299,-111.954399
2015,5814,Pet Animal Small Shelter,San Luis Valley Animal Welfare Society,23700 Rito Seco Road,San Luis ,Co,81152,Costilla County,32.080299,-111.954399
2016,5814,Pet Animal Small Shelter,San Luis Valley Animal Welfare Society,23700 Rito Seco Road,San Luis,Co,81152,Costilla County,32.080299,-111.954399
2017,5814,Pet Animal Small Shelter,San Luis Valley Animal Welfare Society,23700 Rito Seco Road,San Luis,Co,81152,Costilla County,37.094292,-105.573033
2018,5814,Pet Animal Small Shelter,San Luis Valley Animal Welfare Society,23700 Rito Seco Road,San Luis,Co,81152,Costilla County,37.094292,-105.573033
2019,5814,Pet Animal Small Shelter,San Luis Valley Animal Welfare Society,23700 Rito Seco Road,San Luis,Co,81152,Costilla County,37.094292,-105.573033
2020,5814,Pet Animal Small Shelter,San Luis Valley Animal Welfare Society,23700 Rito Seco Road,San Luis,Co,81152,Costilla County,37.094292,-105.573033
2021,5814,Pet Animal Small Shelter,San Luis Valley Animal Welfare Society,23700 Rito Seco Road,San Luis,Co,81152,Costilla County,37.094292,-105.573033
2022,5814,Pet Animal Small Shelter,San Luis Valley Animal Welfare Society,23700 Rito Seco Road,San Luis,Co,81152,Costilla County,37.094292,-105.573033
2023,5814,Pet Animal Small Shelter,San Luis Valley Animal Welfare Society,23700 Rito Seco Road,San Luis,Co,81152,Costilla County,37.094292,-105.573033
Licensing,5814,Pet Animal Small Shelter,San Luis Valley Animal Welfare Society,23700 Rito Seco Road,San Luis,Co,81152,Costilla,37.094292,-105.573033
2018,,,San Nicola Dog Rescue,,,,,Lincoln County,,
2019,,,San Nicola Dog Rescue,,,,,Lincoln County,,
2020,,,San Nicola Dog Rescue,,,,,Lincoln County,,
2021,,,San Nicola Dog Rescue,,,,,Lincoln County,,
2022,,,San Nicola Dog Rescue,,,,,Lincoln County,,
2023,,,San Nicola Dog Rescue,,,,,Lincoln County,,
Licensing,,Pet Animal Small Shelter,San Nicola Dog Rescue Foundation,,Genoa,Co,,Lincoln,,
2008,5919,,"Save Our Setters, Inc.",15987 Rock Crystal Drive,Parker,Co,80134.0,,,
2009,5919,,"Save Our Setters, Inc.",15987 Rock Crystal Drive,Parker,Co,80134.0,,,
2012,6938.0,,Save the Giants,4140 E 130th Pl,Thornton,Co,80241.0,Adams County,39.932476,-104.937755
2013,6938,,Save the Giants,4140 E 130th Pl,Thornton,Co,80241.0,Adams County,39.932476,-104.937755
2014,6938,,Save the Giants,4140 E 130th Pl,Thornton ,Co,80241,Adams County,39.932476,-104.937755
2015,6938,,Save the Giants,2935 N Monroe St,Thornton ,Co,80205,Denver County,39.932476,-104.937755
2016,6938,,Save the Giants,2935 N Monroe St,Denver,Co,80205,Denver County,39.738453,-104.984853
2017,6938,,Save the Giants,2935 N Monroe St,Denver,Co,80205,Denver County,39.758775,-104.964415
2018,6938,,Save the Giants,2935 N Monroe St,Denver,Co,80205,Denver County,39.758775,-104.964415
2019,6938,,Save the Giants,2935 N Monroe St,Denver,Co,80205,Denver County,39.758775,-104.964415
2020,6938,,Save the Giants,2935 N Monroe St,Denver,Co,80205,Denver County,39.758775,-104.964415
2021,6938,,Save the Giants,2935 N Monroe St,Denver,Co,80205,Denver County,39.758775,-104.964415
2022,6938,,Save the Giants,2935 N Monroe St,Denver,Co,80205,Denver County,39.758775,-104.964415
Licensing,,Pet Animal Small Rescue,Save the Giants Dog Rescue,,Arvada,Co,,Jefferson,,
2015,,Pet Animal Small Rescue,Saving Dobermankind Animal Rescue,254 W. Midway Blvd.,Broomfield,Co,80020,Broomfield County,39.923985,-105.081661
2016,,Pet Animal Small Rescue,Saving Dobermankind Animal Rescue,254 W. Midway Blvd.,Broomfield,Co,80020,Broomfield County,39.923985,-105.081661
2017,,Pet Animal Small Rescue,Saving Dobermankind Animal Rescue,254 W. Midway Blvd.,Denver,Co,80219,Denver County,39.696096,-105.034969
2018,,Pet Animal Small Rescue,Saving Dobermankind Animal Rescue,254 W. Midway Blvd.,Denver,Co,80219,El Paso County,39.696096,-105.034969
2019,,Pet Animal Small Rescue,Saving Dobermankind Animal Rescue,254 W. Midway Blvd.,Denver,Co,80219,El Paso County,39.696096,-105.034969
2020,,Pet Animal Small Rescue,Saving Dobermankind Animal Rescue,254 W. Midway Blvd.,Denver,Co,80219,El Paso County,39.696096,-105.034969
2021,,Pet Animal Small Rescue,Saving Dobermankind Animal Rescue,254 W. Midway Blvd.,Denver,Co,80219,El Paso County,39.696096,-105.034969
2022,,Pet Animal Small Rescue,Saving Dobermankind Animal Rescue,254 W. Midway Blvd.,Denver,Co,80219,El Paso County,39.696096,-105.034969
2023,,Pet Animal Small Rescue,Saving Dobermankind Animal Rescue,254 W. Midway Blvd.,Denver,Co,80219,El Paso County,39.696096,-105.034969
Licensing,,Pet Animal Small Rescue,Saving Dobermankind Animal Rescue,254 W. Midway Blvd.,Fountain,Co,80219,El Paso,39.696096,-105.034969
2021,,,Scales N' Tails (ST Boulder),,,,,,,
2021,,,Scales N' Tails (ST East),,,,,,,
2021,,,Scales N' Tails (ST North),,,,,,,
Licensing,,Pet Animal Small Rescue,"Scaly Solutions Rescue, Inc",,Castle Rock,Co,,Douglas,,
Licensing,,Pet Animal Sanctuary,"Scaly Solutions Rescue, Inc",,Castle Rock,Co,,Douglas,,
2007,2397.0,,"Schultz, Karen",15643 E. 35Th Pl,Aurora,Co,80011.0,,,
2008,2397,,"Schultz, Karen",15643 E. 35Th Pl,Aurora,Co,80011.0,,,
2009,2397,,"Schultz, Karen",15643 E. 35Th Pl,Aurora,Co,80011.0,,,
2011,2397,,"Schultz, Karen",15643 E. 35Th Pl,Aurora,Co,80011.0,,,
2012,2397.0,,"Schultz, Karen",15643 E. 35Th Pl,Aurora,Co,80011.0,,,
2016,,,Scroungy Dogs and Pretty Pups Rescue,,Severance,,80550,Weld County,40.523356,-104.851175
2017,,,Scroungy Dogs and Pretty Pups Rescue,,Severance,,80550,Weld County,40.477254,-104.90742
2018,,Pet Animal Large Rescue,"Scroungy Dogs and Pretty Pups Rescue, Inc.",,Loveland,Co,,Larimer County,,
2019,,Pet Animal Large Rescue,"Scroungy Dogs and Pretty Pups Rescue, Inc.",,Loveland,Co,,Larimer County,,
2020,,Pet Animal Large Rescue,"Scroungy Dogs and Pretty Pups Rescue, Inc.",,Loveland,Co,,Larimer County,,
2021,,Pet Animal Large Rescue,"Scroungy Dogs and Pretty Pups Rescue, Inc.",,Loveland,Co,,Larimer County,,
2022,,Pet Animal Large Rescue,"Scroungy Dogs and Pretty Pups Rescue, Inc.",,Loveland,Co,,Larimer County,,
2023,,Pet Animal Large Rescue,"Scroungy Dogs and Pretty Pups Rescue, Inc.",,Loveland,Co,,Larimer County,,
Licensing,,Pet Animal Large Rescue,"Scroungy Dogs and Pretty Pups Rescue, Inc.",,Loveland,Co,,Larimer,,
2010,6399,,"Secare, Inc.",15215 County Road East 25,Ordway,Co,81063.0,,,
2007,5118.0,Pet Animal Large Rescue,Second Chance Animal Rescue Foundation,4852 County Rd Hh,Lamar,Co,81052.0,Prowers County,38.086092,-102.618982
2008,5118,Pet Animal Large Rescue,Second Chance Animal Rescue Foundation,4852 County Rd Hh,Lamar,Co,81052.0,Prowers County,38.086092,-102.618982
2009,5118,Pet Animal Large Rescue,Second Chance Animal Rescue Foundation,4852 County Rd Hh,Lamar,Co,81052.0,Prowers County,38.086092,-102.618982
2010,5118,Pet Animal Large Rescue,Second Chance Animal Rescue Foundation,4852 County Rd Hh,Lamar,Co,81052.0,Prowers County,38.086092,-102.618982
2011,5118,Pet Animal Large Rescue,Second Chance Animal Rescue Foundation,4852 County Rd Hh,Lamar,Co,81052.0,Prowers County,38.086092,-102.618982
2012,5118.0,Pet Animal Large Rescue,Second Chance Animal Rescue Foundation,4852 County Rd Hh,Lamar,Co,81052.0,Prowers County,38.086092,-102.618982
2013,5118,Pet Animal Large Rescue,Second Chance Animal Rescue Foundation,4852 County Rd Hh,Lamar,Co,81052.0,Prowers County,38.086092,-102.618982
2014,5118,Pet Animal Large Rescue,Second Chance Animal Rescue Foundation,PO Box 44,Lamar ,Co,81052,Prowers County,38.086092,-102.618982
2015,5118,Pet Animal Large Rescue,Second Chance Animal Rescue Foundation,4852 County Road HH,Lamar ,Co,81052,Prowers County,38.086092,-102.618982
2016,5118,Pet Animal Large Rescue,Second Chance Animal Rescue Foundation,4852 County Road HH,Lamar,Co,81052,Prowers County,38.086092,-102.618982
2017,5118,Pet Animal Large Rescue,Second Chance Animal Rescue Foundation,4852 County Road HH,Lamar,Co,81052,Prowers County,38.005204,-102.607585
2018,5118,Pet Animal Large Rescue,Second Chance Animal Rescue Foundation,4852 County Road HH,Lamar,Co,81052,Prowers County,38.005204,-102.607585
2019,5118,Pet Animal Large Rescue,Second Chance Animal Rescue Foundation,4852 County Road HH,Lamar,Co,81052,Prowers County,38.005204,-102.607585
2020,5118,Pet Animal Large Rescue,Second Chance Animal Rescue Foundation,4852 County Road HH,Lamar,Co,81052,Prowers County,38.005204,-102.607585
2021,5118,Pet Animal Large Rescue,Second Chance Animal Rescue Foundation,4852 County Road HH,Lamar,Co,81052,Prowers County,38.005204,-102.607585
2022,5118,Pet Animal Large Rescue,Second Chance Animal Rescue Foundation,4852 County Road HH,Lamar,Co,81052,Prowers County,38.005204,-102.607585
2023,5118,Pet Animal Large Rescue,Second Chance Animal Rescue Foundation,4852 County Road HH,Lamar,Co,81052,Prowers County,38.005204,-102.607585
Licensing,5118,Pet Animal Large Rescue,Second Chance Animal Rescue Foundation,4852 County Road HH,Lamar,Co,81052,Prowers,38.005204,-102.607585
2017,,,Second Chance Humane Humane Society,,Ridgway,,81432,Ouray County,38.132005,-107.789959
2007,4966.0,,Second Chance Humane Society,121 Sherman St.,Ridgway,Co,81432.0,Ouray County,41.421059,-78.728673
2008,4966,,Second Chance Humane Society,121 Sherman St.,Ridgway,Co,81432.0,Ouray County,41.421059,-78.728673
2009,4966,,Second Chance Humane Society,121 Sherman St.,Ridgway,Co,81432.0,Ouray County,41.421059,-78.728673
2010,4966,,Second Chance Humane Society,121 Sherman St.,Ridgway,Co,81432.0,Ouray County,41.421059,-78.728673
2011,6832,,Second Chance Humane Society,177 County Rd. 10,Ridgway,Co,81432.0,Ouray County,41.421059,-78.728673
2012,6832.0,,Second Chance Humane Society,177 County Rd. 10,Ridgway,Co,81432.0,Ouray County,41.421059,-78.728673
2013,6832,,Second Chance Humane Society,177 County Rd. 10,Ridgway,Co,81432.0,Ouray County,41.421059,-78.728673
2015,6832,,Second Chance Humane Society,177 County Rd 10,Ridgway,Co,81432,Ouray County,41.421059,-78.728673
2016,6832,,Second Chance Humane Society,177 County Rd 10,Ridgway,Co,81432,Ouray County,41.421059,-78.728673
2020,6832,,Second Chance Humane Society,177 County Rd 10,Ridgway,Co,81432,Ouray County,41.421059,-78.728673
2021,6832,,Second Chance Humane Society,177 County Rd 10,Ridgway,Co,81432,Ouray County,41.421059,-78.728673
2022,6832,,Second Chance Humane Society,177 County Rd 10,Ridgway,Co,81432,Ouray County,41.421059,-78.728673
2023,6832,,Second Chance Humane Society,177 County Rd 10,Ridgway,Co,81432,Ouray County,41.421059,-78.728673
2019,,,Second Chance Humane Society ,,,,,,,
2014,,Pet Animal Small Shelter,"Second Chance Humane Society, Inc",171 County Rd 10 (PO Box 2096),Ridgway ,Co,81432,Ouray County,,
Licensing,,Pet Animal Small Shelter,"Second Chance Humane Society, Inc",171 County Rd 10 (PO Box 2096),Ridgway,Co,81432,Ouray,,
2018,,,"Second Chance Humane Society, Inc.",,,,,Ouray County,,
2019,,,"Second Chance Jack Animal Rescue, Inc",,,,,,,
2018,,,"Second Chance Jack Animal Rescue, Inc.",,,,,Jefferson County,,
2020,,,"Second Chance Jack Animal Rescue, Inc.",,,,,Jefferson County,,
2007,3772.0,,Second Chance Rescue,3016 C Street,Greeley,Co,80631.0,,,
2008,3772,,Second Chance Rescue,3016 C Street,Greeley,Co,80631.0,,,
2009,3772,,Second Chance Rescue,3016 C Street,Greeley,Co,80631.0,,,
2010,3772,,Second Chance Rescue,3016 C Street,Greeley,Co,80631.0,,,
2018,,,Shannon Cauthen,,,,,Arapahoe County,,
2008,6049,Pet Animal Small Rescue,Shiba Scout Rescue,925 Columbia Rd #132,Ft Collins,Co,80525.0,Denver,,
2009,6049,Pet Animal Small Rescue,Shiba Scout Rescue,925 Columbia Rd #132,Ft Collins,Co,80525.0,Denver,,
2010,6049,Pet Animal Small Rescue,Shiba Scout Rescue,3608 Catalpa Ct,Loveland,Co,80538.0,Denver,,
2011,6049,Pet Animal Small Rescue,Shiba Scout Rescue,925 Columbia Rd #132,Ft Collins,Co,80525.0,Denver,,
2012,6049.0,Pet Animal Small Rescue,Shiba Scout Rescue,925 Columbia Rd #132,Ft Collins,Co,80525.0,Denver,,
2013,6049,Pet Animal Small Rescue,Shiba Scout Rescue,925 Columbia Rd #132,Ft Collins,Co,80525.0,Denver,,
Licensing,6049,Pet Animal Small Rescue,Shiba Scout Rescue,925 Columbia Rd #132,Denver,Co,80525.0,Denver,,
2015,,,Shiba Scout Rescue (d.b.a. Colorado Shiba Inu Rescue),2233 E. Panama Dr.,,,80121,Arapahoe County,,
2016,,,Shiba Scout Rescue (dba - Colorado Shiba Inu Rescue),,Centennial,,80121,Arapahoe County,39.597307,-104.853811
2017,,,Shiba Scout Rescue (dba - Colorado Shiba Inu Rescue),,Centennial,,80121,Arapahoe County,39.608742,-104.954882
2018,,,Shiba Scout Rescue (dba - Colorado Shiba Inu Rescue),,Centennial,,80121,Arapahoe County,39.608742,-104.954882
2014,,,Shiba Scout Rescue DBA Colorado Shiba Inn Rescue,1448 Alpine St,Longmont ,,80504,Weld County,40.184498,-105.083051
2020,,,Shiba Scout Rescue dba Colorado Shiba Inu Rescue,,,,,,,
2023,,,Shiba Scout Rescue dba Colorado Shiba Inu Rescue,,,,,,,
2018,,Pet Animal Large Rescue,Sloppy Kisses Animal Rescue,,Bennett,Co,,Arapahoe County,,
2019,,Pet Animal Large Rescue,Sloppy Kisses Animal Rescue,,Bennett,Co,,Arapahoe County,,
2020,,Pet Animal Large Rescue,Sloppy Kisses Animal Rescue,,Bennett,Co,,Arapahoe County,,
2021,,Pet Animal Large Rescue,Sloppy Kisses Animal Rescue,,Bennett,Co,,Arapahoe County,,
2022,,Pet Animal Large Rescue,Sloppy Kisses Animal Rescue,,Bennett,Co,,Arapahoe County,,
2023,,Pet Animal Large Rescue,Sloppy Kisses Animal Rescue,,Bennett,Co,,Arapahoe County,,
Licensing,,Pet Animal Large Rescue,Sloppy Kisses Animal Rescue,,Bennett,Co,,Arapahoe,,
2016,,,Small Paws Retirement Village,,Peyton,,80831,El Paso County,46.650299,-92.021103
2017,,,Small Paws Retirement Village,,Peyton,,80831,El Paso County,38.974291,-104.539816
2018,,,Small Paws Retirement Village,,Peyton,,80831,El Paso County,38.974291,-104.539816
2019,,Pet Animal Sanctuary,Small Senior Paws Retirement Village,,Peyton,Co,,El Paso,,
2020,,Pet Animal Sanctuary,Small Senior Paws Retirement Village,,Peyton,Co,,El Paso,,
2021,,Pet Animal Sanctuary,Small Senior Paws Retirement Village,,Peyton,Co,,El Paso,,
2022,,Pet Animal Sanctuary,Small Senior Paws Retirement Village,,Peyton,Co,,El Paso,,
2023,,Pet Animal Sanctuary,Small Senior Paws Retirement Village,,Peyton,Co,,El Paso,,
Licensing,,Pet Animal Sanctuary,Small Senior Paws Retirement Village,,Peyton,Co,,El Paso,,
2022,,,Snow Buddy,,,,,,,
2021,,,Snow Buddy Dog Sled Tours,,,,,,,
2020,,,Snow Buddy Sled Dog Adventures,,,,,,,
2016,,Pet Animal Small Rescue,Snow Capped Shepherd Rescue,,Centennial,Co,80122,Arapahoe County,39.597307,-104.853811
2017,,Pet Animal Small Rescue,Snow Capped Shepherd Rescue,,Centennial,Co,80122,Arapahoe County,39.58058,-104.956429
2018,,Pet Animal Small Rescue,Snow Capped Shepherd Rescue,,Centennial,Co,80122,Arapahoe County,39.58058,-104.956429
2019,,Pet Animal Small Rescue,Snow Capped Shepherd Rescue,,Centennial,Co,80122,Arapahoe County,39.58058,-104.956429
2020,,Pet Animal Small Rescue,Snow Capped Shepherd Rescue,,Centennial,Co,80122,Arapahoe County,39.58058,-104.956429
2021,,Pet Animal Small Rescue,Snow Capped Shepherd Rescue,,Centennial,Co,80122,Arapahoe County,39.58058,-104.956429
2022,,Pet Animal Small Rescue,Snow Capped Shepherd Rescue,,Centennial,Co,80122,Arapahoe County,39.58058,-104.956429
2023,,Pet Animal Small Rescue,Snow Capped Shepherd Rescue,,Centennial,Co,80122,Arapahoe County,39.58058,-104.956429
Licensing,,Pet Animal Small Rescue,Snow Capped Shepherd Rescue,,Centennial,Co,80122,Arapahoe,39.58058,-104.956429
2020,,,Someone2Love,,,,,,,
2021,,,Someone2Love,,,,,,,
2022,,,Someone2Love,,,,,,,
2023,,,Someone2Love,,,,,,,
2018,,,Soul DOg Rescue,,,,,Weld County,,
2015,,Pet Animal Small Shelter,Soul Dog Rescue,4725 S Kalamath St,Englewood,Co,80113,Arapahoe County,39.649436,-104.98891
2016,,Pet Animal Small Shelter,Soul Dog Rescue,4725 S Kalamath St,Englewood,Co,80110,Arapahoe County,39.649436,-104.98891
2017,,Pet Animal Small Shelter,Soul Dog Rescue,4725 S Kalamath St,Englewood,Co,80110,Arapahoe County,39.6467,-105.007278
2019,,Pet Animal Small Shelter,Soul Dog Rescue,4725 S Kalamath St,Englewood,Co,80110,Arapahoe County,39.6467,-105.007278
2020,,Pet Animal Small Shelter,Soul Dog Rescue,4725 S Kalamath St,Englewood,Co,80110,Arapahoe County,39.6467,-105.007278
2021,,Pet Animal Small Shelter,Soul Dog Rescue,4725 S Kalamath St,Englewood,Co,80110,Arapahoe County,39.6467,-105.007278
2022,,Pet Animal Small Shelter,Soul Dog Rescue,4725 S Kalamath St,Englewood,Co,80110,Arapahoe County,39.6467,-105.007278
2023,,Pet Animal Small Shelter,Soul Dog Rescue,4725 S Kalamath St,Englewood,Co,80110,Arapahoe County,39.6467,-105.007278
Licensing,,Pet Animal Small Shelter,Soul Dog Rescue,4725 S Kalamath St,Fort Lupton,Co,80110,Weld,39.6467,-105.007278
2022,,,Soul Dogs Inc.,,,,,,,
2023,,Pet Animal Small Rescue,"Soul Dogs, Inc",,Westminster,Co,,Jefferson,,
Licensing,,Pet Animal Small Rescue,"Soul Dogs, Inc",,Westminster,Co,,Jefferson,,
2011,6399,,South East Colorado Rescue Effort,15215 Cr E 25,Ordway,Co,81063.0,,,
2012,6399.0,,South East Colorado Rescue Effort,15215 Cr E 25,Ordway,Co,81063.0,,,
2016,,,Southern CO Animal Rescue DBA Black Forest Animal Sancutary,,Black Forest,,80908,El Paso County,39.012834,-104.700525
2015,,,Southern Colorado Animal Rescue DBA Black Forest Animal Sanctuary,16750 Thompson Road,,,80908,El Paso County,,
2022,,,Southern Colorado Spay & Neuter Coalition,,,,,,,
Licensing,,Pet Animal Small Shelter,Southern Colorado Spay Neuter Association,,Pueblo,Co,,Pueblo,,
2015,,,Southern Colorado Spay and Neuter Association,1700 S Prairie Ave,Pueblo,,81005,Pueblo County,38.265425,-104.610415
2016,,,Southern Colorado Spay and Neuter Association,1700 S Prairie Ave,Pueblo,,81005,Pueblo County,38.265425,-104.610415
2018,,,Southern Colorado Spay and Neuter Association,1700 S Prairie Ave,Pueblo,,81005,Pueblo County,38.265425,-104.610415
2020,,,Southern Colorado Spay and Neuter Association,1700 S Prairie Ave,Pueblo,,81005,Pueblo County,38.265425,-104.610415
2021,,,Southern Colorado Spay and Neuter Association,1700 S Prairie Ave,Pueblo,,81005,Pueblo County,38.265425,-104.610415
2023,,,Southern Colorado Spay and Neuter Association,1700 S Prairie Ave,Pueblo,,81005,Pueblo County,38.265425,-104.610415
2014,,,Southern Colorado Spay-Neuter Association,1700 S Prairie Ave,Pueblo ,,81005,Pueblo County,38.239042,-104.643693
2017,,,Southern Colorado Spay-Neuter Association,1700 S Prairie Ave,Pueblo,,81005,Pueblo County,38.221559,-104.745784
2019,,,Southern Colorado Spay-Neuter Association,1700 S Prairie Ave,Pueblo,,81005,Pueblo County,38.221559,-104.745784
2007,2494.0,,Southern Colorado Spay-Neuter Clinic,1700 So Prairie Ave,Pueblo,Co,81005.0,,,
2008,5885,,Southern Colorado Spay-Neuter Clinic,1700 S. Prairie Ave.,Pueblo,Co,81005.0,,,
2009,5885,,Southern Colorado Spay-Neuter Clinic,1700 S. Prairie Ave.,Pueblo,Co,81005.0,,,
2010,5885,,Southern Colorado Spay-Neuter Clinic,1700 S. Prairie Ave.,Pueblo,Co,81005.0,,,
2011,5885,,Southern Colorado Spay-Neuter Clinic,1700 S. Prairie Ave.,Pueblo,Co,81005.0,,,
2012,5885.0,,Southern Colorado Spay-Neuter Clinic,1700 S. Prairie Ave.,Pueblo,Co,81005.0,,,
2013,5885,,Southern Colorado Spay-Neuter Clinic,1700 S. Prairie Ave.,Pueblo,Co,81005.0,,,
2019,,,Southern Mutts Rescue,,,,,,,
2017,,,"Southern Mutts Rescue, Inc.",,Longmont,,80503,Larimer County,40.157538,-105.185328
2018,,,"Southern Mutts Rescue, Inc.",,Longmont,,80503,Larimer County,40.157538,-105.185328
2020,,,"Southern Mutts Rescue, Inc.",,Longmont,,80503,Larimer County,40.157538,-105.185328
Licensing,,Pet Animal Small Rescue,Southwest English Setter Rescue Inc,,Loveland,Co,,Larimer,,
2007,4924.0,,Spa 4 Paws,"328 S. Link Lane, #2B",Fort Collins,Co,80524.0,,,
Licensing,,Pet Animal Small Rescue,Spcai,,Aurora,Co,,Arapahoe,,
Licensing,,Pet Animal Small Rescue,Special Needs Animal Rescue League,,Thornton,Co,,Adams,,
2023,,,Special Needs Animal Rescue League- SNA,,,,,,,
2023,,,Spirit Keeper Animal Sanctuary,,,,,,,
Licensing,,Pet Animal Sanctuary,Spirit Keeper Equine Sanctuary,,Yoder,Co,,El Paso,,
2017,,,Springer Spaniel Rescue Inc,,Berthoud,,80513,Larimer County,40.298463,-105.106736
2018,,,Springer Spaniel Rescue Inc,,Berthoud,,80513,Larimer County,40.298463,-105.106736
2019,,,Springer Spaniel Rescue Inc,,Berthoud,,80513,Larimer County,40.298463,-105.106736
2020,,,Springer Spaniel Rescue Inc,,Berthoud,,80513,Larimer County,40.298463,-105.106736
2021,,,Springer Spaniel Rescue Inc,,Berthoud,,80513,Larimer County,40.298463,-105.106736
2022,,,Springer Spaniel Rescue Inc,,Berthoud,,80513,Larimer County,40.298463,-105.106736
2023,,Pet Animal Small Rescue,"Springer Spaniel Rescue, Inc",,Morrison,Co,,Jefferson,,
Licensing,,Pet Animal Small Rescue,"Springer Spaniel Rescue, Inc",,Morrison,Co,,Jefferson,,
2020,,,Springfield,,,,,,,
2012,540.0,,St Francis Hotel for Pets Boarding Kennel,14851 Cr G,Cortez,Co,81321.0,,,
2013,540,,St Francis Hotel for Pets Boarding Kennel,14851 Cr G,Cortez,Co,81321.0,,,
Licensing,,Pet Animal Sanctuary,Stacy Marie Rochelle,,De Beque,Co,,Mesa,,
2022,,,Stacy Rochelle,,,,,,,
2023,,,Stacy Rochelle,,,,,,,
Licensing,,Pet Animal Small Rescue,Stay Animal Rescue,,Lakewood,Co,,Jefferson,,
2018,,,Steel City Alley Cats Coalition,,,,,Pueblo County,,
2020,,,Sterling Ranch Specialty Shelter,,,,,,,
2021,,,Sterling Ranch Specialty Shelter,,,,,,,
2022,,,Steven J Bentley Homeward Bound Facility,,,,,,,
2020,,,Stray and Orphaned Animal Rescue,,,,,,,
2021,,,Stray and Orphaned Animal Rescue,,,,,,,
2022,,,Stray and Orphaned Animal Rescue,,,,,,,
Licensing,,Pet Animal Small Rescue,Stray and Orphaned Animal Rescue SOAR,,Denver,Co,,Denver,,
2007,2676.0,,Summerland Farm Animal Shelter,2683 County Rd. H-1,Egnar,Co,81325.0,,,
2008,2676,,Summerland Farm Animal Shelter,2683 County Rd. H-1,Egnar,Co,81325.0,,,
2009,2676,,Summerland Farm Animal Shelter,2683 County Rd. H-1,Egnar,Co,81325.0,,,
2010,2676,,Summerland Farm Animal Shelter,2683 County Rd. H-1,Egnar,Co,81325.0,,,
2011,2676,,Summerland Farm Animal Shelter,2683 County Rd. H-1,Egnar,Co,81325.0,,,
2012,2676.0,,Summerland Farm Animal Shelter,2683 County Rd. H-1,Egnar,Co,81325.0,,,
2018,,Pet Animal Small Shelter,Summit County Animal Control,,Frisco,Co,,Summit County,,
2020,,Pet Animal Small Shelter,Summit County Animal Control,,Frisco,Co,,Summit County,,
2021,,Pet Animal Small Shelter,Summit County Animal Control,,Frisco,Co,,Summit County,,
2022,,Pet Animal Small Shelter,Summit County Animal Control,,Frisco,Co,,Summit County,,
2023,,Pet Animal Small Shelter,Summit County Animal Control,,Frisco,Co,,Summit County,,
Licensing,,Pet Animal Small Shelter,Summit County Animal Control,,Frisco,Co,,Summit,,
2014,,,Summit County Animal Control and Shelter,PO Box 5225,Frisco ,,80443,Summit County,39.533112,-106.137393
2015,,,Summit County Animal Control and Shelter,0058 Nancy's Place,Frisco ,,80443,Summit County,39.533112,-106.137393
2017,,,Summit County Animal Control and Shelter,0058 Nancy's Place,Frisco,,80443,Summit County,39.533112,-106.137393
2019,,,Summit County Animal Control and Shelter,0058 Nancy's Place,Frisco,,80443,Summit County,39.533112,-106.137393
2007,32.0,,Summit County Animal Shelter,0191 Scr 1004,Frisco,Co,80443.0,,,
2008,32,,Summit County Animal Shelter,0191 Scr 1004,Frisco,Co,80443.0,,,
2009,32,,Summit County Animal Shelter,0191 Scr 1004,Frisco,Co,80443.0,,,
2010,32,,Summit County Animal Shelter,0058 Nancy'S Place,Frisco,Co,80443.0,,,
2011,32,,Summit County Animal Shelter,0191 Scr 1004,Frisco,Co,80443.0,,,
2012,32.0,,Summit County Animal Shelter,0191 Scr 1004,Frisco,Co,80443.0,,,
2013,32,,Summit County Animal Shelter,0191 Scr 1004,Frisco,Co,80443.0,,,
2012,7097.0,Pet Animal Small Rescue,Summit Dog Rescue,1916 Spruce St,Boulder,Co,80302.0,Larimer County,40.306468,-105.142341
2013,7097,Pet Animal Small Rescue,Summit Dog Rescue,1916 Spruce St,Boulder,Co,80302.0,Larimer County,40.306468,-105.142341
2014,7097,Pet Animal Small Rescue,Summit Dog Rescue,730 Sunbird Ln,Berthoud ,Co,80513,Larimer County,40.306468,-105.142341
2015,7097,Pet Animal Small Rescue,Summit Dog Rescue,1527 Sumac Avenue,Berthoud ,Co,80304,Boulder County,40.306468,-105.142341
2016,7097,Pet Animal Small Rescue,Summit Dog Rescue,1527 Sumac Avenue,Boulder,Co,80304,Boulder County,40.015831,-105.27927
2017,7097,Pet Animal Small Rescue,Summit Dog Rescue,1527 Sumac Avenue,Boulder,Co,80304,Boulder County,40.041821,-105.281847
2018,7097,Pet Animal Small Rescue,Summit Dog Rescue,1527 Sumac Avenue,Boulder,Co,80304,Boulder County,40.041821,-105.281847
2019,7097,Pet Animal Small Rescue,Summit Dog Rescue,1527 Sumac Avenue,Boulder,Co,80304,Boulder County,40.041821,-105.281847
2020,7097,Pet Animal Small Rescue,Summit Dog Rescue,1527 Sumac Avenue,Boulder,Co,80304,Boulder County,40.041821,-105.281847
2022,7097,Pet Animal Small Rescue,Summit Dog Rescue,1527 Sumac Avenue,Boulder,Co,80304,Boulder County,40.041821,-105.281847
2023,7097,Pet Animal Small Rescue,Summit Dog Rescue,1527 Sumac Avenue,Boulder,Co,80304,Boulder County,40.041821,-105.281847
Licensing,7097,Pet Animal Small Rescue,Summit Dog Rescue,1527 Sumac Avenue,Boulder,Co,80304,Boulder,40.041821,-105.281847
2021,,,Summit dog rescue,,,,,,,
2007,1206.0,,Sunrise Kennels & Dog Training Center,6580 N. Vincent Dr.,Colorado Springs,Co,80918.0,,,
2022,,Pet Animal Small Rescue,Sunrise Service Dogs,,Colorado Springs,Co,,El Paso,,
2023,,Pet Animal Small Rescue,Sunrise Service Dogs,,Colorado Springs,Co,,El Paso,,
Licensing,,Pet Animal Small Rescue,Sunrise Service Dogs,,Colorado Springs,Co,,El Paso,,
2015,,,Sunshine Canyon Dog Rescue,4605 Moorhead,Denver,,80305,Boulder County,39.738453,-104.984853
2016,,,Sunshine Canyon Dog Rescue,4605 Moorhead,Denver,,80210,Denver County,39.738453,-104.984853
2019,,,Sunshine Canyon Dog Rescue,4605 Moorhead,Denver,,80210,Denver County,39.738453,-104.984853
2020,,,Sunshine Canyon Dog Rescue,4605 Moorhead,Denver,,80210,Denver County,39.738453,-104.984853
2022,,,Sunshine Canyon Dog Rescue,4605 Moorhead,Denver,,80210,Denver County,39.738453,-104.984853
2018,,,Sunshine Canyon Dog Rescue ,,,,,Denver County,,
2019,,Pet Animal Small Shelter,Surface Creek Animal Shelter,,Cedaredge,Co,,Delta,,
2020,,Pet Animal Small Shelter,Surface Creek Animal Shelter,,Cedaredge,Co,,Delta,,
2021,,Pet Animal Small Shelter,Surface Creek Animal Shelter,,Cedaredge,Co,,Delta,,
2022,,Pet Animal Small Shelter,Surface Creek Animal Shelter,,Cedaredge,Co,,Delta,,
2023,,Pet Animal Small Shelter,Surface Creek Animal Shelter,,Cedaredge,Co,,Delta,,
Licensing,,Pet Animal Small Shelter,Surface Creek Animal Shelter,,Cedaredge,Co,,Delta,,
2014,,,Surface Creek Shelter,265 SE High Country Ave,Cedaredge ,,81413,Delta County,38.900738,-107.923767
2015,,,Surface Creek Shelter,265 SE High Country Avenue,Cedaredge ,,81413,Delta County,38.900738,-107.923767
2016,,,Surface Creek Shelter,265 SE High Country Avenue,Cedaredge,,81413,Delta County,38.900738,-107.923767
2014,,,Swar,2950 S Delaware St,Englewood ,,80110,Arapahoe County,39.663089,-104.992311
Licensing,,Pet Animal Small Rescue,"SweetBlu Rescue, LLC",,Denver,Co,,Denver,,
2018,,,TAGG Rescue Inc,,,,,El Paso County,,
2020,,,TCRAS: Teller County Regional Animal Shelter,,,,,,,
2021,,,TCRAS: Teller County Regional Animal Shelter,,,,,,,
2022,,,TCRAS: Teller County Regional Animal Shelter,,,,,,,
2007,13.0,,Table Mountain Animal Center & Foundation,4105 Youngfield Service Rd.,Golden,Co,80401.0,,,
2008,13,,Table Mountain Animal Center & Foundation,4105 Youngfield Service Rd.,Golden,Co,80401.0,,,
2009,13,,Table Mountain Animal Center & Foundation,4105 Youngfield Service Rd.,Golden,Co,80401.0,,,
2020,,,Tammy Swanson,,,,,,,
2022,,,Tammy Swanson,,,,,,,
2023,,,Tammy Swanson,,,,,,,
2019,,,Taysia Blue Rescue,,,,,,,
2020,,,Taysia Blue Rescue,,,,,,,
2021,,,Taysia Blue Rescue,,,,,,,
2022,,,Taysia Blue Rescue,,,,,,,
2023,,,Taysia Blue Siberian Husky Rescue,,,,,,,
2018,,,Taysia Blue Siberian Husky Rescue Nebraska,,,,,El Paso County,,
Licensing,,Pet Animal Small Rescue,Taysia Blue Siberian Husky Rescue in Nebraska,,Colorado Springs,Co,,El Paso,,
2018,,Pet Animal Small Rescue,Team Leo Animal Rescue,,Avon,Co,,Eagle County,,
2019,,Pet Animal Small Rescue,Team Leo Animal Rescue,,Avon,Co,,Eagle County,,
2020,,Pet Animal Small Rescue,Team Leo Animal Rescue,,Avon,Co,,Eagle County,,
2021,,Pet Animal Small Rescue,Team Leo Animal Rescue,,Avon,Co,,Eagle County,,
2022,,Pet Animal Small Rescue,Team Leo Animal Rescue,,Avon,Co,,Eagle County,,
2023,,Pet Animal Small Rescue,Team Leo Animal Rescue,,Avon,Co,,Eagle County,,
Licensing,,Pet Animal Small Rescue,Team Leo Animal Rescue,,Avon,Co,,Eagle,,
2007,1997.0,Pet Animal Small Rescue,Teller County Regional Animal Shelter,308 Weaverville Rd.,Divide,Co,80814.0,Teller County,45.751099,-112.746399
2008,1997,Pet Animal Small Rescue,Teller County Regional Animal Shelter,308 Weaverville Rd.,Divide,Co,80814.0,Teller County,45.751099,-112.746399
2009,1997,Pet Animal Small Rescue,Teller County Regional Animal Shelter,308 Weaverville Rd.,Divide,Co,80814.0,Teller County,45.751099,-112.746399
2010,1997,Pet Animal Small Rescue,Teller County Regional Animal Shelter,308 Weaverville Rd.,Divide,Co,80814.0,Teller County,45.751099,-112.746399
2011,1997,Pet Animal Small Rescue,Teller County Regional Animal Shelter,308 Weaverville Rd.,Divide,Co,80814.0,Teller County,45.751099,-112.746399
2012,1997.0,Pet Animal Small Rescue,Teller County Regional Animal Shelter,308 Weaverville Rd.,Divide,Co,80814.0,Teller County,45.751099,-112.746399
2013,1997,Pet Animal Small Rescue,Teller County Regional Animal Shelter,308 Weaverville Rd.,Divide,Co,80814.0,Teller County,45.751099,-112.746399
2014,1997,Pet Animal Small Rescue,Teller County Regional Animal Shelter,308 Weaverville Rd,Divide ,Co,80814,Teller County,45.751099,-112.746399
2015,1997,Pet Animal Small Rescue,Teller County Regional Animal Shelter,308 Weaverville Rd,Divide ,Co,80814,Teller County,45.751099,-112.746399
2016,1997,Pet Animal Small Rescue,Teller County Regional Animal Shelter,308 Weaverville Rd,Divide,Co,80814,Teller County,45.751099,-112.746399
2017,1997,Pet Animal Small Rescue,Teller County Regional Animal Shelter,308 Weaverville Rd,Divide,Co,80814,Teller County,38.956809,-105.183038
2019,1997,Pet Animal Small Rescue,Teller County Regional Animal Shelter,308 Weaverville Rd,Divide,Co,80814,Teller County,38.956809,-105.183038
2023,1997,Pet Animal Small Rescue,Teller County Regional Animal Shelter,308 Weaverville Rd,Divide,Co,80814,Teller County,38.956809,-105.183038
Licensing,1997,Pet Animal Small Rescue,Teller County Regional Animal Shelter,308 Weaverville Rd,Woodland Park,Co,80814,Teller,38.956809,-105.183038
2018,,Pet Animal Small Shelter,"Teller County Regional Animal Shelter, Inc.",,Divide,Co,,Teller County,,
Licensing,,Pet Animal Small Shelter,"Teller County Regional Animal Shelter, Inc.",,Divide,Co,,Teller,,
2019,,Pet Animal Small Rescue,Telluride Humane Society,,Ophir,Co,,San Miguel,,
2020,,Pet Animal Small Rescue,Telluride Humane Society,,Ophir,Co,,San Miguel,,
2021,,Pet Animal Small Rescue,Telluride Humane Society,,Ophir,Co,,San Miguel,,
2022,,Pet Animal Small Rescue,Telluride Humane Society,,Ophir,Co,,San Miguel,,
2023,,Pet Animal Small Rescue,Telluride Humane Society,,Ophir,Co,,San Miguel,,
Licensing,,Pet Animal Small Rescue,Telluride Humane Society,,Ophir,Co,,San Miguel,,
2011,1506,,"Tenaker Pet Care Center, Inc.",895 Laredo,Aurora,Co,80011.0,,,
2012,1506.0,,"Tenaker Pet Care Center, Inc.",895 Laredo,Aurora,Co,80011.0,,,
2013,1506,,"Tenaker Pet Care Center, Inc.",895 Laredo,Aurora,Co,80011.0,,,
2018,,,The Animal Assistance League and Sanctuary,,,,,Delta County,,
2016,,,The Animal Debt Project,,Wellington,,80549,Weld County,34.85615,-100.214209
2017,,,The Animal Debt Project,,Wellington,,80549,Washington County,40.766177,-105.02968
2020,,,The Animal Debt Project,,Wellington,,80549,Washington County,40.766177,-105.02968
2022,,,The Animal Debt Project,,Wellington,,80549,Washington County,40.766177,-105.02968
2018,,,"The Animal Debt Project, Inc.",,,,,Weld County,,
2019,,,"The Animal Debt Project, Inc.",,,,,Weld County,,
2019,,Pet Animal Small Shelter,The Animal Hospital of Telluride,,Telluride,Co,,San Miguel,,
Licensing,,Pet Animal Small Shelter,The Animal Hospital of Telluride,,Telluride,Co,,San Miguel,,
2017,,,The Animal Interest League and Sanctuary,,Delta,,81416,Delta County,38.736655,-108.099446
2018,,,The Animal Interest League and Sanctuary,,Delta,,81416,Delta County,38.736655,-108.099446
2019,,,The Animal Interest League and Sanctuary,,Delta,,81416,Delta County,38.736655,-108.099446
2018,,,The Animal Rescue Colorado,,,,,Boulder County,,
2023,,Pet Animal Small Rescue,The Biscuit Factory,,Colorado Springs,Co,,El Paso,,
Licensing,,Pet Animal Small Rescue,The Biscuit Factory,,Colorado Springs,Co,,El Paso,,
2016,,,The Denver Dumb Friends League,,Denver,,80231,Denver County,39.738453,-104.984853
2017,,,The Denver Dumb Friends League,,Denver,,80231,Denver County,39.670026,-104.888991
2018,,,The Denver Dumb Friends League,,Denver,,80231,Denver County,39.670026,-104.888991
2020,,,The Denver Dumb Friends League,,Denver,,80231,Denver County,39.670026,-104.888991
2020,,,The Dog Ranch,,,,,,,
2021,,,The Dog Ranch,,,,,,,
2022,,,The Dog Ranch,,,,,,,
2015,,,The Dumb Friends League Buddy Center,4556 Castleton Ct,,,80104,Douglas County,,
2018,,Pet Animal Large Rescue,The Feline Fix,,Commerce City,Co,,Adams County,,
2019,,Pet Animal Large Rescue,The Feline Fix,,Commerce City,Co,,Adams County,,
2020,,Pet Animal Large Rescue,The Feline Fix,,Commerce City,Co,,Adams County,,
2021,,Pet Animal Large Rescue,The Feline Fix,,Commerce City,Co,,Adams County,,
2022,,Pet Animal Large Rescue,The Feline Fix,,Commerce City,Co,,Adams County,,
2023,,Pet Animal Large Rescue,The Feline Fix,,Commerce City,Co,,Adams County,,
Licensing,,Pet Animal Large Rescue,The Feline Fix,,Commerce City,Co,,Adams,,
2014,,,"The Flash & Thelma Memorial Hedgehog Rescue, Inc",62 Aztec Cir,Divide ,,80814,Teller County,38.988425,-105.140404
2020,,,The Forgotten Bull Terriers,,,,,,,
2021,,,The Forgotten Bull Terriers,,,,,,,
2022,,,The Forgotten Bull Terriers,,,,,,,
2015,,Pet Animal Small Shelter,The Gabriel Foundation,39520 County road 13,Elizabeth,Co,80107,Elbert County,40.661927,-74.211653
2015,,Pet Animal Small Shelter,The Gabriel Foundation,1025 Acoma St,Elizabeth,Co,80204,Denver County,40.661927,-74.211653
2016,,Pet Animal Small Shelter,The Gabriel Foundation,1025 Acoma St,Elizabeth,Co,80107,Elbert County,40.661927,-74.211653
2017,,Pet Animal Small Shelter,The Gabriel Foundation,1025 Acoma St,Elizabeth,Co,80107,Elbert County,39.403175,-104.584086
2018,,Pet Animal Small Shelter,The Gabriel Foundation,1025 Acoma St,Elizabeth,Co,80107,Elbert County,39.403175,-104.584086
2019,,Pet Animal Small Shelter,The Gabriel Foundation,1025 Acoma St,Elizabeth,Co,80107,Elbert County,39.403175,-104.584086
2020,,Pet Animal Small Shelter,The Gabriel Foundation,1025 Acoma St,Elizabeth,Co,80107,Elbert County,39.403175,-104.584086
2021,,Pet Animal Small Shelter,The Gabriel Foundation,1025 Acoma St,Elizabeth,Co,80107,Elbert County,39.403175,-104.584086
2022,,Pet Animal Small Shelter,The Gabriel Foundation,1025 Acoma St,Elizabeth,Co,80107,Elbert County,39.403175,-104.584086
2023,,Pet Animal Small Shelter,The Gabriel Foundation,1025 Acoma St,Elizabeth,Co,80107,Elbert County,39.403175,-104.584086
Licensing,,Pet Animal Small Shelter,The Gabriel Foundation,1025 Acoma St,Elizabeth,Co,80107,Elbert,39.403175,-104.584086
2014,,,The Gabriel Foundation Aviary & Adoption Center,39520 County Rd 13,Elizabeth ,,80107,Elbert County,39.437275,-104.606311
2014,,,"The Gabriel Foundation, The Birdbrain",1025 Acoma St,Denver ,,80204,Denver County,39.732597,-104.988853
2010,5254,,The Gabrriel Foundation,1025 Acoma St.,Denver,Co,80204.0,,,
2018,,,The Good Dog Rescue,,,,,Adams County,,
2021,,,The Good Dog Rescue,,,,,Adams County,,
2023,,,The Good Dog Rescue,,,,,Adams County,,
2017,,Pet Animal Large Rescue,"The Good Dog Rescue, LLC",,Thornton,Co,80233,Adams County,39.900804,-104.951878
2019,,Pet Animal Large Rescue,"The Good Dog Rescue, LLC",,Thornton,Co,80233,Adams County,39.900804,-104.951878
2020,,Pet Animal Large Rescue,"The Good Dog Rescue, LLC",,Thornton,Co,80233,Adams County,39.900804,-104.951878
Licensing,,Pet Animal Large Rescue,"The Good Dog Rescue, LLC",,Fort Lupton,Co,80233,Weld,39.900804,-104.951878
2022,,,"The Good Dog Rescue, Llc",,,,,,,
2021,,,The HOPS Project,,,,,,,
2022,,,The HOPS Project,,,,,,,
2018,,,The Lazarus Fund,,,,,Pueblo County,,
2019,,,The Lazarus Fund,,,,,Pueblo County,,
2020,,,The Lazarus Fund,,,,,Pueblo County,,
2021,,,The Lazarus Fund,,,,,Pueblo County,,
2021,,Pet Animal Small Shelter,The Meeker Cat Coalition,,Meeker,Co,,Rio Blanco,,
2022,,Pet Animal Small Shelter,The Meeker Cat Coalition,,Meeker,Co,,Rio Blanco,,
Licensing,,Pet Animal Small Shelter,The Meeker Cat Coalition,,Meeker,Co,,Rio Blanco,,
2014,,Pet Animal Small Rescue,The Misfits Dog Rescue,189 Norman Dr,Colo Spgs ,Co,80911,El Paso County,38.754722,-104.73945
2015,,Pet Animal Small Rescue,The Misfits Dog Rescue,189 Norman dr.,Colo Spgs ,Co,80911,El Paso County,38.754722,-104.73945
2016,,Pet Animal Small Rescue,The Misfits Dog Rescue,189 Norman dr.,Colorado Springs,Co,80911,El Paso County,38.835224,-104.819798
2017,,Pet Animal Small Rescue,The Misfits Dog Rescue,189 Norman dr.,Colorado Springs,Co,80911,El Paso County,38.752199,-104.722458
2018,,Pet Animal Small Rescue,The Misfits Dog Rescue,189 Norman dr.,Colorado Springs,Co,80911,Fremont County,38.752199,-104.722458
2020,,Pet Animal Small Rescue,The Misfits Dog Rescue,189 Norman dr.,Colorado Springs,Co,80911,Fremont County,38.752199,-104.722458
2021,,Pet Animal Small Rescue,The Misfits Dog Rescue,189 Norman dr.,Colorado Springs,Co,80911,Fremont County,38.752199,-104.722458
2022,,Pet Animal Small Rescue,The Misfits Dog Rescue,189 Norman dr.,Colorado Springs,Co,80911,Fremont County,38.752199,-104.722458
2023,,Pet Animal Small Rescue,The Misfits Dog Rescue,189 Norman dr.,Colorado Springs,Co,80911,Fremont County,38.752199,-104.722458
Licensing,,Pet Animal Small Rescue,The Misfits Dog Rescue,189 Norman dr.,Penrose,Co,80911,Fremont,38.752199,-104.722458
2019,,,The Misfits Dog Rescue ,,,,,,,
2010,5579,,The Misha May Foundation,120 S. Kendall St.,Lakewood,Co,80226.0,,,
2023,,Pet Animal Small Rescue,The Montrose Bully Breed Club,,Montrose,Co,,Montrose,,
Licensing,,Pet Animal Small Rescue,The Montrose Bully Breed Club,,Montrose,Co,,Montrose,,
2018,,Pet Animal Sanctuary,The Old Mutt Hut,,Calhan,Co,,El Paso County,,
2019,,Pet Animal Sanctuary,The Old Mutt Hut,,Calhan,Co,,El Paso County,,
2020,,Pet Animal Sanctuary,The Old Mutt Hut,,Calhan,Co,,El Paso County,,
2021,,Pet Animal Sanctuary,The Old Mutt Hut,,Calhan,Co,,El Paso County,,
2022,,Pet Animal Sanctuary,The Old Mutt Hut,,Calhan,Co,,El Paso County,,
2023,,Pet Animal Sanctuary,The Old Mutt Hut,,Calhan,Co,,El Paso County,,
Licensing,,Pet Animal Sanctuary,The Old Mutt Hut,,Calhan,Co,,El Paso,,
2022,,Pet Animal Small Rescue,The Snuggle is Real Animal Rescue,,Denver,Co,,Arapahoe,,
2023,,Pet Animal Small Rescue,The Snuggle is Real Animal Rescue,,Denver,Co,,Arapahoe,,
Licensing,,Pet Animal Small Rescue,The Snuggle is Real Animal Rescue,,Denver,Co,,Arapahoe,,
2021,,,The Sunrise Foundation,,,,,,,
2018,,,"The Sunrise Foundation, LTD",,,,,Jefferson County,,
2019,,,"The Sunrise Foundation, LTD",,,,,Jefferson County,,
2020,,,"The Sunrise Foundation, LTD",,,,,Jefferson County,,
2017,,,The Sunshine Shelter,,Poncha Springs,,81242,Chaffee County,38.510995,-106.080184
2017,,,The Tullio's,,Northglenn,,80233,Adams County,39.900804,-104.951878
2018,,,The Tullios,,,,,Adams County,,
2020,,,The Tullios,,,,,Adams County,,
2021,,,The Tullios,,,,,Adams County,,
2020,,,Three Little Pitties Rescue,,,,,,,
2021,,,Three Little Pitties Rescue,,,,,,,
2018,,,Thunder Puppy K9 Rehabiitation and Rehoming,,,,,Jefferson County,,
2019,,,Thunder Puppy K9 Rehabilitation and Rehoming,,,,,,,
2020,,,Thunder Puppy K9 Rehabilitation and Rehoming,,,,,,,
2021,,,Thunder Puppy K9 Rehabilitation and Rehoming,,,,,,,
2022,,,Thunder Puppy K9 Rehabilitation and Rehoming Inc,,,,,,,
2015,,,Toby Darwin Foundation,626 North Hollywood St.,,,80521,Larimer County,,
2019,,,Toby Darwin Foundation,626 North Hollywood St.,,,80521,Larimer County,,
2019,,,Tonay Stephens dba Hoof & Paw,,,,,,,
2023,,Pet Animal Small Rescue,Tortoise and the Hare Common to Exotic Pets LLC,,Montrose,Co,,Montrose,,
Licensing,,Pet Animal Small Rescue,Tortoise and the Hare Common to Exotic Pets LLC,,Montrose,Co,,Montrose,,
Licensing,,Pet Animal Small Shelter,Tortoise and the Hare Common to Exotic Pets LLC,,Montrose,Co,,Montrose,,
2015,,,Total,,,,,,,
2007,4775.0,,Town  Of New Castle,5204 County Road 335,New Castle,Co,81647.0,,,
2008,4775,,Town  Of New Castle,5204 County Road 335,New Castle,Co,81647.0,,,
2009,4775,,Town  Of New Castle,5204 County Road 335,New Castle,Co,81647.0,,,
2007,2502.0,,Town Of Akron,602 W. 1St,Akron,Co,80720.0,Washington County,40.064774,-103.193904
2008,2502,,Town Of Akron,602 W. 1St,Akron,Co,80720.0,Washington County,40.064774,-103.193904
2009,2502,,Town Of Akron,602 W. 1St,Akron,Co,80720.0,Washington County,40.064774,-103.193904
2010,2502,,Town Of Akron,602 W. 1st,Akron,Co,80720.0,Washington County,40.064774,-103.193904
2011,2502,,Town Of Akron,602 W. 1St,Akron,Co,80720.0,Washington County,40.064774,-103.193904
2012,2502.0,,Town Of Akron,602 W. 1St,Akron,Co,80720.0,Washington County,40.064774,-103.193904
2013,2502,,Town Of Akron,602 W. 1St,Akron,Co,80720.0,Washington County,40.064774,-103.193904
2017,2502,,Town Of Akron,602 W. 1St,Akron,Co,80720,Washington County,40.064774,-103.193904
2007,3289.0,,Town Of Cedaredge,"795 Hwy. 65, #D",Cedaredge,Co,81413.0,,,
2008,3289,,Town Of Cedaredge,"795 Hwy. 65, #D",Cedaredge,Co,81413.0,,,
2009,3289,,Town Of Cedaredge,"795 Hwy. 65, #D",Cedaredge,Co,81413.0,,,
2010,3289,,Town Of Cedaredge,"795 Hwy. 65, #D",Cedaredge,Co,81413.0,,,
2007,3184.0,,Town Of Cheyenne Wells,"151 S. 1St, P.O. Box 125",Cheyenne Wells,Co,80810.0,,,
2008,3184,,Town Of Cheyenne Wells,"151 S. 1St, P.O. Box 125",Cheyenne Wells,Co,80810.0,,,
2009,3184,,Town Of Cheyenne Wells,"151 S. 1St, P.O. Box 125",Cheyenne Wells,Co,80810.0,,,
2010,3184,,Town Of Cheyenne Wells,"151 S. 1st, P.O. Box 125",Cheyenne Wells,Co,80810.0,,,
2011,3184,,Town Of Cheyenne Wells,"151 S. 1St, P.O. Box 125",Cheyenne Wells,Co,80810.0,,,
2012,3184.0,,Town Of Cheyenne Wells,"151 S. 1St, P.O. Box 125",Cheyenne Wells,Co,80810.0,,,
2013,3184,,Town Of Cheyenne Wells,"151 S. 1St, P.O. Box 125",Cheyenne Wells,Co,80810.0,,,
2020,3184,,Town Of Cheyenne Wells,"151 S. 1St, P.O. Box 125",Cheyenne Wells,Co,80810.0,,,
2007,3211.0,,Town Of Dove Creek,223 W. First Street,Dove Creek,Co,81324.0,,,
2008,3211,,Town Of Dove Creek,223 W. First Street,Dove Creek,Co,81324.0,,,
2009,3211,,Town Of Dove Creek,223 W. First Street,Dove Creek,Co,81324.0,,,
2010,3211,,Town Of Dove Creek,223 W. First Street,Dove Creek,Co,81324.0,,,
2011,3211,,Town Of Dove Creek,223 W. First Street,Dove Creek,Co,81324.0,,,
2012,3211.0,,Town Of Dove Creek,223 W. First Street,Dove Creek,Co,81324.0,,,
2013,3211,,Town Of Dove Creek,223 W. First Street,Dove Creek,Co,81324.0,,,
2007,3183.0,,Town Of Eads Dog Shelter,Kiowa County Fairgrounds,Eads,Co,81036.0,,,
2008,3183,,Town Of Eads Dog Shelter,Kiowa County Fairgrounds,Eads,Co,81036.0,,,
2009,3183,,Town Of Eads Dog Shelter,Kiowa County Fairgrounds,Eads,Co,81036.0,,,
2010,3183,,Town Of Eads Dog Shelter,Kiowa County Fairgrounds,Eads,Co,81036.0,,,
2011,3183,,Town Of Eads Dog Shelter,Kiowa County Fairgrounds,Eads,Co,81036.0,,,
2012,3183.0,,Town Of Eads Dog Shelter,Kiowa County Fairgrounds,Eads,Co,81036.0,,,
2013,3183,,Town Of Eads Dog Shelter,Kiowa County Fairgrounds,Eads,Co,81036.0,,,
2007,4830.0,,Town Of Gilcrest,304 8Th St.,Gilcrest,Co,80623.0,,,
2008,4830,,Town Of Gilcrest,304 8Th St.,Gilcrest,Co,80623.0,,,
2009,4830,,Town Of Gilcrest,304 8Th St.,Gilcrest,Co,80623.0,,,
2010,4830,,Town Of Gilcrest,304 8th St.,Gilerest,Co,80623.0,,,
2011,4830,,Town Of Gilcrest,304 8Th St.,Gilcrest,Co,80623.0,,,
2012,4830.0,,Town Of Gilcrest,304 8Th St.,Gilcrest,Co,80623.0,,,
2013,4830,,Town Of Gilcrest,304 8Th St.,Gilcrest,Co,80623.0,,,
2007,4755.0,,Town Of Holly Animal Shelter,Irvin St.,Holly,Co,81047.0,,,
2008,4755,,Town Of Holly Animal Shelter,Irvin St.,Holly,Co,81047.0,,,
2009,4755,,Town Of Holly Animal Shelter,Irvin St.,Holly,Co,81047.0,,,
2010,4755,,Town Of Holly Animal Shelter,Irvin St.,Holly,Co,81047.0,,,
2011,4755,,Town Of Holly Animal Shelter,Irvin St.,Holly,Co,81047.0,,,
2012,4755.0,,Town Of Holly Animal Shelter,Irvin St.,Holly,Co,81047.0,,,
2013,4755,,Town Of Holly Animal Shelter,Irvin St.,Holly,Co,81047.0,,,
2007,3096.0,,Town Of La Veta Animal Shelter,113 S. Main St.,La Veta,Co,81055.0,,,
2008,3096,,Town Of La Veta Animal Shelter,113 S. Main St.,La Veta,Co,81055.0,,,
2009,3096,,Town Of La Veta Animal Shelter,113 S. Main St.,La Veta,Co,81055.0,,,
2010,3096,,Town Of La Veta Animal Shelter,113 S. Main St.,La Veta,Co,81055.0,,,
2011,3096,,Town Of La Veta Animal Shelter,113 S. Main St.,La Veta,Co,81055.0,,,
2012,3096.0,,Town Of La Veta Animal Shelter,113 S. Main St.,La Veta,Co,81055.0,,,
2013,3096,,Town Of La Veta Animal Shelter,113 S. Main St.,La Veta,Co,81055.0,,,
2007,705.0,,Town Of Limon Animal Shelter - I,701 Indiana Ave,Limon,Co,80828.0,,,
2008,705,,Town Of Limon Animal Shelter - I,701 Indiana Ave,Limon,Co,80828.0,,,
2009,705,,Town Of Limon Animal Shelter - I,701 Indiana Ave,Limon,Co,80828.0,,,
2010,705,,Town Of Limon Animal Shelter - I,701 Indiana Ave,Limon,Co,80828.0,,,
2011,705,,Town Of Limon Animal Shelter - I,701 Indiana Ave,Limon,Co,80828.0,,,
2012,705.0,,Town Of Limon Animal Shelter - I,701 Indiana Ave,Limon,Co,80828.0,,,
2013,705,,Town Of Limon Animal Shelter - I,701 Indiana Ave,Limon,Co,80828.0,,,
2007,2537.0,,Town Of Meeker Animal Control Facility,109 3Rd St.,Meeker,Co,81641.0,,,
2008,2537,,Town Of Meeker Animal Control Facility,109 3Rd St.,Meeker,Co,81641.0,,,
2009,2537,,Town Of Meeker Animal Control Facility,109 3Rd St.,Meeker,Co,81641.0,,,
2010,2537,,Town Of Meeker Animal Control Facility,109 3rd St.,Meeker,Co,81641.0,,,
2011,2537,,Town Of Meeker Animal Control Facility,109 3Rd St.,Meeker,Co,81641.0,,,
2012,2537.0,,Town Of Meeker Animal Control Facility,109 3Rd St.,Meeker,Co,81641.0,,,
2013,2537,,Town Of Meeker Animal Control Facility,109 3Rd St.,Meeker,Co,81641.0,,,
2007,5109.0,,Town Of Naturita Animal Shelter,P.O. Box 505,Naturita,Co,81422.0,Montrose County,38.341094,-108.716616
2008,5109,,Town Of Naturita Animal Shelter,P.O. Box 505,Naturita,Co,81422.0,Montrose County,38.341094,-108.716616
2009,5109,,Town Of Naturita Animal Shelter,P.O. Box 505,Naturita,Co,81422.0,Montrose County,38.341094,-108.716616
2010,5109,,Town Of Naturita Animal Shelter,Po Box 505,Naturita,Co,81422.0,Montrose County,38.341094,-108.716616
2011,5109,,Town Of Naturita Animal Shelter,P.O. Box 505,Naturita,Co,81422.0,Montrose County,38.341094,-108.716616
2012,5109.0,,Town Of Naturita Animal Shelter,P.O. Box 505,Naturita,Co,81422.0,Montrose County,38.341094,-108.716616
2013,5109,,Town Of Naturita Animal Shelter,P.O. Box 505,Naturita,Co,81422.0,Montrose County,38.341094,-108.716616
2017,5109,,Town Of Naturita Animal Shelter,P.O. Box 505,Naturita,Co,81422,Montrose County,38.341094,-108.716616
2007,4899.0,,Town Of Nucla Animal Shelter,120 Grand Ave.,Nucla,Co,81424.0,,,
2022,,,Town Of Ordway,,,,,,,
2007,5296.0,,Town Of Platteville,400 Grand Ave.,Platteville,Co,80651.0,,,
2008,5296,,Town Of Platteville,400 Grand Ave.,Platteville,Co,80651.0,,,
2009,5296,,Town Of Platteville,400 Grand Ave.,Platteville,Co,80651.0,,,
2010,5296,,Town Of Platteville,400 Grand Ave.,Platteville,Co,80651.0,,,
2011,5296,,Town Of Platteville,400 Grand Ave.,Platteville,Co,80651.0,,,
2012,5296.0,,Town Of Platteville,400 Grand Ave.,Platteville,Co,80651.0,,,
2013,5296,,Town Of Platteville,400 Grand Ave.,Platteville,Co,80651.0,,,
2007,1834.0,,Town Of Rangely Animal Shelter,407 1/2 Bronco Rd.,Rangely,Co,81648.0,Rio Blanco County,,
2008,1834,,Town Of Rangely Animal Shelter,407 1/2 Bronco Rd.,Rangely,Co,81648.0,Rio Blanco County,,
2009,1834,,Town Of Rangely Animal Shelter,407 1/2 Bronco Rd.,Rangely,Co,81648.0,Rio Blanco County,,
2010,1834,,Town Of Rangely Animal Shelter,407 1/2 Bronco Rd.,Rangely,Co,81648.0,Rio Blanco County,,
2011,1834,,Town Of Rangely Animal Shelter,407 1/2 Bronco Rd.,Rangely,Co,81648.0,Rio Blanco County,,
2012,1834.0,,Town Of Rangely Animal Shelter,407 1/2 Bronco Rd.,Rangely,Co,81648.0,Rio Blanco County,,
2013,1834,,Town Of Rangely Animal Shelter,407 1/2 Bronco Rd.,Rangely,Co,81648.0,Rio Blanco County,,
2015,1834,,Town Of Rangely Animal Shelter,407 1/2 Bronco Rd,Rangely,Co,81648,Rio Blanco County,,
2007,1794.0,,Town Of Silt Animal Shelter,600 N. 7Th St.,Silt,Co,81652.0,,,
2007,4204.0,,Town Of Silver Cliff,1011 Butler St.,Silver Cliff,Co,81249.0,,,
2008,4204,,Town Of Silver Cliff,1011 Butler St.,Silver Cliff,Co,81249.0,,,
2009,4204,,Town Of Silver Cliff,1011 Butler St.,Silver Cliff,Co,81249.0,,,
2010,4204,,Town Of Silver Cliff,1011 Butler St.,Silver Cliff,Co,81249.0,,,
2011,4204,,Town Of Silver Cliff,1011 Butler St.,Silver Cliff,Co,81249.0,,,
2012,4204.0,,Town Of Silver Cliff,1011 Butler St.,Silver Cliff,Co,81249.0,,,
2013,4204,,Town Of Silver Cliff,1011 Butler St.,Silver Cliff,Co,81249.0,,,
2007,3199.0,,Town Of Silverton Impoundment Facility,1450 Greene Street,Silverton,Co,81433.0,,,
2008,3199,,Town Of Silverton Impoundment Facility,1450 Greene Street,Silverton,Co,81433.0,,,
2009,3199,,Town Of Silverton Impoundment Facility,1450 Greene Street,Silverton,Co,81433.0,,,
2010,3199,,Town Of Silverton Impoundment Facility,1450 Greene Street,Silverton,Co,80918.0,,,
2011,3199,,Town Of Silverton Impoundment Facility,1450 Greene Street,Silverton,Co,81433.0,,,
2012,3199.0,,Town Of Silverton Impoundment Facility,1450 Greene Street,Silverton,Co,81433.0,,,
2013,3199,,Town Of Silverton Impoundment Facility,1450 Greene Street,Silverton,Co,81433.0,,,
2007,2492.0,,Town Of Snowmass Village Animal Shelter,3745 Owl Creek Rd,Snowmass Village,Co,81615.0,,,
2008,2492,,Town Of Snowmass Village Animal Shelter,3745 Owl Creek Rd,Snowmass Village,Co,81615.0,,,
2009,2492,,Town Of Snowmass Village Animal Shelter,3745 Owl Creek Rd,Snowmass Village,Co,81615.0,,,
2010,2492,,Town Of Snowmass Village Animal Shelter,3745 Owl Creek Rd,Snowmass Village,Co,81615.0,,,
2011,2492,,Town Of Snowmass Village Animal Shelter,3745 Owl Creek Rd,Snowmass Village,Co,81615.0,,,
2012,2492.0,,Town Of Snowmass Village Animal Shelter,3745 Owl Creek Rd,Snowmass Village,Co,81615.0,,,
2013,2492,,Town Of Snowmass Village Animal Shelter,3745 Owl Creek Rd,Snowmass Village,Co,81615.0,,,
2007,3185.0,,Town Of Springfield,1248 Santa Fe,Springfield,Co,81073.0,,,
2008,3185,,Town Of Springfield,1248 Santa Fe,Springfield,Co,81073.0,,,
2009,3185,,Town Of Springfield,1248 Santa Fe,Springfield,Co,81073.0,,,
2010,3185,,Town Of Springfield,1248 Santa Fe,Springfield,Co,81073.0,,,
2011,3185,,Town Of Springfield,1248 Santa Fe,Springfield,Co,81073.0,,,
2012,3185.0,,Town Of Springfield,1248 Santa Fe,Springfield,Co,81073.0,,,
2013,3185,,Town Of Springfield,1248 Santa Fe,Springfield,Co,81073.0,,,
2007,2717.0,,Town Of Stratton Animal Shelter,880 4Th St.,Stratton,Co,80836.0,,,
2008,2717,,Town Of Stratton Animal Shelter,880 4Th St.,Stratton,Co,80836.0,,,
2009,2717,,Town Of Stratton Animal Shelter,880 4Th St.,Stratton,Co,80836.0,,,
2010,2717,,Town Of Stratton Animal Shelter,880 4th St.,Stratton,Co,80834.0,,,
2011,2717,,Town Of Stratton Animal Shelter,880 4Th St.,Stratton,Co,80836.0,,,
2012,2717.0,,Town Of Stratton Animal Shelter,880 4Th St.,Stratton,Co,80836.0,,,
2013,2717,,Town Of Stratton Animal Shelter,880 4Th St.,Stratton,Co,80836.0,,,
2007,31.0,,Town Of Telluride Animal Shelter,12000 Hwy 145,Telluride,Co,81435.0,San Miguel County,,
2008,31,,Town Of Telluride Animal Shelter,12000 Hwy 145,Telluride,Co,81435.0,San Miguel County,,
2009,31,,Town Of Telluride Animal Shelter,12000 Hwy 145,Telluride,Co,81435.0,San Miguel County,,
2010,31,,Town Of Telluride Animal Shelter,12000 Hwy 145,Telluride,Co,81435.0,San Miguel County,,
2011,31,,Town Of Telluride Animal Shelter,12000 Hwy 145,Telluride,Co,81435.0,San Miguel County,,
2012,31.0,,Town Of Telluride Animal Shelter,12000 Hwy 145,Telluride,Co,81435.0,San Miguel County,,
2013,31,,Town Of Telluride Animal Shelter,12000 Hwy 145,Telluride,Co,81435.0,San Miguel County,,
2015,31,,Town Of Telluride Animal Shelter,12000 State Highway 145,Telluride,Co,81435,San Miguel County,,
2007,3663.0,,Town Of Walden Animal Shelter,500 First St.,Walden,Co,80480.0,,,
2008,3663,,Town Of Walden Animal Shelter,500 First St.,Walden,Co,80480.0,,,
2009,3663,,Town Of Walden Animal Shelter,500 First St.,Walden,Co,80480.0,,,
2010,3663,,Town Of Walden Animal Shelter,500 First St.,Walden,Co,80480.0,,,
2011,3663,,Town Of Walden Animal Shelter,500 First St.,Walden,Co,80480.0,,,
2012,3663.0,,Town Of Walden Animal Shelter,500 First St.,Walden,Co,80480.0,,,
2021,,,Town Of Westcliffe,,,,,,,
2022,,,Town Of Westcliffe,,,,,,,
2007,3208.0,,Town Of Westcliffe Animal Shelter,109 So. 7Th,Westcliffe,Co,81252.0,,,
2008,3208,,Town Of Westcliffe Animal Shelter,109 So. 7Th,Westcliffe,Co,81252.0,,,
2009,3208,,Town Of Westcliffe Animal Shelter,109 So. 7Th,Westcliffe,Co,81252.0,,,
2010,3208,,Town Of Westcliffe Animal Shelter,109 So. 7th,Westcliffe,Co,81252.0,,,
2011,3208,,Town Of Westcliffe Animal Shelter,109 So. 7Th,Westcliffe,Co,81252.0,,,
2012,3208.0,,Town Of Westcliffe Animal Shelter,109 So. 7Th,Westcliffe,Co,81252.0,,,
2013,3208,,Town Of Westcliffe Animal Shelter,109 So. 7Th,Westcliffe,Co,81252.0,,,
2014,,Pet Animal Small Shelter,Town of Akron,602 W. 1st St,Akron ,Co,80720,Washington County,40.159155,-103.22305
2015,,Pet Animal Small Shelter,Town of Akron,602 W. 1st St,Akron ,Co,80720,Washington County,40.159155,-103.22305
2016,,Pet Animal Small Shelter,Town of Akron,602 W. 1st St,Akron,Co,80720,Washington County,41.084821,-81.515607
2018,,Pet Animal Small Shelter,Town of Akron,602 W. 1st St,Akron,Co,80720,Washington County,41.084821,-81.515607
2019,,Pet Animal Small Shelter,Town of Akron,602 W. 1st St,Akron,Co,80720,Washington County,41.084821,-81.515607
2020,,Pet Animal Small Shelter,Town of Akron,602 W. 1st St,Akron,Co,80720,Washington County,41.084821,-81.515607
2021,,Pet Animal Small Shelter,Town of Akron,602 W. 1st St,Akron,Co,80720,Washington County,41.084821,-81.515607
2022,,Pet Animal Small Shelter,Town of Akron,602 W. 1st St,Akron,Co,80720,Washington County,41.084821,-81.515607
Licensing,,Pet Animal Small Shelter,Town of Akron,602 W. 1st St,Akron,Co,80720,Washington,41.084821,-81.515607
2014,,Pet Animal Small Shelter,Town of Cheyenne Wells,151 S 1st,Cheyenne Wells ,Co,80810,Cheyenne County,38.820151,-102.350318
2015,,Pet Animal Small Shelter,Town of Cheyenne Wells,695 North 3 East,Cheyenne Wells ,Co,80810,Cheyenne County,38.820151,-102.350318
2016,,Pet Animal Small Shelter,Town of Cheyenne Wells,695 North 3 East,Cheyenne Wells,Co,80810,Cheyenne County,38.82019,-102.349564
2017,,Pet Animal Small Shelter,Town of Cheyenne Wells,695 North 3 East,Cheyenne Wells,Co,80810,Cheyenne County,38.834543,-102.408543
2018,,Pet Animal Small Shelter,Town of Cheyenne Wells,695 North 3 East,Cheyenne Wells,Co,80810,Cheyenne County,38.834543,-102.408543
2023,,Pet Animal Small Shelter,Town of Cheyenne Wells,695 North 3 East,Cheyenne Wells,Co,80810,Cheyenne County,38.834543,-102.408543
Licensing,,Pet Animal Small Shelter,Town of Cheyenne Wells,695 North 3 East,Cheyenne Wells,Co,80810,Cheyenne,38.834543,-102.408543
2022,,,Town of Cheyenne wells,,,,,,,
2014,,,Town of Crested Butte,803 Butte Ave,Crested Butte ,,81224,Gunnison County,38.873357,-106.978279
2015,,,Town of Crested Butte,803 Butte Avenue,Crested Butte ,,81224,Gunnison County,38.873357,-106.978279
2012,7023.0,,Town of Crested Butte Marshall's Office,803 Butte Ave,Crested Butte,Co,81224.0,,,
2013,7023,,Town of Crested Butte Marshall's Office,803 Butte Ave,Crested Butte,Co,81224.0,,,
2014,,,Town of Dove Creek,PO Box 508 ,Dove Creek ,,81324,Dolores County,37.750716,-108.937634
2015,,,Town of Dove Creek,200 S Main St,Dove Creek ,,81324,Dolores County,37.750716,-108.937634
2017,,,Town of Dove Creek,200 S Main St,Dove Creek,,81324,Dolores County,37.750716,-108.937634
2018,,,Town of Dove Creek,200 S Main St,Dove Creek,,81324,Dolores County,37.750716,-108.937634
2016,,,Town of Dove Creek ,,Dove Creek,,81324,Dolores County,37.763868,-108.906765
2015,,,Town of Eads Dog Shelter,15103 Us Hwy 287,,,81036,Kiowa County,,
2014,,,Town of Holly Animal Shelter,PO Box 458 ,Holly ,,81047,Prowers County,,
2015,,,Town of La Veta,113 S. Main Street,,,81055,Huerfano County,,
2018,,,Town of La Veta,113 S. Main Street,,,81055,Huerfano County,,
2017,,,Town of La Veta ,,La Veta,,81055,Huerfano County,37.51458,-105.05242
2014,,Pet Animal Small Rescue,Town of La Veta Animal Shelter,113 S Main St,La Veta ,Co,81055,Huerfano County,37.50935,-105.009008
2016,,Pet Animal Small Rescue,Town of La Veta Animal Shelter,113 S Main St,La Veta,Co,81055,Huerfano County,37.503655,-105.006897
2019,,Pet Animal Small Rescue,Town of La Veta Animal Shelter,113 S Main St,La Veta,Co,81055,Huerfano County,37.503655,-105.006897
2020,,Pet Animal Small Rescue,Town of La Veta Animal Shelter,113 S Main St,La Veta,Co,81055,Huerfano County,37.503655,-105.006897
2021,,Pet Animal Small Rescue,Town of La Veta Animal Shelter,113 S Main St,La Veta,Co,81055,Huerfano County,37.503655,-105.006897
2022,,Pet Animal Small Rescue,Town of La Veta Animal Shelter,113 S Main St,La Veta,Co,81055,Huerfano County,37.503655,-105.006897
2023,,Pet Animal Small Rescue,Town of La Veta Animal Shelter,113 S Main St,La Veta,Co,81055,Huerfano County,37.503655,-105.006897
Licensing,,Pet Animal Small Rescue,Town of La Veta Animal Shelter,113 S Main St,La Veta,Co,81055,Huerfano,37.503655,-105.006897
Licensing,,Pet Animal Small Shelter,Town of Limon,,Limon,Co,,Lincoln,,
2014,,,Town of Limon Animal Shelter,701 Indiana Ave,Lincoln ,,80828,Lincoln County,39.254857,-103.695995
2015,,,Town of Limon Animal Shelter,701 Indiana,Lincoln ,,Co,Lincoln County,39.254857,-103.695995
2016,,,Town of Limon Animal Shelter,701 Indiana,Limon,,80828,Lincoln County,39.264004,-103.689247
2017,,,Town of Limon Animal Shelter,701 Indiana,Limon,,80828,Lincoln County,39.290427,-103.683971
2018,,,Town of Limon Animal Shelter,701 Indiana,Limon,,80828,Lincoln County,39.290427,-103.683971
2019,,,Town of Limon Animal Shelter,701 Indiana,Limon,,80828,Lincoln County,39.290427,-103.683971
2020,,,Town of Limon Animal Shelter,701 Indiana,Limon,,80828,Lincoln County,39.290427,-103.683971
2021,,,Town of Limon Animal Shelter,701 Indiana,Limon,,80828,Lincoln County,39.290427,-103.683971
2022,,,Town of Limon Animal Shelter,701 Indiana,Limon,,80828,Lincoln County,39.290427,-103.683971
2023,,,Town of Limon Animal Shelter,701 Indiana,Limon,,80828,Lincoln County,39.290427,-103.683971
2014,,Pet Animal Small Shelter,Town of Meeker Animal Control Facility,109 3rd St,Meeker ,Co,81641,Rio Blanco County,40.03602,-107.908942
2015,,Pet Animal Small Shelter,Town of Meeker Animal Control Facility,109 3rd St,Meeker ,Co,81641,Rio Blanco County,40.03602,-107.908942
2017,,Pet Animal Small Shelter,Town of Meeker Animal Control Facility,109 3rd St,Meeker,Co,81641,Rio Blanco County,40.056021,-107.759553
2018,,Pet Animal Small Shelter,Town of Meeker Animal Control Facility,109 3rd St,Meeker,Co,81641,Rio Blanco County,40.056021,-107.759553
2020,,Pet Animal Small Shelter,Town of Meeker Animal Control Facility,109 3rd St,Meeker,Co,81641,Rio Blanco County,40.056021,-107.759553
2021,,Pet Animal Small Shelter,Town of Meeker Animal Control Facility,109 3rd St,Meeker,Co,81641,Rio Blanco County,40.056021,-107.759553
2022,,Pet Animal Small Shelter,Town of Meeker Animal Control Facility,109 3rd St,Meeker,Co,81641,Rio Blanco County,40.056021,-107.759553
2023,,Pet Animal Small Shelter,Town of Meeker Animal Control Facility,109 3rd St,Meeker,Co,81641,Rio Blanco County,40.056021,-107.759553
Licensing,,Pet Animal Small Shelter,Town of Meeker Animal Control Facility,109 3rd St,Meeker,Co,81641,Rio Blanco,40.056021,-107.759553
2019,,,Town of Meeker Animal Control Facility ,,,,,,,
2016,,,Town of Meeker Animal control Facility,,Meeker,,81641,Rio Blanco County,35.503209,-96.893033
2014,,,Town of Naturita Animal Shelter,26410 EE 26 Rd,Naturita ,,81422,Montrose County,38.217901,-108.565332
2015,,,Town of Naturita Animal Shelter,26410 EE 26 Road,Naturita ,,81422,Montrose County,38.217901,-108.565332
2016,,,Town of Naturita Animal Shelter,26410 EE 26 Road,Naturita,,81422,Montrose County,38.217901,-108.565332
2018,,,Town of Naturita Animal Shelter,26410 EE 26 Road,Naturita,,81422,Montrose County,38.217901,-108.565332
2019,,,Town of Naturita Animal Shelter,26410 EE 26 Road,Naturita,,81422,Montrose County,38.217901,-108.565332
2018,,Pet Animal Small Shelter,Town of Ordway,,Ordway,Co,,Crowley County,,
2019,,Pet Animal Small Shelter,Town of Ordway,,Ordway,Co,,Crowley County,,
2020,,Pet Animal Small Shelter,Town of Ordway,,Ordway,Co,,Crowley County,,
2021,,Pet Animal Small Shelter,Town of Ordway,,Ordway,Co,,Crowley County,,
2023,,Pet Animal Small Shelter,Town of Ordway,,Ordway,Co,,Crowley County,,
Licensing,,Pet Animal Small Shelter,Town of Ordway,,Ordway,Co,,Crowley,,
2023,,,Town of Plattevile,,,,,,,
2016,,Pet Animal Small Shelter,Town of Platteville,,Platteville,Co,80651,Weld County,40.213704,-104.823231
2021,,Pet Animal Small Shelter,Town of Platteville,,Platteville,Co,80651,Weld County,40.213704,-104.823231
Licensing,,Pet Animal Small Shelter,Town of Platteville,,Platteville,Co,80651,Weld,40.213704,-104.823231
2017,,Pet Animal Small Shelter,Town of Rangely,,Rangely,Co,81648,Rio Blanco County,39.985893,-108.739215
Licensing,,Pet Animal Small Shelter,Town of Rangely,,Rangely,Co,81648,Rio Blanco,39.985893,-108.739215
2018,,,Town of Rangely ,,,,,Rio Blanco County,,
2014,,,Town of Rangely Animal Shelter,407 1/2 Bronco Road,Rangely ,,81648,Rio Blanco County,40.096407,-108.808474
2019,,,Town of Rangely Animal Shelter,407 1/2 Bronco Road,Rangely ,,81648,Rio Blanco County,40.096407,-108.808474
2020,,,Town of Rangely Animal Shelter,407 1/2 Bronco Road,Rangely ,,81648,Rio Blanco County,40.096407,-108.808474
2021,,,Town of Rangely Animal Shelter,407 1/2 Bronco Road,Rangely ,,81648,Rio Blanco County,40.096407,-108.808474
2022,,,Town of Rangely Animal Shelter,407 1/2 Bronco Road,Rangely ,,81648,Rio Blanco County,40.096407,-108.808474
2014,,,Town of Silver Cliff,1011 Butler Street,Silver Cliff ,,81252,Delta County,,
2015,,,Town of Silver Cliff,1011 Butler Street,Silver Cliff ,,81252,Custer County,,
2014,,,Town of Silverton Impoundment Facility,1450 Greene St,Silverton ,,81433,San Juan County,37.813733,-107.662467
2014,,,Town of Snowmass Village Animal Shelter,3745 Owl Creed Rd,Snowmass Village ,,81615,Pitkin County,,
2014,,Pet Animal Small Shelter,Town of Springfield,1248 Santa Fe St,Springfield ,Co,81073,Baca County,37.401452,-102.620618
2015,,Pet Animal Small Shelter,Town of Springfield,748 Main Street,Springfield ,Co,Co,Baca County,37.401452,-102.620618
2016,,Pet Animal Small Shelter,Town of Springfield,748 Main Street,Springfield,Co,81073,Baca County,39.79936,-89.643624
2017,,Pet Animal Small Shelter,Town of Springfield,748 Main Street,Springfield,Co,81073,Baca County,37.415593,-102.669403
2018,,Pet Animal Small Shelter,Town of Springfield,748 Main Street,Springfield,Co,81073,Baca County,37.415593,-102.669403
2019,,Pet Animal Small Shelter,Town of Springfield,748 Main Street,Springfield,Co,81073,Baca County,37.415593,-102.669403
2021,,Pet Animal Small Shelter,Town of Springfield,748 Main Street,Springfield,Co,81073,Baca County,37.415593,-102.669403
2022,,Pet Animal Small Shelter,Town of Springfield,748 Main Street,Springfield,Co,81073,Baca County,37.415593,-102.669403
2023,,Pet Animal Small Shelter,Town of Springfield,748 Main Street,Springfield,Co,81073,Baca County,37.415593,-102.669403
Licensing,,Pet Animal Small Shelter,Town of Springfield,748 Main Street,Springfield,Co,81073,Baca,37.415593,-102.669403
2014,,,Town of Stratton Animal Shelter,880 4th St,Stratton ,,80836,Kit Carson County,39.301168,-102.609539
2017,,,Town of Telluride,,Telluride,,81435,San Miguel County,37.937455,-107.864032
2016,,,Town of Telluride ,,Telluride,,81435,San Miguel County,37.937412,-107.811757
2018,,,Town of Telluride ,,Telluride,,81435,San Miguel County,37.937412,-107.811757
2014,,,Town of Telluride Animal Shelter,12000 State Hwy 145,Telluride ,,81435,San Miguel County,,
2016,,,Town of Walden Animal Shelter,,Walden,,80480,Jackson County,41.560674,-74.187445
2017,,,Town of Walden Animal Shelter,,Walden,,80480,Jackson County,40.708948,-106.269059
2018,,,Town of Walden Animal Shelter,,Walden,,80480,Jackson County,40.708948,-106.269059
2019,,,Town of Walden Animal Shelter,,Walden,,80480,Jackson County,40.708948,-106.269059
2020,,,Town of Walden Animal Shelter,,Walden,,80480,Jackson County,40.708948,-106.269059
2021,,,Town of Walden Animal Shelter,,Walden,,80480,Jackson County,40.708948,-106.269059
2022,,,Town of Walden Animal Shelter,,Walden,,80480,Jackson County,40.708948,-106.269059
2023,,,Town of Walden Animal Shelter,,Walden,,80480,Jackson County,40.708948,-106.269059
2020,,Pet Animal Small Shelter,Town of Walsh,,Walsh,Co,,Baca,,
2021,,Pet Animal Small Shelter,Town of Walsh,,Walsh,Co,,Baca,,
2022,,Pet Animal Small Shelter,Town of Walsh,,Walsh,Co,,Baca,,
2023,,Pet Animal Small Shelter,Town of Walsh,,Walsh,Co,,Baca,,
Licensing,,Pet Animal Small Shelter,Town of Walsh,,Walsh,Co,,Baca,,
2014,,,Town of Westcliff Animal Shelter,109 S 7th St,Westcliffe ,,81252,Custer County,38.135257,-105.462556
2015,,Pet Animal Small Shelter,Town of Westcliffe,109 S. 7th,Westcliffe,Co,81252,Custer County,38.130929,-105.463886
2016,,Pet Animal Small Shelter,Town of Westcliffe,109 S. 7th,Westcliffe,Co,81252,Custer County,38.130929,-105.463886
2017,,Pet Animal Small Shelter,Town of Westcliffe,109 S. 7th,Westcliffe,Co,81252,Custer County,38.136116,-105.417185
2019,,Pet Animal Small Shelter,Town of Westcliffe,109 S. 7th,Westcliffe,Co,81252,Custer County,38.136116,-105.417185
2020,,Pet Animal Small Shelter,Town of Westcliffe,109 S. 7th,Westcliffe,Co,81252,Custer County,38.136116,-105.417185
2023,,Pet Animal Small Shelter,Town of Westcliffe,109 S. 7th,Westcliffe,Co,81252,Custer County,38.136116,-105.417185
Licensing,,Pet Animal Small Shelter,Town of Westcliffe,109 S. 7th,Westcliffe,Co,81252,Custer,38.136116,-105.417185
2018,,,"Town of Westcliffe, Town of Westcliffe Animal",,,,,Custer County,,
2014,,,TracysDogs,4300 E Alameda,Glendale ,,80246,Arapahoe County,39.711396,-104.93848
2007,5614.0,,"Treat, Vicki",312 N. Orchard Ave.,Canon City,Co,81212.0,,,
2008,5614,,"Treat, Vicki",312 N. Orchard Ave.,Canon City,Co,81212.0,,,
2021,,Pet Animal Large Rescue,Trevor's Animal Rescue,,Parker,Co,,Douglas,,
2022,,Pet Animal Large Rescue,Trevor's Animal Rescue,,Parker,Co,,Douglas,,
2023,,Pet Animal Large Rescue,Trevor's Animal Rescue,,Parker,Co,,Douglas,,
Licensing,,Pet Animal Large Rescue,Trevor's Animal Rescue,,Parker,Co,,Douglas,,
2014,,,Trin's Place Animal Rescue,3595 Ivanhoe Street,Denver ,,80207,Denver County,39.767299,-104.921137
2007,870.0,,"Tropical Bird Farm, Inc.",731 Merry Lane,Boulder,Co,80303.0,,,
2008,870,,"Tropical Bird Farm, Inc.",731 Merry Lane,Boulder,Co,80303.0,,,
2009,870,,"Tropical Bird Farm, Inc.",731 Merry Lane,Boulder,Co,80303.0,,,
2020,,,True Blue Pet Rescue,,,,,,,
2017,,,True-Blue Pet Rescue,,Aurora,,80013,Arapahoe County,39.659198,-104.774814
2019,,,True-Blue Pet Rescue,,Aurora,,80013,Arapahoe County,39.659198,-104.774814
2018,,,True-Blue Pet Rescue ,,,,,Arapahoe County,,
2019,,,Tumbleweed Country Kennels,,,,,,,
2020,,,Tumbleweed Country Kennels,,,,,,,
2021,,,Tumbleweed Country Kennels,,,,,,,
2022,,,Tumbleweed Country Kennels,,,,,,,
2018,,Pet Animal Small Rescue,Twice Purrfect Feline Rescue,,Littleton,Co,,Jefferson County,,
2019,,Pet Animal Small Rescue,Twice Purrfect Feline Rescue,,Littleton,Co,,Jefferson County,,
2020,,Pet Animal Small Rescue,Twice Purrfect Feline Rescue,,Littleton,Co,,Jefferson County,,
2021,,Pet Animal Small Rescue,Twice Purrfect Feline Rescue,,Littleton,Co,,Jefferson County,,
2022,,Pet Animal Small Rescue,Twice Purrfect Feline Rescue,,Littleton,Co,,Jefferson County,,
2023,,Pet Animal Small Rescue,Twice Purrfect Feline Rescue,,Littleton,Co,,Jefferson County,,
Licensing,,Pet Animal Small Rescue,Twice Purrfect Feline Rescue,,Littleton,Co,,Jefferson,,
2021,,,Two Girls Four Paws All Breed Rescue,,,,,,,
2007,3652.0,,Two Paws Up,7155 Independence St.,Arvada,Co,80004.0,,,
2008,3652,,Two Paws Up,7155 Independence St.,Arvada,Co,80004.0,,,
2009,3652,,Two Paws Up,7155 Independence St.,Arvada,Co,80004.0,,,
2021,,,Under The Sun Doggie Daycare and Dog Park LLC,,,,,,,
2020,,,Under the sun,,,,,,,
2019,,Pet Animal Large Rescue,Underdog Animal Rescue and Rehab,,Moab,Ut,,Out Of State,,
2020,,Pet Animal Large Rescue,Underdog Animal Rescue and Rehab,,Moab,Ut,,Out Of State,,
2021,,Pet Animal Large Rescue,Underdog Animal Rescue and Rehab,,Moab,Ut,,Out Of State,,
2022,,Pet Animal Large Rescue,Underdog Animal Rescue and Rehab,,Moab,Ut,,Out Of State,,
Licensing,,Pet Animal Large Rescue,Underdog Animal Rescue and Rehab,,Moab,Ut,,Out Of State,,
2017,,,Underdogs,,Boulder,,80305,Boulder County,39.980884,-105.251971
2018,,,Underdogs,,Boulder,,80305,Boulder County,39.980884,-105.251971
2019,,,Underdogs,,Boulder,,80305,Boulder County,39.980884,-105.251971
2020,,,Underdogs,,Boulder,,80305,Boulder County,39.980884,-105.251971
2021,,,Underdogs,,Boulder,,80305,Boulder County,39.980884,-105.251971
2022,,,Underdogs,,Boulder,,80305,Boulder County,39.980884,-105.251971
2016,,,Underdogs Animal Rescue,,Boulder,,80305,Boulder County,40.015831,-105.27927
2007,5819.0,,Union Rescue,20385 Cr Q,Fort Morgan,Co,80701.0,,,
2008,5819,,Union Rescue,20385 Cr Q,Fort Morgan,Co,80701.0,,,
2009,5819,,Union Rescue,20385 Cr Q,Fort Morgan,Co,80701.0,,,
2010,5819,,Union Rescue,20385 Cr Q,Fort Morgan,Co,80701.0,,,
2019,,Pet Animal Small Rescue,Until They're Home,,Laporte,Co,,Larimer,,
2020,,Pet Animal Small Rescue,Until They're Home,,Laporte,Co,,Larimer,,
2021,,Pet Animal Small Rescue,Until They're Home,,Laporte,Co,,Larimer,,
2022,,Pet Animal Small Rescue,Until They're Home,,Laporte,Co,,Larimer,,
2023,,Pet Animal Small Rescue,Until They're Home,,Laporte,Co,,Larimer,,
Licensing,,Pet Animal Small Rescue,Until They're Home,,Laporte,Co,,Larimer,,
2022,,,Up Pup and Away,,,,,,,
2023,,,Up Pup and Away,,,,,,,
2020,,Pet Animal Small Rescue,Up Pup and Away Inc,,Commerce City,Co,,Adams,,
Licensing,,Pet Animal Small Rescue,Up Pup and Away Inc,,Commerce City,Co,,Adams,,
2021,,,Up Pup and Away Inc.,,,,,,,
2010,6352,Pet Animal Small Shelter,Upper Rio Grande Animal Society,2825 Sherman Avenue,Monte Vista,Co,81144.0,Rio Grande County,37.574457,-106.114764
2014,6352,Pet Animal Small Shelter,Upper Rio Grande Animal Society,2825 Sherman Ave,Monte Vista ,Co,81144,Rio Grande County,37.574457,-106.114764
2015,6352,Pet Animal Small Shelter,Upper Rio Grande Animal Society,2825 Sherman Ave,Monte Vista ,Co,81144,Rio Grande County,37.574457,-106.114764
2016,6352,Pet Animal Small Shelter,Upper Rio Grande Animal Society,2825 Sherman Ave,Monte Vista,Co,81144,Rio Grande County,39.186699,-120.831703
2017,6352,Pet Animal Small Shelter,Upper Rio Grande Animal Society,2825 Sherman Ave,Monte Vista,Co,81144,Rio Grande County,37.563183,-106.130513
2018,6352,Pet Animal Small Shelter,Upper Rio Grande Animal Society,2825 Sherman Ave,Monte Vista,Co,81144,Rio Grande County,37.563183,-106.130513
2020,6352,Pet Animal Small Shelter,Upper Rio Grande Animal Society,2825 Sherman Ave,Monte Vista,Co,81144,Rio Grande County,37.563183,-106.130513
2021,6352,Pet Animal Small Shelter,Upper Rio Grande Animal Society,2825 Sherman Ave,Monte Vista,Co,81144,Rio Grande County,37.563183,-106.130513
2022,6352,Pet Animal Small Shelter,Upper Rio Grande Animal Society,2825 Sherman Ave,Monte Vista,Co,81144,Rio Grande County,37.563183,-106.130513
2023,6352,Pet Animal Small Shelter,Upper Rio Grande Animal Society,2825 Sherman Ave,Monte Vista,Co,81144,Rio Grande County,37.563183,-106.130513
Licensing,6352,Pet Animal Small Shelter,Upper Rio Grande Animal Society,2825 Sherman Ave,Monte Vista,Co,81144,Rio Grande,37.563183,-106.130513
2019,,,Upper Rio Grande Animal Society (Conour),,,,,,,
2011,6352,,Upper Rio Grande Animal Society/Conour An. Shelter,2825 Sherman Ave.,Monte Vista,Co,81144.0,,,
2012,6352.0,,Upper Rio Grande Animal Society/Conour An. Shelter,2825 Sherman Ave.,Monte Vista,Co,81144.0,,,
2013,6352,,Upper Rio Grande Animal Society/Conour An. Shelter,2825 Sherman Ave.,Monte Vista,Co,81144.0,,,
Licensing,,Pet Animal Small Shelter,Ury Enterprises LLC,,Aurora,Co,,Arapahoe,,
2007,2692.0,,"Valigura, Catherine",31187 Conifer Mt Dr,Conifer,Co,80433.0,,,
2007,2484.0,,Valley Dog Rescue,873 Colorado Ave.,Carbondale,Co,81623.0,,,
2008,2484,,Valley Dog Rescue,873 Colorado Ave.,Carbondale,Co,81623.0,,,
2009,2484,,Valley Dog Rescue,873 Colorado Ave.,Carbondale,Co,81623.0,,,
2010,2484,,Valley Dog Rescue,875 Colorado Ave,Carbondale,Co,81623.0,,,
2014,,,Valley Humane League,7038 Hwy 160 ,Alamosa ,,81101,Alamosa County,37.329372,-106.955751
2015,,,Valley Humane League,7038 Hwy 160,Alamosa ,,81101,Alamosa County,37.329372,-106.955751
2016,,,Valley Humane League,7038 Hwy 160,Alamosa,,81101,Alamosa County,37.468191,-105.874293
2017,,,Valley Humane League,7038 Hwy 160,Alamosa,,81101,Alamosa County,37.470901,-105.849477
2018,,,Valley Humane League,7038 Hwy 160,Alamosa,,81101,Alamosa County,37.470901,-105.849477
2019,,,Valley Humane League,7038 Hwy 160,Alamosa,,81101,Alamosa County,37.470901,-105.849477
2020,,,Valley Humane League,7038 Hwy 160,Alamosa,,81101,Alamosa County,37.470901,-105.849477
2007,3088.0,,"Valley Humane League, Inc.",13993 Estrella Rd.,Alamosa,Co,81101.0,,,
2008,3088,,"Valley Humane League, Inc.",13993 Estrella Rd.,Alamosa,Co,81101.0,,,
2009,3088,,"Valley Humane League, Inc.",13993 Estrella Rd.,Alamosa,Co,81101.0,,,
2010,3088,,"Valley Humane League, Inc.",13993 Estrella Rd.,Alamosa,Co,81101.0,,,
2011,3088,,"Valley Humane League, Inc.",13993 Estrella Rd.,Alamosa,Co,81101.0,,,
2012,3088.0,,"Valley Humane League, Inc.",13993 Estrella Rd.,Alamosa,Co,81101.0,,,
2013,3088,,"Valley Humane League, Inc.",13993 Estrella Rd.,Alamosa,Co,81101.0,,,
2022,,,Valley Pets,,,,,,,
2023,,,Valley Pets,,,,,,,
2008,291,,Valley Vet Clinic,7038 Hwy 160,Alamosa,Co,81101.0,,,
2009,291,,Valley Vet Clinic,7038 Hwy 160,Alamosa,Co,81101.0,,,
2010,291,,Valley Vet Clinic,7038 Hwy 160,Alamosa,Co,81101.0,,,
2011,291,,Valley Vet Clinic,7038 Hwy 160,Alamosa,Co,81101.0,,,
Licensing,,Pet Animal Small Shelter,VetCor of Colorado LLC,,Carbondale,Co,,Garfield,,
2023,,,"VetCor of Colorado Springs LLC, Red Hill Animal Health Center",,,,,,,
2008,5874,,Vibrant Pet Animal Hospital,25628 Cr L,Cortez,Co,81321.0,,,
2009,5874,,Vibrant Pet Animal Hospital,25628 Cr L,Cortez,Co,81321.0,,,
2010,5874,,Vibrant Pet Animal Hospital,25628 Rdl,Cortez,Co,81321.0,,,
2011,5874,,Vibrant Pet Animal Hospital,25628 Cr L,Cortez,Co,81321.0,,,
2012,5874.0,,Vibrant Pet Animal Hospital,25628 Cr L,Cortez,Co,81321.0,,,
2013,5874,,Vibrant Pet Animal Hospital,25628 Cr L,Cortez,Co,81321.0,,,
2021,,,"Vibrant Pet, LLC",,,,,,,
2007,4791.0,,"Vice, Patricia",82 Kunkle St.,Genoa,Co,80818.0,,,
2008,4791,,"Vice, Patricia",82 Kunkle St.,Genoa,Co,80818.0,,,
2009,4791,,"Vice, Patricia",82 Kunkle St.,Genoa,Co,80818.0,,,
2011,4791,,"Vice, Patricia",82 Kunkle St.,Genoa,Co,80818.0,,,
2012,4791.0,,"Vice, Patricia",82 Kunkle St.,Genoa,Co,80818.0,,,
2013,4791,,"Vice, Patricia",82 Kunkle St.,Genoa,Co,80818.0,,,
2022,,,Victory Service Dogs,,,,,,,
2020,,,Victory Service Dogs Inc,,,,,,,
2021,,,Victory Service Dogs Inc,,,,,,,
2019,,,Victory Service Dogs Inc.,,,,,,,
2007,4773.0,,Vintage Dog Rescue,19 N. Ranch Rd.,Littleton,Co,80127.0,,,
2008,4773,,Vintage Dog Rescue,19 N. Ranch Rd.,Littleton,Co,80127.0,,,
2009,4773,,Vintage Dog Rescue,19 N. Ranch Rd.,Littleton,Co,80127.0,,,
2010,4773,,Vintage Dog Rescue,19 N. Ranch Rd.,Littleton,Co,80127.0,,,
2011,4773,,Vintage Dog Rescue,19 N. Ranch Rd.,Littleton,Co,80127.0,,,
2012,4773.0,,Vintage Dog Rescue,19 N. Ranch Rd.,Littleton,Co,80127.0,,,
2013,4773,,Vintage Dog Rescue,19 N. Ranch Rd.,Littleton,Co,80127.0,,,
2021,,,Vintage Dog Rescue Inc,,,,,,,
2022,,,Vintage Dog Rescue Inc,,,,,,,
2018,,Pet Animal Small Rescue,"Vintage Dog Rescue, Inc",,Littleton,Co,,Jefferson County,,
2020,,Pet Animal Small Rescue,"Vintage Dog Rescue, Inc",,Littleton,Co,,Jefferson County,,
Licensing,,Pet Animal Small Rescue,"Vintage Dog Rescue, Inc",,Littleton,Co,,Jefferson,,
2015,,,"Vintage Dog Rescue, Inc.",19 North Ranch Road,Littleton,,80127,Jefferson County,39.612653,-105.016198
2016,,,"Vintage Dog Rescue, Inc.",19 North Ranch Road,Littleton,,80127,Jefferson County,39.612653,-105.016198
2017,,,"Vintage Dog Rescue, Inc.",19 North Ranch Road,Littleton,,80127,Jefferson County,39.572458,-105.141992
2019,,,"Vintage Dog Rescue, Inc.",19 North Ranch Road,Littleton,,80127,Jefferson County,39.572458,-105.141992
2023,,,"Vintage Dog Rescue, Inc.",19 North Ranch Road,Littleton,,80127,Jefferson County,39.572458,-105.141992
2016,,,Voices Of The Wild Foundation,,Montrose,,81403,Montrose County,38.478034,-107.876806
2014,,,Voices of the Wild Foundation,60169 La Salle Rd,Montrose ,,81403,Montrose County,38.508427,-107.964115
2015,,,Voices of the Wild Foundation,60169 La Salle Road,Montrose ,,81403,Montrose County,38.508427,-107.964115
2007,1793.0,,Volunteers For Inter-Valley Animals,2039 Randall Rd,Pueblo,Co,81008.0,,,
2008,1793,,Volunteers For Inter-Valley Animals,2039 Randall Rd,Pueblo,Co,81008.0,,,
2009,1793,,Volunteers For Inter-Valley Animals,2039 Randall Rd,Pueblo,Co,81008.0,,,
2010,1793,,Volunteers For Inter-Valley Animals,2039 Randall Rd,Pueblo,Co,81008.0,,,
2011,1793,,Volunteers For Inter-Valley Animals,2039 Randall Rd,Pueblo,Co,81008.0,,,
2012,1793.0,,Volunteers For Inter-Valley Animals,2039 Randall Rd,Pueblo,Co,81008.0,,,
2013,1793,,Volunteers For Inter-Valley Animals,2039 Randall Rd,Pueblo,Co,81008.0,,,
Licensing,,Pet Animal Sanctuary,W. O. L. F.,,Livermore,Co,,Larimer,,
2007,2597.0,,W.O.L.F.,1693 Spring Valley Rd.,Bellvue,Co,80512.0,Larimer County,,
2008,2597,,W.O.L.F.,1693 Spring Valley Rd.,Bellvue,Co,80512.0,Larimer County,,
2009,2597,,W.O.L.F.,1693 Spring Valley Rd.,Bellvue,Co,80512.0,Larimer County,,
2010,2597,,W.O.L.F.,15711 Rist Canyon Rd,Belvue,Co,80512.0,Larimer County,,
2011,2597,,W.O.L.F.,1693 Spring Valley Rd.,Bellvue,Co,80512.0,Larimer County,,
2012,2597.0,,W.O.L.F.,1693 Spring Valley Rd.,Bellvue,Co,80512.0,Larimer County,,
2013,2597,,W.O.L.F.,1693 Spring Valley Rd.,Bellvue,Co,80512.0,Larimer County,,
2018,2597,,W.O.L.F.,1693 Spring Valley Rd.,Bellvue,Co,80512.0,Larimer County,,
2019,2597,,W.O.L.F.,1693 Spring Valley Rd.,Bellvue,Co,80512.0,Larimer County,,
2020,2597,,W.O.L.F.,1693 Spring Valley Rd.,Bellvue,Co,80512.0,Larimer County,,
2021,,,W.O.L.F. Sanctuary,,,,,,,
2023,,,W.O.L.F. Sanctuary,,,,,,,
2014,,,Waggin Tails Canine Rescue,23404 E Dorado Pl #1D,Aurora ,,80016,Arapahoe County,39.613967,-104.715301
2015,,,Waggin Tails Canine Rescue,23404 E Dorado Pl #1D,Aurora ,,80016,Arapahoe County,39.613967,-104.715301
2019,,Pet Animal Small Rescue,Wagging Dog Rescue,,Colorado Springs,Co,,El Paso,,
2020,,Pet Animal Small Rescue,Wagging Dog Rescue,,Colorado Springs,Co,,El Paso,,
2021,,Pet Animal Small Rescue,Wagging Dog Rescue,,Colorado Springs,Co,,El Paso,,
2022,,Pet Animal Small Rescue,Wagging Dog Rescue,,Colorado Springs,Co,,El Paso,,
2023,,Pet Animal Small Rescue,Wagging Dog Rescue,,Colorado Springs,Co,,El Paso,,
Licensing,,Pet Animal Small Rescue,Wagging Dog Rescue,,Colorado Springs,Co,,El Paso,,
2021,,,Wags & Whiskers Grooming/Boarding,,,,,,,
2017,,,Walsenburg Animal Shelter,,Walsenburg,,81089,Huerfano County,37.654968,-104.803148
2023,,,Walsenburg Animal Shelter,,Walsenburg,,81089,Huerfano County,37.654968,-104.803148
2018,,,Walsh Police Department ,,,,,Baca County,,
2017,,,Western Australian Shepherd Rescue,,Denver,,80210,Denver County,39.679179,-104.963089
2018,,,Western Australian Shepherd Rescue,,Denver,,80210,Denver County,39.679179,-104.963089
2020,,,Western Australian Shepherd Rescue,,Denver,,80210,Denver County,39.679179,-104.963089
2021,,,Western Australian Shepherd Rescue,,Denver,,80210,Denver County,39.679179,-104.963089
2022,,,Western Australian Shepherd Rescue,,Denver,,80210,Denver County,39.679179,-104.963089
2020,,Pet Animal Small Rescue,Western Border Collie Rescue,,Westminster,Co,,Adams,,
2021,,Pet Animal Small Rescue,Western Border Collie Rescue,,Westminster,Co,,Adams,,
2022,,Pet Animal Small Rescue,Western Border Collie Rescue,,Westminster,Co,,Adams,,
2023,,Pet Animal Small Rescue,Western Border Collie Rescue,,Westminster,Co,,Adams,,
Licensing,,Pet Animal Small Rescue,Western Border Collie Rescue,,Westminster,Co,,Adams,,
2019,,,Westie Rescue Network,,,,,,,
2007,1317.0,,"Westie Rescue Network, Inc",7895 Mustang Rd.,Colorado Springs,Co,80908.0,,,
2008,1317,,"Westie Rescue Network, Inc",7895 Mustang Rd.,Colorado Springs,Co,80908.0,,,
2009,1317,,"Westie Rescue Network, Inc",7895 Mustang Rd.,Colorado Springs,Co,80908.0,,,
2010,1317,,"Westie Rescue Network, Inc",7895 Mustang Rd.,Colorado Springs,Co,80908.0,,,
2011,1317,,"Westie Rescue Network, Inc",7895 Mustang Rd.,Colorado Springs,Co,80908.0,,,
2012,1317.0,,"Westie Rescue Network, Inc",7895 Mustang Rd.,Colorado Springs,Co,80908.0,,,
2013,1317,,"Westie Rescue Network, Inc",7895 Mustang Rd.,Colorado Springs,Co,80908.0,,,
2014,,Pet Animal Small Rescue,"Westie Rescue Network, Inc.",11160 Pinevale Lane,Franktown ,Co,80116,Douglas County,39.341896,-104.679319
2015,,Pet Animal Small Rescue,"Westie Rescue Network, Inc.",2704 Windemere Lane,Franktown ,Co,80516,Weld County,39.341896,-104.679319
2016,,Pet Animal Small Rescue,"Westie Rescue Network, Inc.",2704 Windemere Lane,Erie,Co,80516,Weld County,42.127951,-80.08258
2017,,Pet Animal Small Rescue,"Westie Rescue Network, Inc.",2704 Windemere Lane,Lafayette,Co,80026,Boulder County,40.003145,-105.101742
2018,,Pet Animal Small Rescue,"Westie Rescue Network, Inc.",2704 Windemere Lane,Lafayette,Co,80026,Weld County,40.003145,-105.101742
2020,,Pet Animal Small Rescue,"Westie Rescue Network, Inc.",2704 Windemere Lane,Lafayette,Co,80026,Weld County,40.003145,-105.101742
2021,,Pet Animal Small Rescue,"Westie Rescue Network, Inc.",2704 Windemere Lane,Lafayette,Co,80026,Weld County,40.003145,-105.101742
2022,,Pet Animal Small Rescue,"Westie Rescue Network, Inc.",2704 Windemere Lane,Lafayette,Co,80026,Weld County,40.003145,-105.101742
2023,,Pet Animal Small Rescue,"Westie Rescue Network, Inc.",2704 Windemere Lane,Lafayette,Co,80026,Weld County,40.003145,-105.101742
Licensing,,Pet Animal Small Rescue,"Westie Rescue Network, Inc.",2704 Windemere Lane,Erie,Co,80026,Weld,40.003145,-105.101742
2018,,,Wet Mountain Animal Welfare,,,,,Custer County,,
2019,,,Wet Mountain Animal Welfare,,,,,Custer County,,
2020,,,Wet Mountain Animal Welfare,,,,,Custer County,,
Licensing,,Pet Animal Small Rescue,Wet Mountain Animal Welfare LLC,,Wescliffe,Co,,Custer,,
2021,,,"Wet Mountain Animal Welfare, LLC",,,,,,,
2022,,,"Wet Mountain Animal Welfare, LLC",,,,,,,
2023,,,"Wet Mountain Animal Welfare, LLC",,,,,,,
2022,,,Whimpers to Wags Inc,,,,,,,
2023,,,Whimpers to Wags Inc,,,,,,,
2021,,Pet Animal Small Rescue,"Whimpers to Wags Rescue, Inc.",,Colorado Springs,Co,,El Paso,,
Licensing,,Pet Animal Small Rescue,"Whimpers to Wags Rescue, Inc.",,Colorado Springs,Co,,El Paso,,
2020,,,"Whimpers to wags Rescue, Inc",,,,,,,
2023,,Pet Animal Small Rescue,White Rose Sanctuary,,Colorado Springs,Co,,El Paso,,
Licensing,,Pet Animal Small Rescue,White Rose Sanctuary,,Colorado Springs,Co,,El Paso,,
2009,6356,,Wild Blue Animal Rescue & Sanctuary,5975 Burgess Road,Colorado Springs,Co,80908.0,El Paso County,38.998294,-104.716323
2010,6356,,Wild Blue Animal Rescue & Sanctuary,5975 Burgess Road,Colorado Springs,Co,80908.0,El Paso County,38.998294,-104.716323
2011,6356,,Wild Blue Animal Rescue & Sanctuary,5975 Burgess Road,Colorado Springs,Co,80908.0,El Paso County,38.998294,-104.716323
2012,6356.0,,Wild Blue Animal Rescue & Sanctuary,5975 Burgess Road,Colorado Springs,Co,80908.0,El Paso County,38.998294,-104.716323
2013,6356,,Wild Blue Animal Rescue & Sanctuary,5975 Burgess Road,Colorado Springs,Co,80908.0,El Paso County,38.998294,-104.716323
2014,6356,,Wild Blue Animal Rescue & Sanctuary,5975 Burgess Rd,Colo Spgs ,Co,80908,El Paso County,38.998294,-104.716323
2015,,,Wild Blue Animal Rescue and Sanctuary,5975 Burgess Rd,Colorado Springs,,80908,El Paso County,38.835224,-104.819798
2016,,,Wild Blue Animal Rescue and Sanctuary,5975 Burgess Rd,Colorado Springs,,80908,El Paso County,38.835224,-104.819798
2017,,,Wild Blue Animal Rescue and Sanctuary,5975 Burgess Rd,Colorado Springs,,80908,El Paso County,39.035907,-104.698606
2023,,,Wild Blue Cats,,,,,,,
2018,,Pet Animal Small Shelter,Wild Blue Cats!,,Colorado Springs,Co,,El Paso County,,
2019,,Pet Animal Small Shelter,Wild Blue Cats!,,Colorado Springs,Co,,El Paso County,,
2020,,Pet Animal Small Shelter,Wild Blue Cats!,,Colorado Springs,Co,,El Paso County,,
2021,,Pet Animal Small Shelter,Wild Blue Cats!,,Colorado Springs,Co,,El Paso County,,
2022,,Pet Animal Small Shelter,Wild Blue Cats!,,Colorado Springs,Co,,El Paso County,,
Licensing,,Pet Animal Small Shelter,Wild Blue Cats!,,Colorado Springs,Co,,El Paso,,
2020,,,Wild Things Exotic Pets,,,,,,,
2021,,,Wild Things Exotic Pets,,,,,,,
Licensing,,Pet Animal Small Rescue,Wild West Pet Rescue & Transport,,Fort Collins,Co,,Larimer,,
2023,,Pet Animal Sanctuary,Wild Willow Sanctuary,,Kersey,Co,,Weld,,
Licensing,,Pet Animal Sanctuary,Wild Willow Sanctuary,,Kersey,Co,,Weld,,
2023,,,William Adamson,,,,,,,
2022,,,William Adamson/Six Paws Sanctuary,,,,,,,
2018,,,William C Adamson,,,,,El Paso County,,
2019,,,William C Adamson,,,,,El Paso County,,
2016,,,Willow Run,,Broomfield,,80020,Broomfield County,39.923985,-105.081661
2019,,,Willow Run Feed and Supply,,,,,,,
2020,,,Willow Run Feed and Supply,,,,,,,
2021,,,Willow Run Feed and Supply,,,,,,,
2022,,,Willow Run Feed and Supply,,,,,,,
2023,,,Willow Run Feed and Supply,,,,,,,
2015,,,Willow Run Feed and Supply Store,5700 W 120th Ave,,,80020,Broomfield County,,
2018,,,"Willow Run, Ltd.",,,,,Broomfield County,,
2008,6118,,Windrock Inc.,3326 F Rd,Clifton,Co,81520.0,,,
2009,6118,,Windrock Inc.,3326 F Rd,Clifton,Co,81520.0,,,
2010,6118,,Windrock Inc.,3326 F Rd,Clifton,Co,81520.0,,,
2011,6118,,Windrock Inc.,3326 F Rd,Clifton,Co,81520.0,,,
2012,6118.0,,Windrock Inc.,3326 F Rd,Clifton,Co,81520.0,,,
2013,6118,,Windrock Inc.,3326 F Rd,Clifton,Co,81520.0,,,
2007,4915.0,,Wiseguys Italian Greyhound Rescue,16111 W. 56Th Pl.,Golden,Co,80403.0,,,
2008,4915,,Wiseguys Italian Greyhound Rescue,16111 W. 56Th Pl.,Golden,Co,80403.0,,,
2009,4915,,Wiseguys Italian Greyhound Rescue,16111 W. 56Th Pl.,Golden,Co,80403.0,,,
2018,,Pet Animal Small Shelter,Wolf Wood,,Ignacio,Co,,La Plata County,,
2019,,Pet Animal Small Shelter,Wolf Wood,,Ignacio,Co,,La Plata County,,
2022,,Pet Animal Small Shelter,Wolf Wood,,Ignacio,Co,,La Plata County,,
Licensing,,Pet Animal Small Shelter,Wolf Wood,,Ignacio,Co,,La Plata,,
2015,,,WolfWood,4352 Cr 318,Ignacio,,81137,La Plata County,37.090625,-107.62142
2017,,,WolfWood,4352 Cr 318,Ignacio,,81137,La Plata County,37.090625,-107.62142
2023,,,WolfWood,4352 Cr 318,Ignacio,,81137,La Plata County,37.090625,-107.62142
2007,4161.0,,Wolfwood,4352 Cr 318,Ignacio,Co,81137.0,La Plata County,37.096745,-107.730014
2008,4161,,Wolfwood,4352 Cr 318,Ignacio,Co,81137.0,La Plata County,37.096745,-107.730014
2009,4161,,Wolfwood,4352 Cr 318,Ignacio,Co,81137.0,La Plata County,37.096745,-107.730014
2010,4161,,Wolfwood,4352 Cr 318,Ignacio,Co,81137.0,La Plata County,37.096745,-107.730014
2011,4161,,Wolfwood,4352 Cr 318,Ignacio,Co,81137.0,La Plata County,37.096745,-107.730014
2012,4161.0,,Wolfwood,4352 Cr 318,Ignacio,Co,81137.0,La Plata County,37.096745,-107.730014
2013,4161,,Wolfwood,4352 Cr 318,Ignacio,Co,81137.0,La Plata County,37.096745,-107.730014
2014,4161,,Wolfwood,4352 County Rd 318,Ignacio ,Co,81137,La Plata County,37.096745,-107.730014
2016,4161,,Wolfwood,4352 County Rd 318,Ignacio,Co,81137,La Plata County,38.070301,-122.537498
2020,4161,,Wolfwood,4352 County Rd 318,Ignacio,Co,81137,La Plata County,38.070301,-122.537498
2021,4161,,Wolfwood,4352 County Rd 318,Ignacio,Co,81137,La Plata County,38.070301,-122.537498
2007,1208.0,,Woodmen Kennels,6440 N. Vincent Dr.,Colorado Springs,Co,80918.0,,,
Licensing,,Pet Animal Large Rescue,Woof and Willow Company,,Mead,Co,,Weld,,
2019,,,"X And B Pets, Inc. dba Perfect Pets",,,,,,,
2017,,,X and B Pets INC.,,Centennial,,80122,Arapahoe County,39.58058,-104.956429
2018,,Pet Animal Small Shelter,"X and B Pets, Inc.",,Centennial,Co,,Arapahoe County,,
Licensing,,Pet Animal Small Shelter,"X and B Pets, Inc.",,Centennial,Co,,Arapahoe,,
Licensing,,Pet Animal Large Rescue,Yoga Animals Rescue Foundation,,Westminster,Co,,Adams,,
2008,6066,,Yorkie Rescue of Colorado,634 Meadowood St.,Grand Junction,Co,81504.0,,,
2009,6066,,Yorkie Rescue of Colorado,634 Meadowood St.,Grand Junction,Co,81504.0,,,
2014,,,iResQ,28000 Meadow Dr,Evergreen ,,80439,Jefferson County,39.637856,-105.318442
2019,,,iResQ,28000 Meadow Dr,Evergreen ,,80439,Jefferson County,39.637856,-105.318442
2022,,,iResQ,28000 Meadow Dr,Evergreen ,,80439,Jefferson County,39.637856,-105.318442
2015,,Pet Animal Large Rescue,iResQ RR,28000 Meadow Dr,Evergreen,Co,80439,Jefferson County,39.633517,-105.328888
2016,,Pet Animal Large Rescue,iResQ RR,28000 Meadow Dr,Evergreen,Co,80439,Jefferson County,39.633517,-105.328888
2017,,Pet Animal Large Rescue,iResQ RR,28000 Meadow Dr,Evergreen,Co,80439,Jefferson County,39.647716,-105.362296
2018,,Pet Animal Large Rescue,iResQ RR,28000 Meadow Dr,Evergreen,Co,80439,Jefferson County,39.647716,-105.362296
2021,,Pet Animal Large Rescue,iResQ RR,28000 Meadow Dr,Evergreen,Co,80439,Jefferson County,39.647716,-105.362296
2023,,Pet Animal Large Rescue,iResQ RR,28000 Meadow Dr,Evergreen,Co,80439,Jefferson County,39.647716,-105.362296
Licensing,,Pet Animal Large Rescue,iResQ RR,28000 Meadow Dr,Golden,Co,80439,Jefferson,39.647716,-105.362296
2020,,,iResQRR,,,,,,,
Licensing,,Pet Animal Small Shelter,pranaDOGS Behavior & Rehab Center,,Durango,Co,,La Plata,,
2023,,,pranaDOGS Behavior & Rehab Ctr,,,,,,,
2023,,,the Meeker Cat Coalition,,,,,,,
